Initializing database at /data/codeql_db/xwiki__xwiki-rendering_CVE-2023-32070_14.6.
Running build command: [mvn, -Denforcer.skip, -Dmaven.compiler.fork=true, clean, package, -DskipTests]
[2025-12-11 20:11:01] [build-stdout] [INFO] Scanning for projects...
[2025-12-11 20:11:06] [build-stdout] [INFO] ------------------------------------------------------------------------
[2025-12-11 20:11:06] [build-stdout] [INFO] Reactor Build Order:
[2025-12-11 20:11:06] [build-stdout] [INFO] 
[2025-12-11 20:11:06] [build-stdout] [INFO] XWiki Rendering - Parent POM
[2025-12-11 20:11:06] [build-stdout] [INFO] XWiki Rendering - Api
[2025-12-11 20:11:06] [build-stdout] [INFO] XWiki Rendering - XML
[2025-12-11 20:11:06] [build-stdout] [INFO] XWiki Rendering - WikiModel
[2025-12-11 20:11:06] [build-stdout] [INFO] XWiki Rendering - Syntaxes - Parent POM
[2025-12-11 20:11:06] [build-stdout] [INFO] XWiki Rendering - Syntax - XDOM+XML Current
[2025-12-11 20:11:06] [build-stdout] [INFO] XWiki Rendering - Test Framework
[2025-12-11 20:11:06] [build-stdout] [INFO] XWiki Rendering - Syntax - Event
[2025-12-11 20:11:06] [build-stdout] [INFO] XWiki Rendering - Syntax - Plain
[2025-12-11 20:11:06] [build-stdout] [INFO] XWiki Rendering - Syntax - WikiModel Bridge
[2025-12-11 20:11:06] [build-stdout] [INFO] XWiki Rendering - Syntax - XWiki 2.0
[2025-12-11 20:11:06] [build-stdout] [INFO] XWiki Rendering - Syntax - XWiki 2.1
[2025-12-11 20:11:06] [build-stdout] [INFO] XWiki Rendering - Syntax - XHTML
[2025-12-11 20:11:06] [build-stdout] [INFO] XWiki Rendering - Transformations - Parent POM
[2025-12-11 20:11:06] [build-stdout] [INFO] XWiki Rendering - Transformation - Macro
[2025-12-11 20:11:06] [build-stdout] [INFO] XWiki Rendering - Macro Archetype
[2025-12-11 20:11:06] [build-stdout] [INFO] XWiki Rendering - Syntax - Annotated XHTML
[2025-12-11 20:11:06] [build-stdout] [INFO] XWiki Rendering - Syntax - Doxia Bridge
[2025-12-11 20:11:06] [build-stdout] [INFO] XWiki Rendering - Syntax - DocBook
[2025-12-11 20:11:06] [build-stdout] [INFO] XWiki Rendering - Syntax - JSPWiki
[2025-12-11 20:11:06] [build-stdout] [INFO] XWiki Rendering - Syntax - Creole
[2025-12-11 20:11:06] [build-stdout] [INFO] XWiki Rendering - Syntax - TWiki
[2025-12-11 20:11:06] [build-stdout] [INFO] XWiki Rendering - Syntax - HTML
[2025-12-11 20:11:06] [build-stdout] [INFO] XWiki Rendering - Syntax - XHTML5
[2025-12-11 20:11:06] [build-stdout] [INFO] XWiki Rendering - Macros - Parent POM
[2025-12-11 20:11:06] [build-stdout] [INFO] XWiki Rendering - Macro - Figure
[2025-12-11 20:11:06] [build-stdout] [INFO] XWiki Rendering - Syntax - HTML5
[2025-12-11 20:11:06] [build-stdout] [INFO] XWiki Rendering - Syntax - XDOM+XML 1.0
[2025-12-11 20:11:06] [build-stdout] [INFO] XWiki Rendering - Macro - Box
[2025-12-11 20:11:06] [build-stdout] [INFO] XWiki Rendering - Integration Tests
[2025-12-11 20:11:06] [build-stdout] [INFO] XWiki Rendering - Macro - Comment
[2025-12-11 20:11:06] [build-stdout] [INFO] XWiki Rendering - Macro - Content
[2025-12-11 20:11:06] [build-stdout] [INFO] XWiki Rendering - Macro - CTS Report
[2025-12-11 20:11:06] [build-stdout] [INFO] XWiki Rendering - Macro - Message
[2025-12-11 20:11:06] [build-stdout] [INFO] XWiki Rendering - Macro - Footnotes
[2025-12-11 20:11:06] [build-stdout] [INFO] XWiki Rendering - Macro - Toc
[2025-12-11 20:11:06] [build-stdout] [INFO] XWiki Rendering - Syntax - Annotated HTML5
[2025-12-11 20:11:06] [build-stdout] [INFO] XWiki Rendering - Macro - HTML
[2025-12-11 20:11:06] [build-stdout] [INFO] XWiki Rendering - Macro - Id
[2025-12-11 20:11:06] [build-stdout] [INFO] XWiki Rendering - Macro - Raw
[2025-12-11 20:11:06] [build-stdout] [INFO] XWiki Rendering - Syntax - APT
[2025-12-11 20:11:06] [build-stdout] [INFO] XWiki Rendering - Transformation - Icon
[2025-12-11 20:11:06] [build-stdout] [INFO] XWiki Rendering - Transformation - WikiWord
[2025-12-11 20:11:06] [build-stdout] [INFO] XWiki Rendering - Transformation - Link Checker
[2025-12-11 20:11:06] [build-stdout] [INFO] 
[2025-12-11 20:11:06] [build-stdout] [INFO] ------------------------------------------------------------------------
[2025-12-11 20:11:06] [build-stdout] [INFO] Building XWiki Rendering - Parent POM 14.6
[2025-12-11 20:11:06] [build-stdout] [INFO] ------------------------------------------------------------------------
[2025-12-11 20:11:06] [build-stdout] [INFO] 
[2025-12-11 20:11:06] [build-stdout] [INFO] --- maven-clean-plugin:3.2.0:clean (default-clean) @ xwiki-rendering ---
[2025-12-11 20:11:06] [build-stdout] [INFO] Deleting /data/iris_projects/xwiki__xwiki-rendering_CVE-2023-32070_14.6/target
[2025-12-11 20:11:06] [build-stdout] [INFO] 
[2025-12-11 20:11:06] [build-stdout] [INFO] --- maven-enforcer-plugin:1.4.1:enforce (enforce-plugins) @ xwiki-rendering ---
[2025-12-11 20:11:06] [build-stdout] [INFO] 
[2025-12-11 20:11:06] [build-stdout] [INFO] --- maven-enforcer-plugin:1.4.1:enforce (enforce-jcl-log4j-isolation) @ xwiki-rendering ---
[2025-12-11 20:11:06] [build-stdout] [INFO] 
[2025-12-11 20:11:06] [build-stdout] [INFO] --- maven-enforcer-plugin:1.4.1:enforce (enforce-jakarta.xml.bind-api) @ xwiki-rendering ---
[2025-12-11 20:11:06] [build-stdout] [INFO] 
[2025-12-11 20:11:06] [build-stdout] [INFO] --- maven-enforcer-plugin:1.4.1:enforce (enforce-glasshfish-jaxb) @ xwiki-rendering ---
[2025-12-11 20:11:06] [build-stdout] [INFO] 
[2025-12-11 20:11:06] [build-stdout] [INFO] --- maven-enforcer-plugin:1.4.1:enforce (enforce-jaxrs1) @ xwiki-rendering ---
[2025-12-11 20:11:06] [build-stdout] [INFO] 
[2025-12-11 20:11:06] [build-stdout] [INFO] --- maven-enforcer-plugin:1.4.1:enforce (enforce-open-json) @ xwiki-rendering ---
[2025-12-11 20:11:06] [build-stdout] [INFO] 
[2025-12-11 20:11:06] [build-stdout] [INFO] --- maven-enforcer-plugin:1.4.1:enforce (enforce-glassfish-el) @ xwiki-rendering ---
[2025-12-11 20:11:06] [build-stdout] [INFO] 
[2025-12-11 20:11:06] [build-stdout] [INFO] --- maven-enforcer-plugin:1.4.1:enforce (enforce-commons-lang3) @ xwiki-rendering ---
[2025-12-11 20:11:06] [build-stdout] [INFO] 
[2025-12-11 20:11:06] [build-stdout] [INFO] --- maven-enforcer-plugin:1.4.1:enforce (enforce-commons-configuration2) @ xwiki-rendering ---
[2025-12-11 20:11:06] [build-stdout] [INFO] 
[2025-12-11 20:11:06] [build-stdout] [INFO] --- maven-enforcer-plugin:1.4.1:enforce (enforce-jakarta.activation-api) @ xwiki-rendering ---
[2025-12-11 20:11:06] [build-stdout] [INFO] 
[2025-12-11 20:11:06] [build-stdout] [INFO] --- maven-enforcer-plugin:1.4.1:enforce (enforce-jakarta.activation) @ xwiki-rendering ---
[2025-12-11 20:11:06] [build-stdout] [INFO] 
[2025-12-11 20:11:06] [build-stdout] [INFO] --- maven-enforcer-plugin:1.4.1:enforce (enforce-jakarta.mail-api) @ xwiki-rendering ---
[2025-12-11 20:11:06] [build-stdout] [INFO] 
[2025-12-11 20:11:06] [build-stdout] [INFO] --- maven-enforcer-plugin:1.4.1:enforce (enforce-jakarta.mail) @ xwiki-rendering ---
[2025-12-11 20:11:06] [build-stdout] [INFO] 
[2025-12-11 20:11:06] [build-stdout] [INFO] --- maven-enforcer-plugin:1.4.1:enforce (enforce-jakarta.annotation-api) @ xwiki-rendering ---
[2025-12-11 20:11:06] [build-stdout] [INFO] 
[2025-12-11 20:11:06] [build-stdout] [INFO] --- maven-enforcer-plugin:1.4.1:enforce (enforce-bouncycastle-ids) @ xwiki-rendering ---
[2025-12-11 20:11:06] [build-stdout] [INFO] 
[2025-12-11 20:11:06] [build-stdout] [INFO] --- maven-enforcer-plugin:1.4.1:enforce (enforce-velocity-engine-core) @ xwiki-rendering ---
[2025-12-11 20:11:06] [build-stdout] [INFO] 
[2025-12-11 20:11:06] [build-stdout] [INFO] --- maven-enforcer-plugin:1.4.1:enforce (enforce-asm) @ xwiki-rendering ---
[2025-12-11 20:11:06] [build-stdout] [INFO] 
[2025-12-11 20:11:06] [build-stdout] [INFO] --- maven-enforcer-plugin:1.4.1:enforce (enforce-cglib) @ xwiki-rendering ---
[2025-12-11 20:11:06] [build-stdout] [INFO] 
[2025-12-11 20:11:06] [build-stdout] [INFO] --- maven-enforcer-plugin:1.4.1:enforce (enforce-javase-dependencies) @ xwiki-rendering ---
[2025-12-11 20:11:06] [build-stdout] [INFO] 
[2025-12-11 20:11:06] [build-stdout] [INFO] --- maven-enforcer-plugin:1.4.1:enforce (enforce-jsr305) @ xwiki-rendering ---
[2025-12-11 20:11:06] [build-stdout] [INFO] 
[2025-12-11 20:11:06] [build-stdout] [INFO] --- maven-enforcer-plugin:1.4.1:enforce (enforce-jta) @ xwiki-rendering ---
[2025-12-11 20:11:06] [build-stdout] [INFO] 
[2025-12-11 20:11:06] [build-stdout] [INFO] --- maven-enforcer-plugin:1.4.1:enforce (enforce-jakarta.validation-api) @ xwiki-rendering ---
[2025-12-11 20:11:06] [build-stdout] [INFO] 
[2025-12-11 20:11:06] [build-stdout] [INFO] --- maven-enforcer-plugin:1.4.1:enforce (enforce-hibernate-validator) @ xwiki-rendering ---
[2025-12-11 20:11:07] [build-stdout] [INFO] 
[2025-12-11 20:11:07] [build-stdout] [INFO] --- maven-enforcer-plugin:1.4.1:enforce (enforce-upper-bounds) @ xwiki-rendering ---
[2025-12-11 20:11:07] [build-stdout] [INFO] 
[2025-12-11 20:11:07] [build-stdout] [INFO] --- maven-enforcer-plugin:1.4.1:enforce (enforce-no-legacy-dependencies) @ xwiki-rendering ---
[2025-12-11 20:11:07] [build-stdout] [INFO] 
[2025-12-11 20:11:07] [build-stdout] [INFO] --- maven-enforcer-plugin:1.4.1:enforce (enforce-valid-poms) @ xwiki-rendering ---
[2025-12-11 20:11:07] [build-stdout] [INFO] 
[2025-12-11 20:11:07] [build-stdout] [INFO] --- maven-enforcer-plugin:1.4.1:enforce (enforce-platform-isolation) @ xwiki-rendering ---
[2025-12-11 20:11:07] [build-stdout] [INFO] 
[2025-12-11 20:11:07] [build-stdout] [INFO] --- maven-enforcer-plugin:1.4.1:enforce (check-dependency-version) @ xwiki-rendering ---
[2025-12-11 20:11:07] [build-stdout] [INFO] 
[2025-12-11 20:11:07] [build-stdout] [INFO] --- xwiki-commons-tool-remote-resource-plugin:14.6:process (xwiki-license-resources) @ xwiki-rendering ---
[2025-12-11 20:11:07] [build-stdout] [INFO] Preparing remote bundle org.xwiki.commons:xwiki-commons-tool-license-resources:14.6
[2025-12-11 20:11:07] [build-stdout] [INFO] Copying 2 resources from 1 bundle.
[2025-12-11 20:11:07] [build-stdout] [INFO] 
[2025-12-11 20:11:07] [build-stdout] [INFO] --- maven-bundle-plugin:5.1.6:manifest (bundle-manifest) @ xwiki-rendering ---
[2025-12-11 20:11:07] [build-stdout] [WARNING] Ignoring project type pom - supportedProjectTypes = [jar, bundle]
[2025-12-11 20:11:07] [build-stdout] [INFO] 
[2025-12-11 20:11:07] [build-stdout] [INFO] ------------------------------------------------------------------------
[2025-12-11 20:11:07] [build-stdout] [INFO] Building XWiki Rendering - Api 14.6
[2025-12-11 20:11:07] [build-stdout] [INFO] ------------------------------------------------------------------------
[2025-12-11 20:11:08] [build-stdout] [INFO] 
[2025-12-11 20:11:08] [build-stdout] [INFO] --- maven-clean-plugin:3.2.0:clean (default-clean) @ xwiki-rendering-api ---
[2025-12-11 20:11:08] [build-stdout] [INFO] Deleting /data/iris_projects/xwiki__xwiki-rendering_CVE-2023-32070_14.6/xwiki-rendering-api/target
[2025-12-11 20:11:08] [build-stdout] [INFO] 
[2025-12-11 20:11:08] [build-stdout] [INFO] --- maven-enforcer-plugin:1.4.1:enforce (enforce-plugins) @ xwiki-rendering-api ---
[2025-12-11 20:11:08] [build-stdout] [INFO] 
[2025-12-11 20:11:08] [build-stdout] [INFO] --- maven-enforcer-plugin:1.4.1:enforce (enforce-jcl-log4j-isolation) @ xwiki-rendering-api ---
[2025-12-11 20:11:08] [build-stdout] [INFO] 
[2025-12-11 20:11:08] [build-stdout] [INFO] --- maven-enforcer-plugin:1.4.1:enforce (enforce-jakarta.xml.bind-api) @ xwiki-rendering-api ---
[2025-12-11 20:11:08] [build-stdout] [INFO] 
[2025-12-11 20:11:08] [build-stdout] [INFO] --- maven-enforcer-plugin:1.4.1:enforce (enforce-glasshfish-jaxb) @ xwiki-rendering-api ---
[2025-12-11 20:11:08] [build-stdout] [INFO] 
[2025-12-11 20:11:08] [build-stdout] [INFO] --- maven-enforcer-plugin:1.4.1:enforce (enforce-jaxrs1) @ xwiki-rendering-api ---
[2025-12-11 20:11:08] [build-stdout] [INFO] 
[2025-12-11 20:11:08] [build-stdout] [INFO] --- maven-enforcer-plugin:1.4.1:enforce (enforce-open-json) @ xwiki-rendering-api ---
[2025-12-11 20:11:08] [build-stdout] [INFO] 
[2025-12-11 20:11:08] [build-stdout] [INFO] --- maven-enforcer-plugin:1.4.1:enforce (enforce-glassfish-el) @ xwiki-rendering-api ---
[2025-12-11 20:11:08] [build-stdout] [INFO] 
[2025-12-11 20:11:08] [build-stdout] [INFO] --- maven-enforcer-plugin:1.4.1:enforce (enforce-commons-lang3) @ xwiki-rendering-api ---
[2025-12-11 20:11:08] [build-stdout] [INFO] 
[2025-12-11 20:11:08] [build-stdout] [INFO] --- maven-enforcer-plugin:1.4.1:enforce (enforce-commons-configuration2) @ xwiki-rendering-api ---
[2025-12-11 20:11:08] [build-stdout] [INFO] 
[2025-12-11 20:11:08] [build-stdout] [INFO] --- maven-enforcer-plugin:1.4.1:enforce (enforce-jakarta.activation-api) @ xwiki-rendering-api ---
[2025-12-11 20:11:08] [build-stdout] [INFO] 
[2025-12-11 20:11:08] [build-stdout] [INFO] --- maven-enforcer-plugin:1.4.1:enforce (enforce-jakarta.activation) @ xwiki-rendering-api ---
[2025-12-11 20:11:08] [build-stdout] [INFO] 
[2025-12-11 20:11:08] [build-stdout] [INFO] --- maven-enforcer-plugin:1.4.1:enforce (enforce-jakarta.mail-api) @ xwiki-rendering-api ---
[2025-12-11 20:11:08] [build-stdout] [INFO] 
[2025-12-11 20:11:08] [build-stdout] [INFO] --- maven-enforcer-plugin:1.4.1:enforce (enforce-jakarta.mail) @ xwiki-rendering-api ---
[2025-12-11 20:11:08] [build-stdout] [INFO] 
[2025-12-11 20:11:08] [build-stdout] [INFO] --- maven-enforcer-plugin:1.4.1:enforce (enforce-jakarta.annotation-api) @ xwiki-rendering-api ---
[2025-12-11 20:11:08] [build-stdout] [INFO] 
[2025-12-11 20:11:08] [build-stdout] [INFO] --- maven-enforcer-plugin:1.4.1:enforce (enforce-bouncycastle-ids) @ xwiki-rendering-api ---
[2025-12-11 20:11:08] [build-stdout] [INFO] 
[2025-12-11 20:11:08] [build-stdout] [INFO] --- maven-enforcer-plugin:1.4.1:enforce (enforce-velocity-engine-core) @ xwiki-rendering-api ---
[2025-12-11 20:11:08] [build-stdout] [INFO] 
[2025-12-11 20:11:08] [build-stdout] [INFO] --- maven-enforcer-plugin:1.4.1:enforce (enforce-asm) @ xwiki-rendering-api ---
[2025-12-11 20:11:08] [build-stdout] [INFO] 
[2025-12-11 20:11:08] [build-stdout] [INFO] --- maven-enforcer-plugin:1.4.1:enforce (enforce-cglib) @ xwiki-rendering-api ---
[2025-12-11 20:11:08] [build-stdout] [INFO] 
[2025-12-11 20:11:08] [build-stdout] [INFO] --- maven-enforcer-plugin:1.4.1:enforce (enforce-javase-dependencies) @ xwiki-rendering-api ---
[2025-12-11 20:11:08] [build-stdout] [INFO] 
[2025-12-11 20:11:08] [build-stdout] [INFO] --- maven-enforcer-plugin:1.4.1:enforce (enforce-jsr305) @ xwiki-rendering-api ---
[2025-12-11 20:11:08] [build-stdout] [INFO] 
[2025-12-11 20:11:08] [build-stdout] [INFO] --- maven-enforcer-plugin:1.4.1:enforce (enforce-jta) @ xwiki-rendering-api ---
[2025-12-11 20:11:08] [build-stdout] [INFO] 
[2025-12-11 20:11:08] [build-stdout] [INFO] --- maven-enforcer-plugin:1.4.1:enforce (enforce-jakarta.validation-api) @ xwiki-rendering-api ---
[2025-12-11 20:11:08] [build-stdout] [INFO] 
[2025-12-11 20:11:08] [build-stdout] [INFO] --- maven-enforcer-plugin:1.4.1:enforce (enforce-hibernate-validator) @ xwiki-rendering-api ---
[2025-12-11 20:11:08] [build-stdout] [INFO] 
[2025-12-11 20:11:08] [build-stdout] [INFO] --- maven-enforcer-plugin:1.4.1:enforce (enforce-upper-bounds) @ xwiki-rendering-api ---
[2025-12-11 20:11:09] [build-stdout] [INFO] 
[2025-12-11 20:11:09] [build-stdout] [INFO] --- maven-enforcer-plugin:1.4.1:enforce (enforce-no-legacy-dependencies) @ xwiki-rendering-api ---
[2025-12-11 20:11:09] [build-stdout] [INFO] 
[2025-12-11 20:11:09] [build-stdout] [INFO] --- maven-enforcer-plugin:1.4.1:enforce (enforce-valid-poms) @ xwiki-rendering-api ---
[2025-12-11 20:11:09] [build-stdout] [INFO] 
[2025-12-11 20:11:09] [build-stdout] [INFO] --- maven-enforcer-plugin:1.4.1:enforce (enforce-platform-isolation) @ xwiki-rendering-api ---
[2025-12-11 20:11:09] [build-stdout] [INFO] 
[2025-12-11 20:11:09] [build-stdout] [INFO] --- maven-enforcer-plugin:1.4.1:enforce (check-dependency-version) @ xwiki-rendering-api ---
[2025-12-11 20:11:09] [build-stdout] [INFO] 
[2025-12-11 20:11:09] [build-stdout] [INFO] --- xwiki-commons-tool-remote-resource-plugin:14.6:process (xwiki-license-resources) @ xwiki-rendering-api ---
[2025-12-11 20:11:09] [build-stdout] [INFO] Preparing remote bundle org.xwiki.commons:xwiki-commons-tool-license-resources:14.6
[2025-12-11 20:11:09] [build-stdout] [INFO] Copying 2 resources from 1 bundle.
[2025-12-11 20:11:09] [build-stdout] [INFO] 
[2025-12-11 20:11:09] [build-stdout] [INFO] --- maven-resources-plugin:3.2.0:resources (default-resources) @ xwiki-rendering-api ---
[2025-12-11 20:11:10] [build-stdout] [INFO] Using 'UTF-8' encoding to copy filtered resources.
[2025-12-11 20:11:10] [build-stdout] [INFO] Using 'UTF-8' encoding to copy filtered properties files.
[2025-12-11 20:11:10] [build-stdout] [INFO] Copying 5 resources
[2025-12-11 20:11:10] [build-stdout] [INFO] Copying 2 resources
[2025-12-11 20:11:10] [build-stdout] [INFO] 
[2025-12-11 20:11:10] [build-stdout] [INFO] --- maven-compiler-plugin:3.10.1:compile (default-compile) @ xwiki-rendering-api ---
[2025-12-11 20:11:10] [build-stdout] [INFO] Loaded from the build cache, saving 1s:973ms
[2025-12-11 20:11:10] [build-stdout] [INFO] 
[2025-12-11 20:11:10] [build-stdout] [INFO] --- maven-bundle-plugin:5.1.6:manifest (bundle-manifest) @ xwiki-rendering-api ---
[2025-12-11 20:11:10] [build-stdout] [INFO] No MANIFEST.MF file found, generating manifest.
[2025-12-11 20:11:10] [build-stdout] [INFO] Writing manifest: /data/iris_projects/xwiki__xwiki-rendering_CVE-2023-32070_14.6/xwiki-rendering-api/target/classes/META-INF/MANIFEST.MF
[2025-12-11 20:11:10] [build-stdout] [INFO] 
[2025-12-11 20:11:10] [build-stdout] [INFO] --- maven-resources-plugin:3.2.0:testResources (default-testResources) @ xwiki-rendering-api ---
[2025-12-11 20:11:10] [build-stdout] [INFO] Using 'UTF-8' encoding to copy filtered resources.
[2025-12-11 20:11:10] [build-stdout] [INFO] Using 'UTF-8' encoding to copy filtered properties files.
[2025-12-11 20:11:10] [build-stdout] [INFO] Copying 1 resource
[2025-12-11 20:11:10] [build-stdout] [INFO] Copying 2 resources
[2025-12-11 20:11:10] [build-stdout] [INFO] 
[2025-12-11 20:11:10] [build-stdout] [INFO] --- maven-compiler-plugin:3.10.1:testCompile (default-testCompile) @ xwiki-rendering-api ---
[2025-12-11 20:11:10] [build-stdout] [INFO] Loaded from the build cache, saving 724ms
[2025-12-11 20:11:10] [build-stdout] [INFO] 
[2025-12-11 20:11:10] [build-stdout] [INFO] --- maven-surefire-plugin:2.22.2:test (default-test) @ xwiki-rendering-api ---
[2025-12-11 20:11:10] [build-stdout] [INFO] Tests are skipped.
[2025-12-11 20:11:10] [build-stdout] [INFO] Skipped
[2025-12-11 20:11:10] [build-stdout] [INFO] 
[2025-12-11 20:11:10] [build-stdout] [INFO] --- maven-jar-plugin:3.2.2:jar (default-jar) @ xwiki-rendering-api ---
[2025-12-11 20:11:11] [build-stdout] [INFO] Building jar: /data/iris_projects/xwiki__xwiki-rendering_CVE-2023-32070_14.6/xwiki-rendering-api/target/xwiki-rendering-api-14.6.jar
[2025-12-11 20:11:11] [build-stdout] [INFO] 
[2025-12-11 20:11:11] [build-stdout] [INFO] --- maven-jar-plugin:3.2.2:test-jar (test-jar) @ xwiki-rendering-api ---
[2025-12-11 20:11:11] [build-stdout] [INFO] Building jar: /data/iris_projects/xwiki__xwiki-rendering_CVE-2023-32070_14.6/xwiki-rendering-api/target/xwiki-rendering-api-14.6-tests.jar
[2025-12-11 20:11:11] [build-stdout] [INFO] 
[2025-12-11 20:11:11] [build-stdout] [INFO] ------------------------------------------------------------------------
[2025-12-11 20:11:11] [build-stdout] [INFO] Building XWiki Rendering - XML 14.6
[2025-12-11 20:11:11] [build-stdout] [INFO] ------------------------------------------------------------------------
[2025-12-11 20:11:11] [build-stdout] [INFO] 
[2025-12-11 20:11:11] [build-stdout] [INFO] --- maven-clean-plugin:3.2.0:clean (default-clean) @ xwiki-rendering-xml ---
[2025-12-11 20:11:11] [build-stdout] [INFO] Deleting /data/iris_projects/xwiki__xwiki-rendering_CVE-2023-32070_14.6/xwiki-rendering-xml/target
[2025-12-11 20:11:11] [build-stdout] [INFO] 
[2025-12-11 20:11:11] [build-stdout] [INFO] --- maven-enforcer-plugin:1.4.1:enforce (enforce-plugins) @ xwiki-rendering-xml ---
[2025-12-11 20:11:11] [build-stdout] [INFO] 
[2025-12-11 20:11:11] [build-stdout] [INFO] --- maven-enforcer-plugin:1.4.1:enforce (enforce-jcl-log4j-isolation) @ xwiki-rendering-xml ---
[2025-12-11 20:11:11] [build-stdout] [INFO] 
[2025-12-11 20:11:11] [build-stdout] [INFO] --- maven-enforcer-plugin:1.4.1:enforce (enforce-jakarta.xml.bind-api) @ xwiki-rendering-xml ---
[2025-12-11 20:11:11] [build-stdout] [INFO] 
[2025-12-11 20:11:11] [build-stdout] [INFO] --- maven-enforcer-plugin:1.4.1:enforce (enforce-glasshfish-jaxb) @ xwiki-rendering-xml ---
[2025-12-11 20:11:11] [build-stdout] [INFO] 
[2025-12-11 20:11:11] [build-stdout] [INFO] --- maven-enforcer-plugin:1.4.1:enforce (enforce-jaxrs1) @ xwiki-rendering-xml ---
[2025-12-11 20:11:11] [build-stdout] [INFO] 
[2025-12-11 20:11:11] [build-stdout] [INFO] --- maven-enforcer-plugin:1.4.1:enforce (enforce-open-json) @ xwiki-rendering-xml ---
[2025-12-11 20:11:11] [build-stdout] [INFO] 
[2025-12-11 20:11:11] [build-stdout] [INFO] --- maven-enforcer-plugin:1.4.1:enforce (enforce-glassfish-el) @ xwiki-rendering-xml ---
[2025-12-11 20:11:11] [build-stdout] [INFO] 
[2025-12-11 20:11:11] [build-stdout] [INFO] --- maven-enforcer-plugin:1.4.1:enforce (enforce-commons-lang3) @ xwiki-rendering-xml ---
[2025-12-11 20:11:11] [build-stdout] [INFO] 
[2025-12-11 20:11:11] [build-stdout] [INFO] --- maven-enforcer-plugin:1.4.1:enforce (enforce-commons-configuration2) @ xwiki-rendering-xml ---
[2025-12-11 20:11:11] [build-stdout] [INFO] 
[2025-12-11 20:11:11] [build-stdout] [INFO] --- maven-enforcer-plugin:1.4.1:enforce (enforce-jakarta.activation-api) @ xwiki-rendering-xml ---
[2025-12-11 20:11:11] [build-stdout] [INFO] 
[2025-12-11 20:11:11] [build-stdout] [INFO] --- maven-enforcer-plugin:1.4.1:enforce (enforce-jakarta.activation) @ xwiki-rendering-xml ---
[2025-12-11 20:11:11] [build-stdout] [INFO] 
[2025-12-11 20:11:11] [build-stdout] [INFO] --- maven-enforcer-plugin:1.4.1:enforce (enforce-jakarta.mail-api) @ xwiki-rendering-xml ---
[2025-12-11 20:11:11] [build-stdout] [INFO] 
[2025-12-11 20:11:11] [build-stdout] [INFO] --- maven-enforcer-plugin:1.4.1:enforce (enforce-jakarta.mail) @ xwiki-rendering-xml ---
[2025-12-11 20:11:11] [build-stdout] [INFO] 
[2025-12-11 20:11:11] [build-stdout] [INFO] --- maven-enforcer-plugin:1.4.1:enforce (enforce-jakarta.annotation-api) @ xwiki-rendering-xml ---
[2025-12-11 20:11:11] [build-stdout] [INFO] 
[2025-12-11 20:11:11] [build-stdout] [INFO] --- maven-enforcer-plugin:1.4.1:enforce (enforce-bouncycastle-ids) @ xwiki-rendering-xml ---
[2025-12-11 20:11:11] [build-stdout] [INFO] 
[2025-12-11 20:11:11] [build-stdout] [INFO] --- maven-enforcer-plugin:1.4.1:enforce (enforce-velocity-engine-core) @ xwiki-rendering-xml ---
[2025-12-11 20:11:11] [build-stdout] [INFO] 
[2025-12-11 20:11:11] [build-stdout] [INFO] --- maven-enforcer-plugin:1.4.1:enforce (enforce-asm) @ xwiki-rendering-xml ---
[2025-12-11 20:11:11] [build-stdout] [INFO] 
[2025-12-11 20:11:11] [build-stdout] [INFO] --- maven-enforcer-plugin:1.4.1:enforce (enforce-cglib) @ xwiki-rendering-xml ---
[2025-12-11 20:11:11] [build-stdout] [INFO] 
[2025-12-11 20:11:11] [build-stdout] [INFO] --- maven-enforcer-plugin:1.4.1:enforce (enforce-javase-dependencies) @ xwiki-rendering-xml ---
[2025-12-11 20:11:11] [build-stdout] [INFO] 
[2025-12-11 20:11:11] [build-stdout] [INFO] --- maven-enforcer-plugin:1.4.1:enforce (enforce-jsr305) @ xwiki-rendering-xml ---
[2025-12-11 20:11:11] [build-stdout] [INFO] 
[2025-12-11 20:11:11] [build-stdout] [INFO] --- maven-enforcer-plugin:1.4.1:enforce (enforce-jta) @ xwiki-rendering-xml ---
[2025-12-11 20:11:11] [build-stdout] [INFO] 
[2025-12-11 20:11:11] [build-stdout] [INFO] --- maven-enforcer-plugin:1.4.1:enforce (enforce-jakarta.validation-api) @ xwiki-rendering-xml ---
[2025-12-11 20:11:11] [build-stdout] [INFO] 
[2025-12-11 20:11:11] [build-stdout] [INFO] --- maven-enforcer-plugin:1.4.1:enforce (enforce-hibernate-validator) @ xwiki-rendering-xml ---
[2025-12-11 20:11:11] [build-stdout] [INFO] 
[2025-12-11 20:11:11] [build-stdout] [INFO] --- maven-enforcer-plugin:1.4.1:enforce (enforce-upper-bounds) @ xwiki-rendering-xml ---
[2025-12-11 20:11:11] [build-stdout] [INFO] 
[2025-12-11 20:11:11] [build-stdout] [INFO] --- maven-enforcer-plugin:1.4.1:enforce (enforce-no-legacy-dependencies) @ xwiki-rendering-xml ---
[2025-12-11 20:11:11] [build-stdout] [INFO] 
[2025-12-11 20:11:11] [build-stdout] [INFO] --- maven-enforcer-plugin:1.4.1:enforce (enforce-valid-poms) @ xwiki-rendering-xml ---
[2025-12-11 20:11:11] [build-stdout] [INFO] 
[2025-12-11 20:11:11] [build-stdout] [INFO] --- maven-enforcer-plugin:1.4.1:enforce (enforce-platform-isolation) @ xwiki-rendering-xml ---
[2025-12-11 20:11:11] [build-stdout] [INFO] 
[2025-12-11 20:11:11] [build-stdout] [INFO] --- maven-enforcer-plugin:1.4.1:enforce (check-dependency-version) @ xwiki-rendering-xml ---
[2025-12-11 20:11:11] [build-stdout] [INFO] 
[2025-12-11 20:11:11] [build-stdout] [INFO] --- xwiki-commons-tool-remote-resource-plugin:14.6:process (xwiki-license-resources) @ xwiki-rendering-xml ---
[2025-12-11 20:11:11] [build-stdout] [INFO] Preparing remote bundle org.xwiki.commons:xwiki-commons-tool-license-resources:14.6
[2025-12-11 20:11:11] [build-stdout] [INFO] Copying 2 resources from 1 bundle.
[2025-12-11 20:11:11] [build-stdout] [INFO] 
[2025-12-11 20:11:11] [build-stdout] [INFO] --- maven-resources-plugin:3.2.0:resources (default-resources) @ xwiki-rendering-xml ---
[2025-12-11 20:11:11] [build-stdout] [INFO] Using 'UTF-8' encoding to copy filtered resources.
[2025-12-11 20:11:11] [build-stdout] [INFO] Using 'UTF-8' encoding to copy filtered properties files.
[2025-12-11 20:11:11] [build-stdout] [INFO] skip non existing resourceDirectory /data/iris_projects/xwiki__xwiki-rendering_CVE-2023-32070_14.6/xwiki-rendering-xml/src/main/resources
[2025-12-11 20:11:11] [build-stdout] [INFO] Copying 2 resources
[2025-12-11 20:11:11] [build-stdout] [INFO] 
[2025-12-11 20:11:11] [build-stdout] [INFO] --- maven-compiler-plugin:3.10.1:compile (default-compile) @ xwiki-rendering-xml ---
[2025-12-11 20:11:12] [build-stdout] [INFO] Loaded from the build cache, saving 69ms
[2025-12-11 20:11:12] [build-stdout] [INFO] 
[2025-12-11 20:11:12] [build-stdout] [INFO] --- maven-bundle-plugin:5.1.6:manifest (bundle-manifest) @ xwiki-rendering-xml ---
[2025-12-11 20:11:12] [build-stdout] [INFO] No MANIFEST.MF file found, generating manifest.
[2025-12-11 20:11:12] [build-stdout] [INFO] Writing manifest: /data/iris_projects/xwiki__xwiki-rendering_CVE-2023-32070_14.6/xwiki-rendering-xml/target/classes/META-INF/MANIFEST.MF
[2025-12-11 20:11:12] [build-stdout] [INFO] 
[2025-12-11 20:11:12] [build-stdout] [INFO] --- maven-resources-plugin:3.2.0:testResources (default-testResources) @ xwiki-rendering-xml ---
[2025-12-11 20:11:12] [build-stdout] [INFO] Using 'UTF-8' encoding to copy filtered resources.
[2025-12-11 20:11:12] [build-stdout] [INFO] Using 'UTF-8' encoding to copy filtered properties files.
[2025-12-11 20:11:12] [build-stdout] [INFO] skip non existing resourceDirectory /data/iris_projects/xwiki__xwiki-rendering_CVE-2023-32070_14.6/xwiki-rendering-xml/src/test/resources
[2025-12-11 20:11:12] [build-stdout] [INFO] Copying 2 resources
[2025-12-11 20:11:12] [build-stdout] [INFO] 
[2025-12-11 20:11:12] [build-stdout] [INFO] --- maven-compiler-plugin:3.10.1:testCompile (default-testCompile) @ xwiki-rendering-xml ---
[2025-12-11 20:11:12] [build-stdout] [INFO] Loaded from the build cache
[2025-12-11 20:11:12] [build-stdout] [INFO] 
[2025-12-11 20:11:12] [build-stdout] [INFO] --- maven-surefire-plugin:2.22.2:test (default-test) @ xwiki-rendering-xml ---
[2025-12-11 20:11:12] [build-stdout] [INFO] Tests are skipped.
[2025-12-11 20:11:12] [build-stdout] [INFO] Skipped
[2025-12-11 20:11:12] [build-stdout] [INFO] 
[2025-12-11 20:11:12] [build-stdout] [INFO] --- maven-jar-plugin:3.2.2:jar (default-jar) @ xwiki-rendering-xml ---
[2025-12-11 20:11:12] [build-stdout] [INFO] Building jar: /data/iris_projects/xwiki__xwiki-rendering_CVE-2023-32070_14.6/xwiki-rendering-xml/target/xwiki-rendering-xml-14.6.jar
[2025-12-11 20:11:12] [build-stdout] [INFO] 
[2025-12-11 20:11:12] [build-stdout] [INFO] ------------------------------------------------------------------------
[2025-12-11 20:11:12] [build-stdout] [INFO] Building XWiki Rendering - WikiModel 14.6
[2025-12-11 20:11:12] [build-stdout] [INFO] ------------------------------------------------------------------------
[2025-12-11 20:11:12] [build-stdout] [INFO] 
[2025-12-11 20:11:12] [build-stdout] [INFO] --- maven-clean-plugin:3.2.0:clean (default-clean) @ xwiki-rendering-wikimodel ---
[2025-12-11 20:11:12] [build-stdout] [INFO] Deleting /data/iris_projects/xwiki__xwiki-rendering_CVE-2023-32070_14.6/xwiki-rendering-wikimodel/target
[2025-12-11 20:11:12] [build-stdout] [INFO] 
[2025-12-11 20:11:12] [build-stdout] [INFO] --- maven-enforcer-plugin:1.4.1:enforce (enforce-plugins) @ xwiki-rendering-wikimodel ---
[2025-12-11 20:11:12] [build-stdout] [INFO] 
[2025-12-11 20:11:12] [build-stdout] [INFO] --- maven-enforcer-plugin:1.4.1:enforce (enforce-jcl-log4j-isolation) @ xwiki-rendering-wikimodel ---
[2025-12-11 20:11:12] [build-stdout] [INFO] 
[2025-12-11 20:11:12] [build-stdout] [INFO] --- maven-enforcer-plugin:1.4.1:enforce (enforce-jakarta.xml.bind-api) @ xwiki-rendering-wikimodel ---
[2025-12-11 20:11:12] [build-stdout] [INFO] 
[2025-12-11 20:11:12] [build-stdout] [INFO] --- maven-enforcer-plugin:1.4.1:enforce (enforce-glasshfish-jaxb) @ xwiki-rendering-wikimodel ---
[2025-12-11 20:11:12] [build-stdout] [INFO] 
[2025-12-11 20:11:12] [build-stdout] [INFO] --- maven-enforcer-plugin:1.4.1:enforce (enforce-jaxrs1) @ xwiki-rendering-wikimodel ---
[2025-12-11 20:11:12] [build-stdout] [INFO] 
[2025-12-11 20:11:12] [build-stdout] [INFO] --- maven-enforcer-plugin:1.4.1:enforce (enforce-open-json) @ xwiki-rendering-wikimodel ---
[2025-12-11 20:11:12] [build-stdout] [INFO] 
[2025-12-11 20:11:12] [build-stdout] [INFO] --- maven-enforcer-plugin:1.4.1:enforce (enforce-glassfish-el) @ xwiki-rendering-wikimodel ---
[2025-12-11 20:11:12] [build-stdout] [INFO] 
[2025-12-11 20:11:12] [build-stdout] [INFO] --- maven-enforcer-plugin:1.4.1:enforce (enforce-commons-lang3) @ xwiki-rendering-wikimodel ---
[2025-12-11 20:11:12] [build-stdout] [INFO] 
[2025-12-11 20:11:12] [build-stdout] [INFO] --- maven-enforcer-plugin:1.4.1:enforce (enforce-commons-configuration2) @ xwiki-rendering-wikimodel ---
[2025-12-11 20:11:12] [build-stdout] [INFO] 
[2025-12-11 20:11:12] [build-stdout] [INFO] --- maven-enforcer-plugin:1.4.1:enforce (enforce-jakarta.activation-api) @ xwiki-rendering-wikimodel ---
[2025-12-11 20:11:12] [build-stdout] [INFO] 
[2025-12-11 20:11:12] [build-stdout] [INFO] --- maven-enforcer-plugin:1.4.1:enforce (enforce-jakarta.activation) @ xwiki-rendering-wikimodel ---
[2025-12-11 20:11:12] [build-stdout] [INFO] 
[2025-12-11 20:11:12] [build-stdout] [INFO] --- maven-enforcer-plugin:1.4.1:enforce (enforce-jakarta.mail-api) @ xwiki-rendering-wikimodel ---
[2025-12-11 20:11:12] [build-stdout] [INFO] 
[2025-12-11 20:11:12] [build-stdout] [INFO] --- maven-enforcer-plugin:1.4.1:enforce (enforce-jakarta.mail) @ xwiki-rendering-wikimodel ---
[2025-12-11 20:11:12] [build-stdout] [INFO] 
[2025-12-11 20:11:12] [build-stdout] [INFO] --- maven-enforcer-plugin:1.4.1:enforce (enforce-jakarta.annotation-api) @ xwiki-rendering-wikimodel ---
[2025-12-11 20:11:12] [build-stdout] [INFO] 
[2025-12-11 20:11:12] [build-stdout] [INFO] --- maven-enforcer-plugin:1.4.1:enforce (enforce-bouncycastle-ids) @ xwiki-rendering-wikimodel ---
[2025-12-11 20:11:12] [build-stdout] [INFO] 
[2025-12-11 20:11:12] [build-stdout] [INFO] --- maven-enforcer-plugin:1.4.1:enforce (enforce-velocity-engine-core) @ xwiki-rendering-wikimodel ---
[2025-12-11 20:11:12] [build-stdout] [INFO] 
[2025-12-11 20:11:12] [build-stdout] [INFO] --- maven-enforcer-plugin:1.4.1:enforce (enforce-asm) @ xwiki-rendering-wikimodel ---
[2025-12-11 20:11:12] [build-stdout] [INFO] 
[2025-12-11 20:11:12] [build-stdout] [INFO] --- maven-enforcer-plugin:1.4.1:enforce (enforce-cglib) @ xwiki-rendering-wikimodel ---
[2025-12-11 20:11:12] [build-stdout] [INFO] 
[2025-12-11 20:11:12] [build-stdout] [INFO] --- maven-enforcer-plugin:1.4.1:enforce (enforce-javase-dependencies) @ xwiki-rendering-wikimodel ---
[2025-12-11 20:11:12] [build-stdout] [INFO] 
[2025-12-11 20:11:12] [build-stdout] [INFO] --- maven-enforcer-plugin:1.4.1:enforce (enforce-jsr305) @ xwiki-rendering-wikimodel ---
[2025-12-11 20:11:12] [build-stdout] [INFO] 
[2025-12-11 20:11:12] [build-stdout] [INFO] --- maven-enforcer-plugin:1.4.1:enforce (enforce-jta) @ xwiki-rendering-wikimodel ---
[2025-12-11 20:11:12] [build-stdout] [INFO] 
[2025-12-11 20:11:12] [build-stdout] [INFO] --- maven-enforcer-plugin:1.4.1:enforce (enforce-jakarta.validation-api) @ xwiki-rendering-wikimodel ---
[2025-12-11 20:11:12] [build-stdout] [INFO] 
[2025-12-11 20:11:12] [build-stdout] [INFO] --- maven-enforcer-plugin:1.4.1:enforce (enforce-hibernate-validator) @ xwiki-rendering-wikimodel ---
[2025-12-11 20:11:12] [build-stdout] [INFO] 
[2025-12-11 20:11:12] [build-stdout] [INFO] --- maven-enforcer-plugin:1.4.1:enforce (enforce-upper-bounds) @ xwiki-rendering-wikimodel ---
[2025-12-11 20:11:12] [build-stdout] [INFO] 
[2025-12-11 20:11:12] [build-stdout] [INFO] --- maven-enforcer-plugin:1.4.1:enforce (enforce-no-legacy-dependencies) @ xwiki-rendering-wikimodel ---
[2025-12-11 20:11:12] [build-stdout] [INFO] 
[2025-12-11 20:11:12] [build-stdout] [INFO] --- maven-enforcer-plugin:1.4.1:enforce (enforce-valid-poms) @ xwiki-rendering-wikimodel ---
[2025-12-11 20:11:12] [build-stdout] [INFO] 
[2025-12-11 20:11:12] [build-stdout] [INFO] --- maven-enforcer-plugin:1.4.1:enforce (enforce-platform-isolation) @ xwiki-rendering-wikimodel ---
[2025-12-11 20:11:12] [build-stdout] [INFO] 
[2025-12-11 20:11:12] [build-stdout] [INFO] --- maven-enforcer-plugin:1.4.1:enforce (check-dependency-version) @ xwiki-rendering-wikimodel ---
[2025-12-11 20:11:12] [build-stdout] [INFO] 
[2025-12-11 20:11:12] [build-stdout] [INFO] --- javacc-maven-plugin:3.0.3:javacc (javacc) @ xwiki-rendering-wikimodel ---
[2025-12-11 20:11:12] [build-stdout] Java Compiler Compiler Version 7.0.12 (Parser Generator)
[2025-12-11 20:11:12] [build-stdout] (type "javacc" with no arguments for help)
[2025-12-11 20:11:12] [build-stdout] Reading from file /data/iris_projects/xwiki__xwiki-rendering_CVE-2023-32070_14.6/xwiki-rendering-wikimodel/src/main/javacc/XWiki20Scanner.jj . . .
[2025-12-11 20:11:12] [build-stdout] Note: UNICODE_INPUT option is specified. Please make sure you create the parser/lexer using a Reader with the correct character encoding.
[2025-12-11 20:11:12] [build-stderr] Warning: Line 320, Column 5: Regular expression can be matched by the empty string ("") in lexical state DEFAULT. This regular expression along with the regular expressions at line 339, column 5 forms the cycle 
[2025-12-11 20:11:12] [build-stderr]    DEFAULT-->BEGINNING_OF_LINE-->BEGINNING_OF_LINE
[2025-12-11 20:11:12] [build-stderr] containing regular expressions with empty matches. This can result in an endless loop of empty string matches.
[2025-12-11 20:11:12] [build-stdout] File "TokenMgrError.java" does not exist.  Will create one.
[2025-12-11 20:11:12] [build-stdout] File "ParseException.java" does not exist.  Will create one.
[2025-12-11 20:11:12] [build-stdout] File "Token.java" does not exist.  Will create one.
[2025-12-11 20:11:12] [build-stdout] File "SimpleCharStream.java" does not exist.  Will create one.
[2025-12-11 20:11:12] [build-stdout] Parser generated with 0 errors and 1 warnings.
[2025-12-11 20:11:12] [build-stdout] Java Compiler Compiler Version 7.0.12 (Parser Generator)
[2025-12-11 20:11:12] [build-stdout] (type "javacc" with no arguments for help)
[2025-12-11 20:11:12] [build-stdout] Reading from file /data/iris_projects/xwiki__xwiki-rendering_CVE-2023-32070_14.6/xwiki-rendering-wikimodel/src/main/javacc/CreoleWikiScanner.jj . . .
[2025-12-11 20:11:12] [build-stdout] Note: UNICODE_INPUT option is specified. Please make sure you create the parser/lexer using a Reader with the correct character encoding.
[2025-12-11 20:11:13] [build-stdout] File "TokenMgrError.java" does not exist.  Will create one.
[2025-12-11 20:11:13] [build-stdout] File "ParseException.java" does not exist.  Will create one.
[2025-12-11 20:11:13] [build-stdout] File "Token.java" does not exist.  Will create one.
[2025-12-11 20:11:13] [build-stdout] File "SimpleCharStream.java" does not exist.  Will create one.
[2025-12-11 20:11:13] [build-stdout] Parser generated successfully.
[2025-12-11 20:11:13] [build-stdout] Java Compiler Compiler Version 7.0.12 (Parser Generator)
[2025-12-11 20:11:13] [build-stdout] (type "javacc" with no arguments for help)
[2025-12-11 20:11:13] [build-stdout] Reading from file /data/iris_projects/xwiki__xwiki-rendering_CVE-2023-32070_14.6/xwiki-rendering-wikimodel/src/main/javacc/GWikiScanner.jj . . .
[2025-12-11 20:11:13] [build-stdout] Note: UNICODE_INPUT option is specified. Please make sure you create the parser/lexer using a Reader with the correct character encoding.
[2025-12-11 20:11:13] [build-stdout] File "TokenMgrError.java" does not exist.  Will create one.
[2025-12-11 20:11:13] [build-stdout] File "ParseException.java" does not exist.  Will create one.
[2025-12-11 20:11:13] [build-stdout] File "Token.java" does not exist.  Will create one.
[2025-12-11 20:11:13] [build-stdout] File "SimpleCharStream.java" does not exist.  Will create one.
[2025-12-11 20:11:13] [build-stdout] Parser generated successfully.
[2025-12-11 20:11:13] [build-stdout] Java Compiler Compiler Version 7.0.12 (Parser Generator)
[2025-12-11 20:11:13] [build-stdout] (type "javacc" with no arguments for help)
[2025-12-11 20:11:13] [build-stdout] Reading from file /data/iris_projects/xwiki__xwiki-rendering_CVE-2023-32070_14.6/xwiki-rendering-wikimodel/src/main/javacc/XWiki21Scanner.jj . . .
[2025-12-11 20:11:13] [build-stdout] Note: UNICODE_INPUT option is specified. Please make sure you create the parser/lexer using a Reader with the correct character encoding.
[2025-12-11 20:11:13] [build-stderr] Warning: Line 320, Column 5: Regular expression can be matched by the empty string ("") in lexical state DEFAULT. This regular expression along with the regular expressions at line 339, column 5 forms the cycle 
[2025-12-11 20:11:13] [build-stderr]    DEFAULT-->BEGINNING_OF_LINE-->BEGINNING_OF_LINE
[2025-12-11 20:11:13] [build-stderr] containing regular expressions with empty matches. This can result in an endless loop of empty string matches.
[2025-12-11 20:11:13] [build-stdout] File "TokenMgrError.java" does not exist.  Will create one.
[2025-12-11 20:11:13] [build-stdout] File "ParseException.java" does not exist.  Will create one.
[2025-12-11 20:11:13] [build-stdout] File "Token.java" does not exist.  Will create one.
[2025-12-11 20:11:13] [build-stdout] File "SimpleCharStream.java" does not exist.  Will create one.
[2025-12-11 20:11:13] [build-stdout] Parser generated with 0 errors and 1 warnings.
[2025-12-11 20:11:13] [build-stdout] Java Compiler Compiler Version 7.0.12 (Parser Generator)
[2025-12-11 20:11:13] [build-stdout] (type "javacc" with no arguments for help)
[2025-12-11 20:11:13] [build-stdout] Reading from file /data/iris_projects/xwiki__xwiki-rendering_CVE-2023-32070_14.6/xwiki-rendering-wikimodel/src/main/javacc/CommonWikiScanner.jj . . .
[2025-12-11 20:11:13] [build-stdout] Note: UNICODE_INPUT option is specified. Please make sure you create the parser/lexer using a Reader with the correct character encoding.
[2025-12-11 20:11:13] [build-stdout] File "TokenMgrError.java" does not exist.  Will create one.
[2025-12-11 20:11:13] [build-stdout] File "ParseException.java" does not exist.  Will create one.
[2025-12-11 20:11:13] [build-stdout] File "Token.java" does not exist.  Will create one.
[2025-12-11 20:11:13] [build-stdout] File "SimpleCharStream.java" does not exist.  Will create one.
[2025-12-11 20:11:13] [build-stdout] Parser generated successfully.
[2025-12-11 20:11:13] [build-stdout] Java Compiler Compiler Version 7.0.12 (Parser Generator)
[2025-12-11 20:11:13] [build-stdout] (type "javacc" with no arguments for help)
[2025-12-11 20:11:13] [build-stdout] Reading from file /data/iris_projects/xwiki__xwiki-rendering_CVE-2023-32070_14.6/xwiki-rendering-wikimodel/src/main/javacc/JspWikiScanner.jj . . .
[2025-12-11 20:11:13] [build-stdout] Note: UNICODE_INPUT option is specified. Please make sure you create the parser/lexer using a Reader with the correct character encoding.
[2025-12-11 20:11:13] [build-stdout] File "TokenMgrError.java" does not exist.  Will create one.
[2025-12-11 20:11:13] [build-stdout] File "ParseException.java" does not exist.  Will create one.
[2025-12-11 20:11:13] [build-stdout] File "Token.java" does not exist.  Will create one.
[2025-12-11 20:11:13] [build-stdout] File "SimpleCharStream.java" does not exist.  Will create one.
[2025-12-11 20:11:13] [build-stdout] Parser generated successfully.
[2025-12-11 20:11:13] [build-stdout] [INFO] Processed 6 grammars
[2025-12-11 20:11:13] [build-stdout] [INFO] 
[2025-12-11 20:11:13] [build-stdout] [INFO] --- xwiki-commons-tool-remote-resource-plugin:14.6:process (xwiki-license-resources) @ xwiki-rendering-wikimodel ---
[2025-12-11 20:11:13] [build-stdout] [INFO] Preparing remote bundle org.xwiki.commons:xwiki-commons-tool-license-resources:14.6
[2025-12-11 20:11:13] [build-stdout] [INFO] Copying 2 resources from 1 bundle.
[2025-12-11 20:11:14] [build-stdout] [INFO] 
[2025-12-11 20:11:14] [build-stdout] [INFO] --- maven-resources-plugin:3.2.0:resources (default-resources) @ xwiki-rendering-wikimodel ---
[2025-12-11 20:11:14] [build-stdout] [INFO] Using 'UTF-8' encoding to copy filtered resources.
[2025-12-11 20:11:14] [build-stdout] [INFO] Using 'UTF-8' encoding to copy filtered properties files.
[2025-12-11 20:11:14] [build-stdout] [INFO] Copying 1 resource
[2025-12-11 20:11:14] [build-stdout] [INFO] Copying 2 resources
[2025-12-11 20:11:14] [build-stdout] [INFO] 
[2025-12-11 20:11:14] [build-stdout] [INFO] --- maven-compiler-plugin:3.10.1:compile (default-compile) @ xwiki-rendering-wikimodel ---
[2025-12-11 20:11:14] [build-stdout] [INFO] Loaded from the build cache, saving 1s:482ms
[2025-12-11 20:11:14] [build-stdout] [INFO] 
[2025-12-11 20:11:14] [build-stdout] [INFO] --- maven-bundle-plugin:5.1.6:manifest (bundle-manifest) @ xwiki-rendering-wikimodel ---
[2025-12-11 20:11:14] [build-stdout] [INFO] No MANIFEST.MF file found, generating manifest.
[2025-12-11 20:11:14] [build-stdout] [WARNING] Manifest org.xwiki.rendering:xwiki-rendering-wikimodel:jar:14.6 : Export org.xwiki.rendering.wikimodel.xhtml.handler,  has 1,  private references [org.xwiki.rendering.wikimodel.xhtml.impl]
[2025-12-11 20:11:14] [build-stdout] [INFO] Writing manifest: /data/iris_projects/xwiki__xwiki-rendering_CVE-2023-32070_14.6/xwiki-rendering-wikimodel/target/classes/META-INF/MANIFEST.MF
[2025-12-11 20:11:14] [build-stdout] [INFO] 
[2025-12-11 20:11:14] [build-stdout] [INFO] --- maven-resources-plugin:3.2.0:testResources (default-testResources) @ xwiki-rendering-wikimodel ---
[2025-12-11 20:11:14] [build-stdout] [INFO] Using 'UTF-8' encoding to copy filtered resources.
[2025-12-11 20:11:14] [build-stdout] [INFO] Using 'UTF-8' encoding to copy filtered properties files.
[2025-12-11 20:11:14] [build-stdout] [INFO] skip non existing resourceDirectory /data/iris_projects/xwiki__xwiki-rendering_CVE-2023-32070_14.6/xwiki-rendering-wikimodel/src/test/resources
[2025-12-11 20:11:14] [build-stdout] [INFO] Copying 2 resources
[2025-12-11 20:11:14] [build-stdout] [INFO] 
[2025-12-11 20:11:14] [build-stdout] [INFO] --- maven-compiler-plugin:3.10.1:testCompile (default-testCompile) @ xwiki-rendering-wikimodel ---
[2025-12-11 20:11:14] [build-stdout] [INFO] Loaded from the build cache, saving 188ms
[2025-12-11 20:11:14] [build-stdout] [INFO] 
[2025-12-11 20:11:14] [build-stdout] [INFO] --- maven-surefire-plugin:2.22.2:test (default-test) @ xwiki-rendering-wikimodel ---
[2025-12-11 20:11:14] [build-stdout] [INFO] Tests are skipped.
[2025-12-11 20:11:14] [build-stdout] [INFO] Skipped
[2025-12-11 20:11:14] [build-stdout] [INFO] 
[2025-12-11 20:11:14] [build-stdout] [INFO] --- maven-jar-plugin:3.2.2:jar (default-jar) @ xwiki-rendering-wikimodel ---
[2025-12-11 20:11:14] [build-stdout] [INFO] Building jar: /data/iris_projects/xwiki__xwiki-rendering_CVE-2023-32070_14.6/xwiki-rendering-wikimodel/target/xwiki-rendering-wikimodel-14.6.jar
[2025-12-11 20:11:14] [build-stdout] [INFO] 
[2025-12-11 20:11:14] [build-stdout] [INFO] ------------------------------------------------------------------------
[2025-12-11 20:11:14] [build-stdout] [INFO] Building XWiki Rendering - Syntaxes - Parent POM 14.6
[2025-12-11 20:11:14] [build-stdout] [INFO] ------------------------------------------------------------------------
[2025-12-11 20:11:14] [build-stdout] [INFO] 
[2025-12-11 20:11:14] [build-stdout] [INFO] --- maven-clean-plugin:3.2.0:clean (default-clean) @ xwiki-rendering-syntaxes ---
[2025-12-11 20:11:14] [build-stdout] [INFO] Deleting /data/iris_projects/xwiki__xwiki-rendering_CVE-2023-32070_14.6/xwiki-rendering-syntaxes/target
[2025-12-11 20:11:14] [build-stdout] [INFO] 
[2025-12-11 20:11:14] [build-stdout] [INFO] --- maven-enforcer-plugin:1.4.1:enforce (enforce-plugins) @ xwiki-rendering-syntaxes ---
[2025-12-11 20:11:14] [build-stdout] [INFO] 
[2025-12-11 20:11:14] [build-stdout] [INFO] --- maven-enforcer-plugin:1.4.1:enforce (enforce-jcl-log4j-isolation) @ xwiki-rendering-syntaxes ---
[2025-12-11 20:11:14] [build-stdout] [INFO] 
[2025-12-11 20:11:14] [build-stdout] [INFO] --- maven-enforcer-plugin:1.4.1:enforce (enforce-jakarta.xml.bind-api) @ xwiki-rendering-syntaxes ---
[2025-12-11 20:11:14] [build-stdout] [INFO] 
[2025-12-11 20:11:14] [build-stdout] [INFO] --- maven-enforcer-plugin:1.4.1:enforce (enforce-glasshfish-jaxb) @ xwiki-rendering-syntaxes ---
[2025-12-11 20:11:14] [build-stdout] [INFO] 
[2025-12-11 20:11:14] [build-stdout] [INFO] --- maven-enforcer-plugin:1.4.1:enforce (enforce-jaxrs1) @ xwiki-rendering-syntaxes ---
[2025-12-11 20:11:14] [build-stdout] [INFO] 
[2025-12-11 20:11:14] [build-stdout] [INFO] --- maven-enforcer-plugin:1.4.1:enforce (enforce-open-json) @ xwiki-rendering-syntaxes ---
[2025-12-11 20:11:14] [build-stdout] [INFO] 
[2025-12-11 20:11:14] [build-stdout] [INFO] --- maven-enforcer-plugin:1.4.1:enforce (enforce-glassfish-el) @ xwiki-rendering-syntaxes ---
[2025-12-11 20:11:14] [build-stdout] [INFO] 
[2025-12-11 20:11:14] [build-stdout] [INFO] --- maven-enforcer-plugin:1.4.1:enforce (enforce-commons-lang3) @ xwiki-rendering-syntaxes ---
[2025-12-11 20:11:14] [build-stdout] [INFO] 
[2025-12-11 20:11:14] [build-stdout] [INFO] --- maven-enforcer-plugin:1.4.1:enforce (enforce-commons-configuration2) @ xwiki-rendering-syntaxes ---
[2025-12-11 20:11:14] [build-stdout] [INFO] 
[2025-12-11 20:11:14] [build-stdout] [INFO] --- maven-enforcer-plugin:1.4.1:enforce (enforce-jakarta.activation-api) @ xwiki-rendering-syntaxes ---
[2025-12-11 20:11:14] [build-stdout] [INFO] 
[2025-12-11 20:11:14] [build-stdout] [INFO] --- maven-enforcer-plugin:1.4.1:enforce (enforce-jakarta.activation) @ xwiki-rendering-syntaxes ---
[2025-12-11 20:11:14] [build-stdout] [INFO] 
[2025-12-11 20:11:14] [build-stdout] [INFO] --- maven-enforcer-plugin:1.4.1:enforce (enforce-jakarta.mail-api) @ xwiki-rendering-syntaxes ---
[2025-12-11 20:11:14] [build-stdout] [INFO] 
[2025-12-11 20:11:14] [build-stdout] [INFO] --- maven-enforcer-plugin:1.4.1:enforce (enforce-jakarta.mail) @ xwiki-rendering-syntaxes ---
[2025-12-11 20:11:14] [build-stdout] [INFO] 
[2025-12-11 20:11:14] [build-stdout] [INFO] --- maven-enforcer-plugin:1.4.1:enforce (enforce-jakarta.annotation-api) @ xwiki-rendering-syntaxes ---
[2025-12-11 20:11:14] [build-stdout] [INFO] 
[2025-12-11 20:11:14] [build-stdout] [INFO] --- maven-enforcer-plugin:1.4.1:enforce (enforce-bouncycastle-ids) @ xwiki-rendering-syntaxes ---
[2025-12-11 20:11:14] [build-stdout] [INFO] 
[2025-12-11 20:11:14] [build-stdout] [INFO] --- maven-enforcer-plugin:1.4.1:enforce (enforce-velocity-engine-core) @ xwiki-rendering-syntaxes ---
[2025-12-11 20:11:14] [build-stdout] [INFO] 
[2025-12-11 20:11:14] [build-stdout] [INFO] --- maven-enforcer-plugin:1.4.1:enforce (enforce-asm) @ xwiki-rendering-syntaxes ---
[2025-12-11 20:11:14] [build-stdout] [INFO] 
[2025-12-11 20:11:14] [build-stdout] [INFO] --- maven-enforcer-plugin:1.4.1:enforce (enforce-cglib) @ xwiki-rendering-syntaxes ---
[2025-12-11 20:11:14] [build-stdout] [INFO] 
[2025-12-11 20:11:14] [build-stdout] [INFO] --- maven-enforcer-plugin:1.4.1:enforce (enforce-javase-dependencies) @ xwiki-rendering-syntaxes ---
[2025-12-11 20:11:14] [build-stdout] [INFO] 
[2025-12-11 20:11:14] [build-stdout] [INFO] --- maven-enforcer-plugin:1.4.1:enforce (enforce-jsr305) @ xwiki-rendering-syntaxes ---
[2025-12-11 20:11:14] [build-stdout] [INFO] 
[2025-12-11 20:11:14] [build-stdout] [INFO] --- maven-enforcer-plugin:1.4.1:enforce (enforce-jta) @ xwiki-rendering-syntaxes ---
[2025-12-11 20:11:14] [build-stdout] [INFO] 
[2025-12-11 20:11:14] [build-stdout] [INFO] --- maven-enforcer-plugin:1.4.1:enforce (enforce-jakarta.validation-api) @ xwiki-rendering-syntaxes ---
[2025-12-11 20:11:14] [build-stdout] [INFO] 
[2025-12-11 20:11:14] [build-stdout] [INFO] --- maven-enforcer-plugin:1.4.1:enforce (enforce-hibernate-validator) @ xwiki-rendering-syntaxes ---
[2025-12-11 20:11:14] [build-stdout] [INFO] 
[2025-12-11 20:11:14] [build-stdout] [INFO] --- maven-enforcer-plugin:1.4.1:enforce (enforce-upper-bounds) @ xwiki-rendering-syntaxes ---
[2025-12-11 20:11:14] [build-stdout] [INFO] 
[2025-12-11 20:11:14] [build-stdout] [INFO] --- maven-enforcer-plugin:1.4.1:enforce (enforce-no-legacy-dependencies) @ xwiki-rendering-syntaxes ---
[2025-12-11 20:11:14] [build-stdout] [INFO] 
[2025-12-11 20:11:14] [build-stdout] [INFO] --- maven-enforcer-plugin:1.4.1:enforce (enforce-valid-poms) @ xwiki-rendering-syntaxes ---
[2025-12-11 20:11:14] [build-stdout] [INFO] 
[2025-12-11 20:11:14] [build-stdout] [INFO] --- maven-enforcer-plugin:1.4.1:enforce (enforce-platform-isolation) @ xwiki-rendering-syntaxes ---
[2025-12-11 20:11:14] [build-stdout] [INFO] 
[2025-12-11 20:11:14] [build-stdout] [INFO] --- maven-enforcer-plugin:1.4.1:enforce (check-dependency-version) @ xwiki-rendering-syntaxes ---
[2025-12-11 20:11:14] [build-stdout] [INFO] 
[2025-12-11 20:11:14] [build-stdout] [INFO] --- xwiki-commons-tool-remote-resource-plugin:14.6:process (xwiki-license-resources) @ xwiki-rendering-syntaxes ---
[2025-12-11 20:11:14] [build-stdout] [INFO] Preparing remote bundle org.xwiki.commons:xwiki-commons-tool-license-resources:14.6
[2025-12-11 20:11:14] [build-stdout] [INFO] Copying 2 resources from 1 bundle.
[2025-12-11 20:11:15] [build-stdout] [INFO] 
[2025-12-11 20:11:15] [build-stdout] [INFO] --- maven-bundle-plugin:5.1.6:manifest (bundle-manifest) @ xwiki-rendering-syntaxes ---
[2025-12-11 20:11:15] [build-stdout] [WARNING] Ignoring project type pom - supportedProjectTypes = [jar, bundle]
[2025-12-11 20:11:15] [build-stdout] [INFO] 
[2025-12-11 20:11:15] [build-stdout] [INFO] ------------------------------------------------------------------------
[2025-12-11 20:11:15] [build-stdout] [INFO] Building XWiki Rendering - Syntax - XDOM+XML Current 14.6
[2025-12-11 20:11:15] [build-stdout] [INFO] ------------------------------------------------------------------------
[2025-12-11 20:11:15] [build-stdout] [INFO] 
[2025-12-11 20:11:15] [build-stdout] [INFO] --- maven-clean-plugin:3.2.0:clean (default-clean) @ xwiki-rendering-syntax-xdomxmlcurrent ---
[2025-12-11 20:11:15] [build-stdout] [INFO] Deleting /data/iris_projects/xwiki__xwiki-rendering_CVE-2023-32070_14.6/xwiki-rendering-syntaxes/xwiki-rendering-syntax-xdomxmlcurrent/target
[2025-12-11 20:11:15] [build-stdout] [INFO] 
[2025-12-11 20:11:15] [build-stdout] [INFO] --- maven-enforcer-plugin:1.4.1:enforce (enforce-plugins) @ xwiki-rendering-syntax-xdomxmlcurrent ---
[2025-12-11 20:11:15] [build-stdout] [INFO] 
[2025-12-11 20:11:15] [build-stdout] [INFO] --- maven-enforcer-plugin:1.4.1:enforce (enforce-jcl-log4j-isolation) @ xwiki-rendering-syntax-xdomxmlcurrent ---
[2025-12-11 20:11:15] [build-stdout] [INFO] 
[2025-12-11 20:11:15] [build-stdout] [INFO] --- maven-enforcer-plugin:1.4.1:enforce (enforce-jakarta.xml.bind-api) @ xwiki-rendering-syntax-xdomxmlcurrent ---
[2025-12-11 20:11:15] [build-stdout] [INFO] 
[2025-12-11 20:11:15] [build-stdout] [INFO] --- maven-enforcer-plugin:1.4.1:enforce (enforce-glasshfish-jaxb) @ xwiki-rendering-syntax-xdomxmlcurrent ---
[2025-12-11 20:11:15] [build-stdout] [INFO] 
[2025-12-11 20:11:15] [build-stdout] [INFO] --- maven-enforcer-plugin:1.4.1:enforce (enforce-jaxrs1) @ xwiki-rendering-syntax-xdomxmlcurrent ---
[2025-12-11 20:11:15] [build-stdout] [INFO] 
[2025-12-11 20:11:15] [build-stdout] [INFO] --- maven-enforcer-plugin:1.4.1:enforce (enforce-open-json) @ xwiki-rendering-syntax-xdomxmlcurrent ---
[2025-12-11 20:11:15] [build-stdout] [INFO] 
[2025-12-11 20:11:15] [build-stdout] [INFO] --- maven-enforcer-plugin:1.4.1:enforce (enforce-glassfish-el) @ xwiki-rendering-syntax-xdomxmlcurrent ---
[2025-12-11 20:11:15] [build-stdout] [INFO] 
[2025-12-11 20:11:15] [build-stdout] [INFO] --- maven-enforcer-plugin:1.4.1:enforce (enforce-commons-lang3) @ xwiki-rendering-syntax-xdomxmlcurrent ---
[2025-12-11 20:11:15] [build-stdout] [INFO] 
[2025-12-11 20:11:15] [build-stdout] [INFO] --- maven-enforcer-plugin:1.4.1:enforce (enforce-commons-configuration2) @ xwiki-rendering-syntax-xdomxmlcurrent ---
[2025-12-11 20:11:15] [build-stdout] [INFO] 
[2025-12-11 20:11:15] [build-stdout] [INFO] --- maven-enforcer-plugin:1.4.1:enforce (enforce-jakarta.activation-api) @ xwiki-rendering-syntax-xdomxmlcurrent ---
[2025-12-11 20:11:15] [build-stdout] [INFO] 
[2025-12-11 20:11:15] [build-stdout] [INFO] --- maven-enforcer-plugin:1.4.1:enforce (enforce-jakarta.activation) @ xwiki-rendering-syntax-xdomxmlcurrent ---
[2025-12-11 20:11:15] [build-stdout] [INFO] 
[2025-12-11 20:11:15] [build-stdout] [INFO] --- maven-enforcer-plugin:1.4.1:enforce (enforce-jakarta.mail-api) @ xwiki-rendering-syntax-xdomxmlcurrent ---
[2025-12-11 20:11:15] [build-stdout] [INFO] 
[2025-12-11 20:11:15] [build-stdout] [INFO] --- maven-enforcer-plugin:1.4.1:enforce (enforce-jakarta.mail) @ xwiki-rendering-syntax-xdomxmlcurrent ---
[2025-12-11 20:11:15] [build-stdout] [INFO] 
[2025-12-11 20:11:15] [build-stdout] [INFO] --- maven-enforcer-plugin:1.4.1:enforce (enforce-jakarta.annotation-api) @ xwiki-rendering-syntax-xdomxmlcurrent ---
[2025-12-11 20:11:15] [build-stdout] [INFO] 
[2025-12-11 20:11:15] [build-stdout] [INFO] --- maven-enforcer-plugin:1.4.1:enforce (enforce-bouncycastle-ids) @ xwiki-rendering-syntax-xdomxmlcurrent ---
[2025-12-11 20:11:15] [build-stdout] [INFO] 
[2025-12-11 20:11:15] [build-stdout] [INFO] --- maven-enforcer-plugin:1.4.1:enforce (enforce-velocity-engine-core) @ xwiki-rendering-syntax-xdomxmlcurrent ---
[2025-12-11 20:11:15] [build-stdout] [INFO] 
[2025-12-11 20:11:15] [build-stdout] [INFO] --- maven-enforcer-plugin:1.4.1:enforce (enforce-asm) @ xwiki-rendering-syntax-xdomxmlcurrent ---
[2025-12-11 20:11:15] [build-stdout] [INFO] 
[2025-12-11 20:11:15] [build-stdout] [INFO] --- maven-enforcer-plugin:1.4.1:enforce (enforce-cglib) @ xwiki-rendering-syntax-xdomxmlcurrent ---
[2025-12-11 20:11:15] [build-stdout] [INFO] 
[2025-12-11 20:11:15] [build-stdout] [INFO] --- maven-enforcer-plugin:1.4.1:enforce (enforce-javase-dependencies) @ xwiki-rendering-syntax-xdomxmlcurrent ---
[2025-12-11 20:11:15] [build-stdout] [INFO] 
[2025-12-11 20:11:15] [build-stdout] [INFO] --- maven-enforcer-plugin:1.4.1:enforce (enforce-jsr305) @ xwiki-rendering-syntax-xdomxmlcurrent ---
[2025-12-11 20:11:15] [build-stdout] [INFO] 
[2025-12-11 20:11:15] [build-stdout] [INFO] --- maven-enforcer-plugin:1.4.1:enforce (enforce-jta) @ xwiki-rendering-syntax-xdomxmlcurrent ---
[2025-12-11 20:11:15] [build-stdout] [INFO] 
[2025-12-11 20:11:15] [build-stdout] [INFO] --- maven-enforcer-plugin:1.4.1:enforce (enforce-jakarta.validation-api) @ xwiki-rendering-syntax-xdomxmlcurrent ---
[2025-12-11 20:11:15] [build-stdout] [INFO] 
[2025-12-11 20:11:15] [build-stdout] [INFO] --- maven-enforcer-plugin:1.4.1:enforce (enforce-hibernate-validator) @ xwiki-rendering-syntax-xdomxmlcurrent ---
[2025-12-11 20:11:15] [build-stdout] [INFO] 
[2025-12-11 20:11:15] [build-stdout] [INFO] --- maven-enforcer-plugin:1.4.1:enforce (enforce-upper-bounds) @ xwiki-rendering-syntax-xdomxmlcurrent ---
[2025-12-11 20:11:15] [build-stdout] [INFO] 
[2025-12-11 20:11:15] [build-stdout] [INFO] --- maven-enforcer-plugin:1.4.1:enforce (enforce-no-legacy-dependencies) @ xwiki-rendering-syntax-xdomxmlcurrent ---
[2025-12-11 20:11:15] [build-stdout] [INFO] 
[2025-12-11 20:11:15] [build-stdout] [INFO] --- maven-enforcer-plugin:1.4.1:enforce (enforce-valid-poms) @ xwiki-rendering-syntax-xdomxmlcurrent ---
[2025-12-11 20:11:15] [build-stdout] [INFO] 
[2025-12-11 20:11:15] [build-stdout] [INFO] --- maven-enforcer-plugin:1.4.1:enforce (enforce-platform-isolation) @ xwiki-rendering-syntax-xdomxmlcurrent ---
[2025-12-11 20:11:15] [build-stdout] [INFO] 
[2025-12-11 20:11:15] [build-stdout] [INFO] --- maven-enforcer-plugin:1.4.1:enforce (check-dependency-version) @ xwiki-rendering-syntax-xdomxmlcurrent ---
[2025-12-11 20:11:15] [build-stdout] [INFO] 
[2025-12-11 20:11:15] [build-stdout] [INFO] --- xwiki-commons-tool-remote-resource-plugin:14.6:process (xwiki-license-resources) @ xwiki-rendering-syntax-xdomxmlcurrent ---
[2025-12-11 20:11:15] [build-stdout] [INFO] Preparing remote bundle org.xwiki.commons:xwiki-commons-tool-license-resources:14.6
[2025-12-11 20:11:15] [build-stdout] [INFO] Copying 2 resources from 1 bundle.
[2025-12-11 20:11:16] [build-stdout] [INFO] 
[2025-12-11 20:11:16] [build-stdout] [INFO] --- maven-resources-plugin:3.2.0:resources (default-resources) @ xwiki-rendering-syntax-xdomxmlcurrent ---
[2025-12-11 20:11:16] [build-stdout] [INFO] Using 'UTF-8' encoding to copy filtered resources.
[2025-12-11 20:11:16] [build-stdout] [INFO] Using 'UTF-8' encoding to copy filtered properties files.
[2025-12-11 20:11:16] [build-stdout] [INFO] Copying 1 resource
[2025-12-11 20:11:16] [build-stdout] [INFO] Copying 2 resources
[2025-12-11 20:11:16] [build-stdout] [INFO] 
[2025-12-11 20:11:16] [build-stdout] [INFO] --- maven-compiler-plugin:3.10.1:compile (default-compile) @ xwiki-rendering-syntax-xdomxmlcurrent ---
[2025-12-11 20:11:16] [build-stdout] [INFO] Loaded from the build cache, saving 86ms
[2025-12-11 20:11:16] [build-stdout] [INFO] 
[2025-12-11 20:11:16] [build-stdout] [INFO] --- maven-bundle-plugin:5.1.6:manifest (bundle-manifest) @ xwiki-rendering-syntax-xdomxmlcurrent ---
[2025-12-11 20:11:16] [build-stdout] [INFO] No MANIFEST.MF file found, generating manifest.
[2025-12-11 20:11:16] [build-stdout] [INFO] Writing manifest: /data/iris_projects/xwiki__xwiki-rendering_CVE-2023-32070_14.6/xwiki-rendering-syntaxes/xwiki-rendering-syntax-xdomxmlcurrent/target/classes/META-INF/MANIFEST.MF
[2025-12-11 20:11:16] [build-stdout] [INFO] 
[2025-12-11 20:11:16] [build-stdout] [INFO] --- maven-resources-plugin:3.2.0:testResources (default-testResources) @ xwiki-rendering-syntax-xdomxmlcurrent ---
[2025-12-11 20:11:16] [build-stdout] [INFO] Using 'UTF-8' encoding to copy filtered resources.
[2025-12-11 20:11:16] [build-stdout] [INFO] Using 'UTF-8' encoding to copy filtered properties files.
[2025-12-11 20:11:16] [build-stdout] [INFO] skip non existing resourceDirectory /data/iris_projects/xwiki__xwiki-rendering_CVE-2023-32070_14.6/xwiki-rendering-syntaxes/xwiki-rendering-syntax-xdomxmlcurrent/src/test/resources
[2025-12-11 20:11:16] [build-stdout] [INFO] Copying 2 resources
[2025-12-11 20:11:16] [build-stdout] [INFO] 
[2025-12-11 20:11:16] [build-stdout] [INFO] --- maven-compiler-plugin:3.10.1:testCompile (default-testCompile) @ xwiki-rendering-syntax-xdomxmlcurrent ---
[2025-12-11 20:11:16] [build-stdout] [INFO] Loaded from the build cache
[2025-12-11 20:11:16] [build-stdout] [INFO] 
[2025-12-11 20:11:16] [build-stdout] [INFO] --- maven-surefire-plugin:2.22.2:test (default-test) @ xwiki-rendering-syntax-xdomxmlcurrent ---
[2025-12-11 20:11:16] [build-stdout] [INFO] Tests are skipped.
[2025-12-11 20:11:16] [build-stdout] [INFO] Skipped
[2025-12-11 20:11:16] [build-stdout] [INFO] 
[2025-12-11 20:11:16] [build-stdout] [INFO] --- maven-jar-plugin:3.2.2:jar (default-jar) @ xwiki-rendering-syntax-xdomxmlcurrent ---
[2025-12-11 20:11:16] [build-stdout] [INFO] Building jar: /data/iris_projects/xwiki__xwiki-rendering_CVE-2023-32070_14.6/xwiki-rendering-syntaxes/xwiki-rendering-syntax-xdomxmlcurrent/target/xwiki-rendering-syntax-xdomxmlcurrent-14.6.jar
[2025-12-11 20:11:16] [build-stdout] [INFO] 
[2025-12-11 20:11:16] [build-stdout] [INFO] ------------------------------------------------------------------------
[2025-12-11 20:11:16] [build-stdout] [INFO] Building XWiki Rendering - Test Framework 14.6
[2025-12-11 20:11:16] [build-stdout] [INFO] ------------------------------------------------------------------------
[2025-12-11 20:11:16] [build-stdout] [INFO] 
[2025-12-11 20:11:16] [build-stdout] [INFO] --- maven-clean-plugin:3.2.0:clean (default-clean) @ xwiki-rendering-test ---
[2025-12-11 20:11:16] [build-stdout] [INFO] Deleting /data/iris_projects/xwiki__xwiki-rendering_CVE-2023-32070_14.6/xwiki-rendering-test/target
[2025-12-11 20:11:16] [build-stdout] [INFO] 
[2025-12-11 20:11:16] [build-stdout] [INFO] --- maven-enforcer-plugin:1.4.1:enforce (enforce-plugins) @ xwiki-rendering-test ---
[2025-12-11 20:11:16] [build-stdout] [INFO] 
[2025-12-11 20:11:16] [build-stdout] [INFO] --- maven-enforcer-plugin:1.4.1:enforce (enforce-jcl-log4j-isolation) @ xwiki-rendering-test ---
[2025-12-11 20:11:16] [build-stdout] [INFO] 
[2025-12-11 20:11:16] [build-stdout] [INFO] --- maven-enforcer-plugin:1.4.1:enforce (enforce-jakarta.xml.bind-api) @ xwiki-rendering-test ---
[2025-12-11 20:11:16] [build-stdout] [INFO] 
[2025-12-11 20:11:16] [build-stdout] [INFO] --- maven-enforcer-plugin:1.4.1:enforce (enforce-glasshfish-jaxb) @ xwiki-rendering-test ---
[2025-12-11 20:11:16] [build-stdout] [INFO] 
[2025-12-11 20:11:16] [build-stdout] [INFO] --- maven-enforcer-plugin:1.4.1:enforce (enforce-jaxrs1) @ xwiki-rendering-test ---
[2025-12-11 20:11:16] [build-stdout] [INFO] 
[2025-12-11 20:11:16] [build-stdout] [INFO] --- maven-enforcer-plugin:1.4.1:enforce (enforce-open-json) @ xwiki-rendering-test ---
[2025-12-11 20:11:16] [build-stdout] [INFO] 
[2025-12-11 20:11:16] [build-stdout] [INFO] --- maven-enforcer-plugin:1.4.1:enforce (enforce-glassfish-el) @ xwiki-rendering-test ---
[2025-12-11 20:11:16] [build-stdout] [INFO] 
[2025-12-11 20:11:16] [build-stdout] [INFO] --- maven-enforcer-plugin:1.4.1:enforce (enforce-commons-lang3) @ xwiki-rendering-test ---
[2025-12-11 20:11:16] [build-stdout] [INFO] 
[2025-12-11 20:11:16] [build-stdout] [INFO] --- maven-enforcer-plugin:1.4.1:enforce (enforce-commons-configuration2) @ xwiki-rendering-test ---
[2025-12-11 20:11:16] [build-stdout] [INFO] 
[2025-12-11 20:11:16] [build-stdout] [INFO] --- maven-enforcer-plugin:1.4.1:enforce (enforce-jakarta.activation-api) @ xwiki-rendering-test ---
[2025-12-11 20:11:16] [build-stdout] [INFO] 
[2025-12-11 20:11:16] [build-stdout] [INFO] --- maven-enforcer-plugin:1.4.1:enforce (enforce-jakarta.activation) @ xwiki-rendering-test ---
[2025-12-11 20:11:16] [build-stdout] [INFO] 
[2025-12-11 20:11:16] [build-stdout] [INFO] --- maven-enforcer-plugin:1.4.1:enforce (enforce-jakarta.mail-api) @ xwiki-rendering-test ---
[2025-12-11 20:11:16] [build-stdout] [INFO] 
[2025-12-11 20:11:16] [build-stdout] [INFO] --- maven-enforcer-plugin:1.4.1:enforce (enforce-jakarta.mail) @ xwiki-rendering-test ---
[2025-12-11 20:11:16] [build-stdout] [INFO] 
[2025-12-11 20:11:16] [build-stdout] [INFO] --- maven-enforcer-plugin:1.4.1:enforce (enforce-jakarta.annotation-api) @ xwiki-rendering-test ---
[2025-12-11 20:11:16] [build-stdout] [INFO] 
[2025-12-11 20:11:16] [build-stdout] [INFO] --- maven-enforcer-plugin:1.4.1:enforce (enforce-bouncycastle-ids) @ xwiki-rendering-test ---
[2025-12-11 20:11:16] [build-stdout] [INFO] 
[2025-12-11 20:11:16] [build-stdout] [INFO] --- maven-enforcer-plugin:1.4.1:enforce (enforce-velocity-engine-core) @ xwiki-rendering-test ---
[2025-12-11 20:11:16] [build-stdout] [INFO] 
[2025-12-11 20:11:16] [build-stdout] [INFO] --- maven-enforcer-plugin:1.4.1:enforce (enforce-asm) @ xwiki-rendering-test ---
[2025-12-11 20:11:16] [build-stdout] [INFO] 
[2025-12-11 20:11:16] [build-stdout] [INFO] --- maven-enforcer-plugin:1.4.1:enforce (enforce-cglib) @ xwiki-rendering-test ---
[2025-12-11 20:11:16] [build-stdout] [INFO] 
[2025-12-11 20:11:16] [build-stdout] [INFO] --- maven-enforcer-plugin:1.4.1:enforce (enforce-javase-dependencies) @ xwiki-rendering-test ---
[2025-12-11 20:11:16] [build-stdout] [INFO] 
[2025-12-11 20:11:16] [build-stdout] [INFO] --- maven-enforcer-plugin:1.4.1:enforce (enforce-jsr305) @ xwiki-rendering-test ---
[2025-12-11 20:11:16] [build-stdout] [INFO] 
[2025-12-11 20:11:16] [build-stdout] [INFO] --- maven-enforcer-plugin:1.4.1:enforce (enforce-jta) @ xwiki-rendering-test ---
[2025-12-11 20:11:16] [build-stdout] [INFO] 
[2025-12-11 20:11:16] [build-stdout] [INFO] --- maven-enforcer-plugin:1.4.1:enforce (enforce-jakarta.validation-api) @ xwiki-rendering-test ---
[2025-12-11 20:11:16] [build-stdout] [INFO] 
[2025-12-11 20:11:16] [build-stdout] [INFO] --- maven-enforcer-plugin:1.4.1:enforce (enforce-hibernate-validator) @ xwiki-rendering-test ---
[2025-12-11 20:11:16] [build-stdout] [INFO] 
[2025-12-11 20:11:16] [build-stdout] [INFO] --- maven-enforcer-plugin:1.4.1:enforce (enforce-upper-bounds) @ xwiki-rendering-test ---
[2025-12-11 20:11:16] [build-stdout] [INFO] 
[2025-12-11 20:11:16] [build-stdout] [INFO] --- maven-enforcer-plugin:1.4.1:enforce (enforce-no-legacy-dependencies) @ xwiki-rendering-test ---
[2025-12-11 20:11:16] [build-stdout] [INFO] 
[2025-12-11 20:11:16] [build-stdout] [INFO] --- maven-enforcer-plugin:1.4.1:enforce (enforce-valid-poms) @ xwiki-rendering-test ---
[2025-12-11 20:11:16] [build-stdout] [INFO] 
[2025-12-11 20:11:16] [build-stdout] [INFO] --- maven-enforcer-plugin:1.4.1:enforce (enforce-platform-isolation) @ xwiki-rendering-test ---
[2025-12-11 20:11:16] [build-stdout] [INFO] 
[2025-12-11 20:11:16] [build-stdout] [INFO] --- maven-enforcer-plugin:1.4.1:enforce (check-dependency-version) @ xwiki-rendering-test ---
[2025-12-11 20:11:16] [build-stdout] [INFO] 
[2025-12-11 20:11:16] [build-stdout] [INFO] --- xwiki-commons-tool-remote-resource-plugin:14.6:process (xwiki-license-resources) @ xwiki-rendering-test ---
[2025-12-11 20:11:16] [build-stdout] [INFO] Preparing remote bundle org.xwiki.commons:xwiki-commons-tool-license-resources:14.6
[2025-12-11 20:11:16] [build-stdout] [INFO] Copying 2 resources from 1 bundle.
[2025-12-11 20:11:17] [build-stdout] [INFO] 
[2025-12-11 20:11:17] [build-stdout] [INFO] --- maven-resources-plugin:3.2.0:resources (default-resources) @ xwiki-rendering-test ---
[2025-12-11 20:11:17] [build-stdout] [INFO] Using 'UTF-8' encoding to copy filtered resources.
[2025-12-11 20:11:17] [build-stdout] [INFO] Using 'UTF-8' encoding to copy filtered properties files.
[2025-12-11 20:11:17] [build-stdout] [INFO] Copying 37 resources
[2025-12-11 20:11:17] [build-stdout] [INFO] Copying 2 resources
[2025-12-11 20:11:17] [build-stdout] [INFO] 
[2025-12-11 20:11:17] [build-stdout] [INFO] --- maven-compiler-plugin:3.10.1:compile (default-compile) @ xwiki-rendering-test ---
[2025-12-11 20:11:17] [build-stdout] [INFO] Loaded from the build cache, saving 272ms
[2025-12-11 20:11:17] [build-stdout] [INFO] 
[2025-12-11 20:11:17] [build-stdout] [INFO] --- maven-bundle-plugin:5.1.6:manifest (bundle-manifest) @ xwiki-rendering-test ---
[2025-12-11 20:11:17] [build-stdout] [INFO] No MANIFEST.MF file found, generating manifest.
[2025-12-11 20:11:17] [build-stdout] [INFO] Writing manifest: /data/iris_projects/xwiki__xwiki-rendering_CVE-2023-32070_14.6/xwiki-rendering-test/target/classes/META-INF/MANIFEST.MF
[2025-12-11 20:11:17] [build-stdout] [INFO] 
[2025-12-11 20:11:17] [build-stdout] [INFO] --- maven-resources-plugin:3.2.0:testResources (default-testResources) @ xwiki-rendering-test ---
[2025-12-11 20:11:17] [build-stdout] [INFO] Using 'UTF-8' encoding to copy filtered resources.
[2025-12-11 20:11:17] [build-stdout] [INFO] Using 'UTF-8' encoding to copy filtered properties files.
[2025-12-11 20:11:17] [build-stdout] [INFO] Copying 7 resources
[2025-12-11 20:11:17] [build-stdout] [INFO] Copying 2 resources
[2025-12-11 20:11:17] [build-stdout] [INFO] 
[2025-12-11 20:11:17] [build-stdout] [INFO] --- maven-compiler-plugin:3.10.1:testCompile (default-testCompile) @ xwiki-rendering-test ---
[2025-12-11 20:11:17] [build-stdout] [INFO] Loaded from the build cache, saving 114ms
[2025-12-11 20:11:17] [build-stdout] [INFO] 
[2025-12-11 20:11:17] [build-stdout] [INFO] --- maven-surefire-plugin:2.22.2:test (default-test) @ xwiki-rendering-test ---
[2025-12-11 20:11:17] [build-stdout] [INFO] Tests are skipped.
[2025-12-11 20:11:17] [build-stdout] [INFO] Skipped
[2025-12-11 20:11:17] [build-stdout] [INFO] 
[2025-12-11 20:11:17] [build-stdout] [INFO] --- maven-jar-plugin:3.2.2:jar (default-jar) @ xwiki-rendering-test ---
[2025-12-11 20:11:17] [build-stdout] [INFO] Building jar: /data/iris_projects/xwiki__xwiki-rendering_CVE-2023-32070_14.6/xwiki-rendering-test/target/xwiki-rendering-test-14.6.jar
[2025-12-11 20:11:17] [build-stdout] [INFO] 
[2025-12-11 20:11:17] [build-stdout] [INFO] ------------------------------------------------------------------------
[2025-12-11 20:11:17] [build-stdout] [INFO] Building XWiki Rendering - Syntax - Event 14.6
[2025-12-11 20:11:17] [build-stdout] [INFO] ------------------------------------------------------------------------
[2025-12-11 20:11:17] [build-stdout] [INFO] 
[2025-12-11 20:11:17] [build-stdout] [INFO] --- maven-clean-plugin:3.2.0:clean (default-clean) @ xwiki-rendering-syntax-event ---
[2025-12-11 20:11:17] [build-stdout] [INFO] Deleting /data/iris_projects/xwiki__xwiki-rendering_CVE-2023-32070_14.6/xwiki-rendering-syntaxes/xwiki-rendering-syntax-event/target
[2025-12-11 20:11:17] [build-stdout] [INFO] 
[2025-12-11 20:11:17] [build-stdout] [INFO] --- maven-enforcer-plugin:1.4.1:enforce (enforce-plugins) @ xwiki-rendering-syntax-event ---
[2025-12-11 20:11:17] [build-stdout] [INFO] 
[2025-12-11 20:11:17] [build-stdout] [INFO] --- maven-enforcer-plugin:1.4.1:enforce (enforce-jcl-log4j-isolation) @ xwiki-rendering-syntax-event ---
[2025-12-11 20:11:17] [build-stdout] [INFO] 
[2025-12-11 20:11:17] [build-stdout] [INFO] --- maven-enforcer-plugin:1.4.1:enforce (enforce-jakarta.xml.bind-api) @ xwiki-rendering-syntax-event ---
[2025-12-11 20:11:17] [build-stdout] [INFO] 
[2025-12-11 20:11:17] [build-stdout] [INFO] --- maven-enforcer-plugin:1.4.1:enforce (enforce-glasshfish-jaxb) @ xwiki-rendering-syntax-event ---
[2025-12-11 20:11:17] [build-stdout] [INFO] 
[2025-12-11 20:11:17] [build-stdout] [INFO] --- maven-enforcer-plugin:1.4.1:enforce (enforce-jaxrs1) @ xwiki-rendering-syntax-event ---
[2025-12-11 20:11:17] [build-stdout] [INFO] 
[2025-12-11 20:11:17] [build-stdout] [INFO] --- maven-enforcer-plugin:1.4.1:enforce (enforce-open-json) @ xwiki-rendering-syntax-event ---
[2025-12-11 20:11:17] [build-stdout] [INFO] 
[2025-12-11 20:11:17] [build-stdout] [INFO] --- maven-enforcer-plugin:1.4.1:enforce (enforce-glassfish-el) @ xwiki-rendering-syntax-event ---
[2025-12-11 20:11:17] [build-stdout] [INFO] 
[2025-12-11 20:11:17] [build-stdout] [INFO] --- maven-enforcer-plugin:1.4.1:enforce (enforce-commons-lang3) @ xwiki-rendering-syntax-event ---
[2025-12-11 20:11:17] [build-stdout] [INFO] 
[2025-12-11 20:11:17] [build-stdout] [INFO] --- maven-enforcer-plugin:1.4.1:enforce (enforce-commons-configuration2) @ xwiki-rendering-syntax-event ---
[2025-12-11 20:11:17] [build-stdout] [INFO] 
[2025-12-11 20:11:17] [build-stdout] [INFO] --- maven-enforcer-plugin:1.4.1:enforce (enforce-jakarta.activation-api) @ xwiki-rendering-syntax-event ---
[2025-12-11 20:11:18] [build-stdout] [INFO] 
[2025-12-11 20:11:18] [build-stdout] [INFO] --- maven-enforcer-plugin:1.4.1:enforce (enforce-jakarta.activation) @ xwiki-rendering-syntax-event ---
[2025-12-11 20:11:18] [build-stdout] [INFO] 
[2025-12-11 20:11:18] [build-stdout] [INFO] --- maven-enforcer-plugin:1.4.1:enforce (enforce-jakarta.mail-api) @ xwiki-rendering-syntax-event ---
[2025-12-11 20:11:18] [build-stdout] [INFO] 
[2025-12-11 20:11:18] [build-stdout] [INFO] --- maven-enforcer-plugin:1.4.1:enforce (enforce-jakarta.mail) @ xwiki-rendering-syntax-event ---
[2025-12-11 20:11:18] [build-stdout] [INFO] 
[2025-12-11 20:11:18] [build-stdout] [INFO] --- maven-enforcer-plugin:1.4.1:enforce (enforce-jakarta.annotation-api) @ xwiki-rendering-syntax-event ---
[2025-12-11 20:11:18] [build-stdout] [INFO] 
[2025-12-11 20:11:18] [build-stdout] [INFO] --- maven-enforcer-plugin:1.4.1:enforce (enforce-bouncycastle-ids) @ xwiki-rendering-syntax-event ---
[2025-12-11 20:11:18] [build-stdout] [INFO] 
[2025-12-11 20:11:18] [build-stdout] [INFO] --- maven-enforcer-plugin:1.4.1:enforce (enforce-velocity-engine-core) @ xwiki-rendering-syntax-event ---
[2025-12-11 20:11:18] [build-stdout] [INFO] 
[2025-12-11 20:11:18] [build-stdout] [INFO] --- maven-enforcer-plugin:1.4.1:enforce (enforce-asm) @ xwiki-rendering-syntax-event ---
[2025-12-11 20:11:18] [build-stdout] [INFO] 
[2025-12-11 20:11:18] [build-stdout] [INFO] --- maven-enforcer-plugin:1.4.1:enforce (enforce-cglib) @ xwiki-rendering-syntax-event ---
[2025-12-11 20:11:18] [build-stdout] [INFO] 
[2025-12-11 20:11:18] [build-stdout] [INFO] --- maven-enforcer-plugin:1.4.1:enforce (enforce-javase-dependencies) @ xwiki-rendering-syntax-event ---
[2025-12-11 20:11:18] [build-stdout] [INFO] 
[2025-12-11 20:11:18] [build-stdout] [INFO] --- maven-enforcer-plugin:1.4.1:enforce (enforce-jsr305) @ xwiki-rendering-syntax-event ---
[2025-12-11 20:11:18] [build-stdout] [INFO] 
[2025-12-11 20:11:18] [build-stdout] [INFO] --- maven-enforcer-plugin:1.4.1:enforce (enforce-jta) @ xwiki-rendering-syntax-event ---
[2025-12-11 20:11:18] [build-stdout] [INFO] 
[2025-12-11 20:11:18] [build-stdout] [INFO] --- maven-enforcer-plugin:1.4.1:enforce (enforce-jakarta.validation-api) @ xwiki-rendering-syntax-event ---
[2025-12-11 20:11:18] [build-stdout] [INFO] 
[2025-12-11 20:11:18] [build-stdout] [INFO] --- maven-enforcer-plugin:1.4.1:enforce (enforce-hibernate-validator) @ xwiki-rendering-syntax-event ---
[2025-12-11 20:11:18] [build-stdout] [INFO] 
[2025-12-11 20:11:18] [build-stdout] [INFO] --- maven-enforcer-plugin:1.4.1:enforce (enforce-upper-bounds) @ xwiki-rendering-syntax-event ---
[2025-12-11 20:11:18] [build-stdout] [INFO] 
[2025-12-11 20:11:18] [build-stdout] [INFO] --- maven-enforcer-plugin:1.4.1:enforce (enforce-no-legacy-dependencies) @ xwiki-rendering-syntax-event ---
[2025-12-11 20:11:18] [build-stdout] [INFO] 
[2025-12-11 20:11:18] [build-stdout] [INFO] --- maven-enforcer-plugin:1.4.1:enforce (enforce-valid-poms) @ xwiki-rendering-syntax-event ---
[2025-12-11 20:11:18] [build-stdout] [INFO] 
[2025-12-11 20:11:18] [build-stdout] [INFO] --- maven-enforcer-plugin:1.4.1:enforce (enforce-platform-isolation) @ xwiki-rendering-syntax-event ---
[2025-12-11 20:11:18] [build-stdout] [INFO] 
[2025-12-11 20:11:18] [build-stdout] [INFO] --- maven-enforcer-plugin:1.4.1:enforce (check-dependency-version) @ xwiki-rendering-syntax-event ---
[2025-12-11 20:11:18] [build-stdout] [INFO] 
[2025-12-11 20:11:18] [build-stdout] [INFO] --- xwiki-commons-tool-remote-resource-plugin:14.6:process (xwiki-license-resources) @ xwiki-rendering-syntax-event ---
[2025-12-11 20:11:18] [build-stdout] [INFO] Preparing remote bundle org.xwiki.commons:xwiki-commons-tool-license-resources:14.6
[2025-12-11 20:11:18] [build-stdout] [INFO] Copying 2 resources from 1 bundle.
[2025-12-11 20:11:19] [build-stdout] [INFO] 
[2025-12-11 20:11:19] [build-stdout] [INFO] --- maven-resources-plugin:3.2.0:resources (default-resources) @ xwiki-rendering-syntax-event ---
[2025-12-11 20:11:19] [build-stdout] [INFO] Using 'UTF-8' encoding to copy filtered resources.
[2025-12-11 20:11:19] [build-stdout] [INFO] Using 'UTF-8' encoding to copy filtered properties files.
[2025-12-11 20:11:19] [build-stdout] [INFO] Copying 1 resource
[2025-12-11 20:11:19] [build-stdout] [INFO] Copying 2 resources
[2025-12-11 20:11:19] [build-stdout] [INFO] 
[2025-12-11 20:11:19] [build-stdout] [INFO] --- maven-compiler-plugin:3.10.1:compile (default-compile) @ xwiki-rendering-syntax-event ---
[2025-12-11 20:11:19] [build-stdout] [INFO] Loaded from the build cache, saving 105ms
[2025-12-11 20:11:19] [build-stdout] [INFO] 
[2025-12-11 20:11:19] [build-stdout] [INFO] --- maven-bundle-plugin:5.1.6:manifest (bundle-manifest) @ xwiki-rendering-syntax-event ---
[2025-12-11 20:11:19] [build-stdout] [INFO] No MANIFEST.MF file found, generating manifest.
[2025-12-11 20:11:19] [build-stdout] [INFO] Writing manifest: /data/iris_projects/xwiki__xwiki-rendering_CVE-2023-32070_14.6/xwiki-rendering-syntaxes/xwiki-rendering-syntax-event/target/classes/META-INF/MANIFEST.MF
[2025-12-11 20:11:19] [build-stdout] [INFO] 
[2025-12-11 20:11:19] [build-stdout] [INFO] --- maven-resources-plugin:3.2.0:testResources (default-testResources) @ xwiki-rendering-syntax-event ---
[2025-12-11 20:11:19] [build-stdout] [INFO] Using 'UTF-8' encoding to copy filtered resources.
[2025-12-11 20:11:19] [build-stdout] [INFO] Using 'UTF-8' encoding to copy filtered properties files.
[2025-12-11 20:11:19] [build-stdout] [INFO] Copying 36 resources
[2025-12-11 20:11:19] [build-stdout] [INFO] Copying 2 resources
[2025-12-11 20:11:19] [build-stdout] [INFO] 
[2025-12-11 20:11:19] [build-stdout] [INFO] --- maven-compiler-plugin:3.10.1:testCompile (default-testCompile) @ xwiki-rendering-syntax-event ---
[2025-12-11 20:11:19] [build-stdout] [INFO] Loaded from the build cache, saving 103ms
[2025-12-11 20:11:19] [build-stdout] [INFO] 
[2025-12-11 20:11:19] [build-stdout] [INFO] --- maven-surefire-plugin:2.22.2:test (default-test) @ xwiki-rendering-syntax-event ---
[2025-12-11 20:11:19] [build-stdout] [INFO] Tests are skipped.
[2025-12-11 20:11:19] [build-stdout] [INFO] Skipped
[2025-12-11 20:11:19] [build-stdout] [INFO] 
[2025-12-11 20:11:19] [build-stdout] [INFO] --- maven-jar-plugin:3.2.2:jar (default-jar) @ xwiki-rendering-syntax-event ---
[2025-12-11 20:11:19] [build-stdout] [INFO] Building jar: /data/iris_projects/xwiki__xwiki-rendering_CVE-2023-32070_14.6/xwiki-rendering-syntaxes/xwiki-rendering-syntax-event/target/xwiki-rendering-syntax-event-14.6.jar
[2025-12-11 20:11:19] [build-stdout] [INFO] 
[2025-12-11 20:11:19] [build-stdout] [INFO] ------------------------------------------------------------------------
[2025-12-11 20:11:19] [build-stdout] [INFO] Building XWiki Rendering - Syntax - Plain 14.6
[2025-12-11 20:11:19] [build-stdout] [INFO] ------------------------------------------------------------------------
[2025-12-11 20:11:19] [build-stdout] [INFO] 
[2025-12-11 20:11:19] [build-stdout] [INFO] --- maven-clean-plugin:3.2.0:clean (default-clean) @ xwiki-rendering-syntax-plain ---
[2025-12-11 20:11:19] [build-stdout] [INFO] Deleting /data/iris_projects/xwiki__xwiki-rendering_CVE-2023-32070_14.6/xwiki-rendering-syntaxes/xwiki-rendering-syntax-plain/target
[2025-12-11 20:11:19] [build-stdout] [INFO] 
[2025-12-11 20:11:19] [build-stdout] [INFO] --- maven-enforcer-plugin:1.4.1:enforce (enforce-plugins) @ xwiki-rendering-syntax-plain ---
[2025-12-11 20:11:19] [build-stdout] [INFO] 
[2025-12-11 20:11:19] [build-stdout] [INFO] --- maven-enforcer-plugin:1.4.1:enforce (enforce-jcl-log4j-isolation) @ xwiki-rendering-syntax-plain ---
[2025-12-11 20:11:19] [build-stdout] [INFO] 
[2025-12-11 20:11:19] [build-stdout] [INFO] --- maven-enforcer-plugin:1.4.1:enforce (enforce-jakarta.xml.bind-api) @ xwiki-rendering-syntax-plain ---
[2025-12-11 20:11:19] [build-stdout] [INFO] 
[2025-12-11 20:11:19] [build-stdout] [INFO] --- maven-enforcer-plugin:1.4.1:enforce (enforce-glasshfish-jaxb) @ xwiki-rendering-syntax-plain ---
[2025-12-11 20:11:19] [build-stdout] [INFO] 
[2025-12-11 20:11:19] [build-stdout] [INFO] --- maven-enforcer-plugin:1.4.1:enforce (enforce-jaxrs1) @ xwiki-rendering-syntax-plain ---
[2025-12-11 20:11:19] [build-stdout] [INFO] 
[2025-12-11 20:11:19] [build-stdout] [INFO] --- maven-enforcer-plugin:1.4.1:enforce (enforce-open-json) @ xwiki-rendering-syntax-plain ---
[2025-12-11 20:11:19] [build-stdout] [INFO] 
[2025-12-11 20:11:19] [build-stdout] [INFO] --- maven-enforcer-plugin:1.4.1:enforce (enforce-glassfish-el) @ xwiki-rendering-syntax-plain ---
[2025-12-11 20:11:19] [build-stdout] [INFO] 
[2025-12-11 20:11:19] [build-stdout] [INFO] --- maven-enforcer-plugin:1.4.1:enforce (enforce-commons-lang3) @ xwiki-rendering-syntax-plain ---
[2025-12-11 20:11:19] [build-stdout] [INFO] 
[2025-12-11 20:11:19] [build-stdout] [INFO] --- maven-enforcer-plugin:1.4.1:enforce (enforce-commons-configuration2) @ xwiki-rendering-syntax-plain ---
[2025-12-11 20:11:19] [build-stdout] [INFO] 
[2025-12-11 20:11:19] [build-stdout] [INFO] --- maven-enforcer-plugin:1.4.1:enforce (enforce-jakarta.activation-api) @ xwiki-rendering-syntax-plain ---
[2025-12-11 20:11:19] [build-stdout] [INFO] 
[2025-12-11 20:11:19] [build-stdout] [INFO] --- maven-enforcer-plugin:1.4.1:enforce (enforce-jakarta.activation) @ xwiki-rendering-syntax-plain ---
[2025-12-11 20:11:19] [build-stdout] [INFO] 
[2025-12-11 20:11:19] [build-stdout] [INFO] --- maven-enforcer-plugin:1.4.1:enforce (enforce-jakarta.mail-api) @ xwiki-rendering-syntax-plain ---
[2025-12-11 20:11:19] [build-stdout] [INFO] 
[2025-12-11 20:11:19] [build-stdout] [INFO] --- maven-enforcer-plugin:1.4.1:enforce (enforce-jakarta.mail) @ xwiki-rendering-syntax-plain ---
[2025-12-11 20:11:19] [build-stdout] [INFO] 
[2025-12-11 20:11:19] [build-stdout] [INFO] --- maven-enforcer-plugin:1.4.1:enforce (enforce-jakarta.annotation-api) @ xwiki-rendering-syntax-plain ---
[2025-12-11 20:11:19] [build-stdout] [INFO] 
[2025-12-11 20:11:19] [build-stdout] [INFO] --- maven-enforcer-plugin:1.4.1:enforce (enforce-bouncycastle-ids) @ xwiki-rendering-syntax-plain ---
[2025-12-11 20:11:19] [build-stdout] [INFO] 
[2025-12-11 20:11:19] [build-stdout] [INFO] --- maven-enforcer-plugin:1.4.1:enforce (enforce-velocity-engine-core) @ xwiki-rendering-syntax-plain ---
[2025-12-11 20:11:19] [build-stdout] [INFO] 
[2025-12-11 20:11:19] [build-stdout] [INFO] --- maven-enforcer-plugin:1.4.1:enforce (enforce-asm) @ xwiki-rendering-syntax-plain ---
[2025-12-11 20:11:19] [build-stdout] [INFO] 
[2025-12-11 20:11:19] [build-stdout] [INFO] --- maven-enforcer-plugin:1.4.1:enforce (enforce-cglib) @ xwiki-rendering-syntax-plain ---
[2025-12-11 20:11:19] [build-stdout] [INFO] 
[2025-12-11 20:11:19] [build-stdout] [INFO] --- maven-enforcer-plugin:1.4.1:enforce (enforce-javase-dependencies) @ xwiki-rendering-syntax-plain ---
[2025-12-11 20:11:19] [build-stdout] [INFO] 
[2025-12-11 20:11:19] [build-stdout] [INFO] --- maven-enforcer-plugin:1.4.1:enforce (enforce-jsr305) @ xwiki-rendering-syntax-plain ---
[2025-12-11 20:11:19] [build-stdout] [INFO] 
[2025-12-11 20:11:19] [build-stdout] [INFO] --- maven-enforcer-plugin:1.4.1:enforce (enforce-jta) @ xwiki-rendering-syntax-plain ---
[2025-12-11 20:11:19] [build-stdout] [INFO] 
[2025-12-11 20:11:19] [build-stdout] [INFO] --- maven-enforcer-plugin:1.4.1:enforce (enforce-jakarta.validation-api) @ xwiki-rendering-syntax-plain ---
[2025-12-11 20:11:19] [build-stdout] [INFO] 
[2025-12-11 20:11:19] [build-stdout] [INFO] --- maven-enforcer-plugin:1.4.1:enforce (enforce-hibernate-validator) @ xwiki-rendering-syntax-plain ---
[2025-12-11 20:11:19] [build-stdout] [INFO] 
[2025-12-11 20:11:19] [build-stdout] [INFO] --- maven-enforcer-plugin:1.4.1:enforce (enforce-upper-bounds) @ xwiki-rendering-syntax-plain ---
[2025-12-11 20:11:19] [build-stdout] [INFO] 
[2025-12-11 20:11:19] [build-stdout] [INFO] --- maven-enforcer-plugin:1.4.1:enforce (enforce-no-legacy-dependencies) @ xwiki-rendering-syntax-plain ---
[2025-12-11 20:11:19] [build-stdout] [INFO] 
[2025-12-11 20:11:19] [build-stdout] [INFO] --- maven-enforcer-plugin:1.4.1:enforce (enforce-valid-poms) @ xwiki-rendering-syntax-plain ---
[2025-12-11 20:11:19] [build-stdout] [INFO] 
[2025-12-11 20:11:19] [build-stdout] [INFO] --- maven-enforcer-plugin:1.4.1:enforce (enforce-platform-isolation) @ xwiki-rendering-syntax-plain ---
[2025-12-11 20:11:19] [build-stdout] [INFO] 
[2025-12-11 20:11:19] [build-stdout] [INFO] --- maven-enforcer-plugin:1.4.1:enforce (check-dependency-version) @ xwiki-rendering-syntax-plain ---
[2025-12-11 20:11:19] [build-stdout] [INFO] 
[2025-12-11 20:11:19] [build-stdout] [INFO] --- xwiki-commons-tool-remote-resource-plugin:14.6:process (xwiki-license-resources) @ xwiki-rendering-syntax-plain ---
[2025-12-11 20:11:19] [build-stdout] [INFO] Preparing remote bundle org.xwiki.commons:xwiki-commons-tool-license-resources:14.6
[2025-12-11 20:11:19] [build-stdout] [INFO] Copying 2 resources from 1 bundle.
[2025-12-11 20:11:20] [build-stdout] [INFO] 
[2025-12-11 20:11:20] [build-stdout] [INFO] --- maven-resources-plugin:3.2.0:resources (default-resources) @ xwiki-rendering-syntax-plain ---
[2025-12-11 20:11:20] [build-stdout] [INFO] Using 'UTF-8' encoding to copy filtered resources.
[2025-12-11 20:11:20] [build-stdout] [INFO] Using 'UTF-8' encoding to copy filtered properties files.
[2025-12-11 20:11:20] [build-stdout] [INFO] Copying 1 resource
[2025-12-11 20:11:20] [build-stdout] [INFO] Copying 2 resources
[2025-12-11 20:11:20] [build-stdout] [INFO] 
[2025-12-11 20:11:20] [build-stdout] [INFO] --- maven-compiler-plugin:3.10.1:compile (default-compile) @ xwiki-rendering-syntax-plain ---
[2025-12-11 20:11:20] [build-stdout] [INFO] Loaded from the build cache, saving 88ms
[2025-12-11 20:11:20] [build-stdout] [INFO] 
[2025-12-11 20:11:20] [build-stdout] [INFO] --- maven-bundle-plugin:5.1.6:manifest (bundle-manifest) @ xwiki-rendering-syntax-plain ---
[2025-12-11 20:11:20] [build-stdout] [INFO] No MANIFEST.MF file found, generating manifest.
[2025-12-11 20:11:20] [build-stdout] [INFO] Writing manifest: /data/iris_projects/xwiki__xwiki-rendering_CVE-2023-32070_14.6/xwiki-rendering-syntaxes/xwiki-rendering-syntax-plain/target/classes/META-INF/MANIFEST.MF
[2025-12-11 20:11:20] [build-stdout] [INFO] 
[2025-12-11 20:11:20] [build-stdout] [INFO] --- maven-resources-plugin:3.2.0:testResources (default-testResources) @ xwiki-rendering-syntax-plain ---
[2025-12-11 20:11:20] [build-stdout] [INFO] Using 'UTF-8' encoding to copy filtered resources.
[2025-12-11 20:11:20] [build-stdout] [INFO] Using 'UTF-8' encoding to copy filtered properties files.
[2025-12-11 20:11:20] [build-stdout] [INFO] Copying 39 resources
[2025-12-11 20:11:20] [build-stdout] [INFO] Copying 2 resources
[2025-12-11 20:11:20] [build-stdout] [INFO] 
[2025-12-11 20:11:20] [build-stdout] [INFO] --- maven-compiler-plugin:3.10.1:testCompile (default-testCompile) @ xwiki-rendering-syntax-plain ---
[2025-12-11 20:11:20] [build-stdout] [INFO] Loaded from the build cache, saving 102ms
[2025-12-11 20:11:20] [build-stdout] [INFO] 
[2025-12-11 20:11:20] [build-stdout] [INFO] --- maven-surefire-plugin:2.22.2:test (default-test) @ xwiki-rendering-syntax-plain ---
[2025-12-11 20:11:20] [build-stdout] [INFO] Tests are skipped.
[2025-12-11 20:11:20] [build-stdout] [INFO] Skipped
[2025-12-11 20:11:20] [build-stdout] [INFO] 
[2025-12-11 20:11:20] [build-stdout] [INFO] --- maven-jar-plugin:3.2.2:jar (default-jar) @ xwiki-rendering-syntax-plain ---
[2025-12-11 20:11:20] [build-stdout] [INFO] Building jar: /data/iris_projects/xwiki__xwiki-rendering_CVE-2023-32070_14.6/xwiki-rendering-syntaxes/xwiki-rendering-syntax-plain/target/xwiki-rendering-syntax-plain-14.6.jar
[2025-12-11 20:11:20] [build-stdout] [INFO] 
[2025-12-11 20:11:20] [build-stdout] [INFO] ------------------------------------------------------------------------
[2025-12-11 20:11:20] [build-stdout] [INFO] Building XWiki Rendering - Syntax - WikiModel Bridge 14.6
[2025-12-11 20:11:20] [build-stdout] [INFO] ------------------------------------------------------------------------
[2025-12-11 20:11:20] [build-stdout] [INFO] 
[2025-12-11 20:11:20] [build-stdout] [INFO] --- maven-clean-plugin:3.2.0:clean (default-clean) @ xwiki-rendering-syntax-wikimodel ---
[2025-12-11 20:11:20] [build-stdout] [INFO] Deleting /data/iris_projects/xwiki__xwiki-rendering_CVE-2023-32070_14.6/xwiki-rendering-syntaxes/xwiki-rendering-syntax-wikimodel/target
[2025-12-11 20:11:20] [build-stdout] [INFO] 
[2025-12-11 20:11:20] [build-stdout] [INFO] --- maven-enforcer-plugin:1.4.1:enforce (enforce-plugins) @ xwiki-rendering-syntax-wikimodel ---
[2025-12-11 20:11:20] [build-stdout] [INFO] 
[2025-12-11 20:11:20] [build-stdout] [INFO] --- maven-enforcer-plugin:1.4.1:enforce (enforce-jcl-log4j-isolation) @ xwiki-rendering-syntax-wikimodel ---
[2025-12-11 20:11:20] [build-stdout] [INFO] 
[2025-12-11 20:11:20] [build-stdout] [INFO] --- maven-enforcer-plugin:1.4.1:enforce (enforce-jakarta.xml.bind-api) @ xwiki-rendering-syntax-wikimodel ---
[2025-12-11 20:11:20] [build-stdout] [INFO] 
[2025-12-11 20:11:20] [build-stdout] [INFO] --- maven-enforcer-plugin:1.4.1:enforce (enforce-glasshfish-jaxb) @ xwiki-rendering-syntax-wikimodel ---
[2025-12-11 20:11:20] [build-stdout] [INFO] 
[2025-12-11 20:11:20] [build-stdout] [INFO] --- maven-enforcer-plugin:1.4.1:enforce (enforce-jaxrs1) @ xwiki-rendering-syntax-wikimodel ---
[2025-12-11 20:11:20] [build-stdout] [INFO] 
[2025-12-11 20:11:20] [build-stdout] [INFO] --- maven-enforcer-plugin:1.4.1:enforce (enforce-open-json) @ xwiki-rendering-syntax-wikimodel ---
[2025-12-11 20:11:20] [build-stdout] [INFO] 
[2025-12-11 20:11:20] [build-stdout] [INFO] --- maven-enforcer-plugin:1.4.1:enforce (enforce-glassfish-el) @ xwiki-rendering-syntax-wikimodel ---
[2025-12-11 20:11:20] [build-stdout] [INFO] 
[2025-12-11 20:11:20] [build-stdout] [INFO] --- maven-enforcer-plugin:1.4.1:enforce (enforce-commons-lang3) @ xwiki-rendering-syntax-wikimodel ---
[2025-12-11 20:11:20] [build-stdout] [INFO] 
[2025-12-11 20:11:20] [build-stdout] [INFO] --- maven-enforcer-plugin:1.4.1:enforce (enforce-commons-configuration2) @ xwiki-rendering-syntax-wikimodel ---
[2025-12-11 20:11:20] [build-stdout] [INFO] 
[2025-12-11 20:11:20] [build-stdout] [INFO] --- maven-enforcer-plugin:1.4.1:enforce (enforce-jakarta.activation-api) @ xwiki-rendering-syntax-wikimodel ---
[2025-12-11 20:11:20] [build-stdout] [INFO] 
[2025-12-11 20:11:20] [build-stdout] [INFO] --- maven-enforcer-plugin:1.4.1:enforce (enforce-jakarta.activation) @ xwiki-rendering-syntax-wikimodel ---
[2025-12-11 20:11:20] [build-stdout] [INFO] 
[2025-12-11 20:11:20] [build-stdout] [INFO] --- maven-enforcer-plugin:1.4.1:enforce (enforce-jakarta.mail-api) @ xwiki-rendering-syntax-wikimodel ---
[2025-12-11 20:11:20] [build-stdout] [INFO] 
[2025-12-11 20:11:20] [build-stdout] [INFO] --- maven-enforcer-plugin:1.4.1:enforce (enforce-jakarta.mail) @ xwiki-rendering-syntax-wikimodel ---
[2025-12-11 20:11:20] [build-stdout] [INFO] 
[2025-12-11 20:11:20] [build-stdout] [INFO] --- maven-enforcer-plugin:1.4.1:enforce (enforce-jakarta.annotation-api) @ xwiki-rendering-syntax-wikimodel ---
[2025-12-11 20:11:20] [build-stdout] [INFO] 
[2025-12-11 20:11:20] [build-stdout] [INFO] --- maven-enforcer-plugin:1.4.1:enforce (enforce-bouncycastle-ids) @ xwiki-rendering-syntax-wikimodel ---
[2025-12-11 20:11:20] [build-stdout] [INFO] 
[2025-12-11 20:11:20] [build-stdout] [INFO] --- maven-enforcer-plugin:1.4.1:enforce (enforce-velocity-engine-core) @ xwiki-rendering-syntax-wikimodel ---
[2025-12-11 20:11:20] [build-stdout] [INFO] 
[2025-12-11 20:11:20] [build-stdout] [INFO] --- maven-enforcer-plugin:1.4.1:enforce (enforce-asm) @ xwiki-rendering-syntax-wikimodel ---
[2025-12-11 20:11:20] [build-stdout] [INFO] 
[2025-12-11 20:11:20] [build-stdout] [INFO] --- maven-enforcer-plugin:1.4.1:enforce (enforce-cglib) @ xwiki-rendering-syntax-wikimodel ---
[2025-12-11 20:11:20] [build-stdout] [INFO] 
[2025-12-11 20:11:20] [build-stdout] [INFO] --- maven-enforcer-plugin:1.4.1:enforce (enforce-javase-dependencies) @ xwiki-rendering-syntax-wikimodel ---
[2025-12-11 20:11:20] [build-stdout] [INFO] 
[2025-12-11 20:11:20] [build-stdout] [INFO] --- maven-enforcer-plugin:1.4.1:enforce (enforce-jsr305) @ xwiki-rendering-syntax-wikimodel ---
[2025-12-11 20:11:20] [build-stdout] [INFO] 
[2025-12-11 20:11:20] [build-stdout] [INFO] --- maven-enforcer-plugin:1.4.1:enforce (enforce-jta) @ xwiki-rendering-syntax-wikimodel ---
[2025-12-11 20:11:20] [build-stdout] [INFO] 
[2025-12-11 20:11:20] [build-stdout] [INFO] --- maven-enforcer-plugin:1.4.1:enforce (enforce-jakarta.validation-api) @ xwiki-rendering-syntax-wikimodel ---
[2025-12-11 20:11:20] [build-stdout] [INFO] 
[2025-12-11 20:11:20] [build-stdout] [INFO] --- maven-enforcer-plugin:1.4.1:enforce (enforce-hibernate-validator) @ xwiki-rendering-syntax-wikimodel ---
[2025-12-11 20:11:20] [build-stdout] [INFO] 
[2025-12-11 20:11:20] [build-stdout] [INFO] --- maven-enforcer-plugin:1.4.1:enforce (enforce-upper-bounds) @ xwiki-rendering-syntax-wikimodel ---
[2025-12-11 20:11:20] [build-stdout] [INFO] 
[2025-12-11 20:11:20] [build-stdout] [INFO] --- maven-enforcer-plugin:1.4.1:enforce (enforce-no-legacy-dependencies) @ xwiki-rendering-syntax-wikimodel ---
[2025-12-11 20:11:20] [build-stdout] [INFO] 
[2025-12-11 20:11:20] [build-stdout] [INFO] --- maven-enforcer-plugin:1.4.1:enforce (enforce-valid-poms) @ xwiki-rendering-syntax-wikimodel ---
[2025-12-11 20:11:20] [build-stdout] [INFO] 
[2025-12-11 20:11:20] [build-stdout] [INFO] --- maven-enforcer-plugin:1.4.1:enforce (enforce-platform-isolation) @ xwiki-rendering-syntax-wikimodel ---
[2025-12-11 20:11:20] [build-stdout] [INFO] 
[2025-12-11 20:11:20] [build-stdout] [INFO] --- maven-enforcer-plugin:1.4.1:enforce (check-dependency-version) @ xwiki-rendering-syntax-wikimodel ---
[2025-12-11 20:11:20] [build-stdout] [INFO] 
[2025-12-11 20:11:20] [build-stdout] [INFO] --- xwiki-commons-tool-remote-resource-plugin:14.6:process (xwiki-license-resources) @ xwiki-rendering-syntax-wikimodel ---
[2025-12-11 20:11:20] [build-stdout] [INFO] Preparing remote bundle org.xwiki.commons:xwiki-commons-tool-license-resources:14.6
[2025-12-11 20:11:20] [build-stdout] [INFO] Copying 2 resources from 1 bundle.
[2025-12-11 20:11:21] [build-stdout] [INFO] 
[2025-12-11 20:11:21] [build-stdout] [INFO] --- maven-resources-plugin:3.2.0:resources (default-resources) @ xwiki-rendering-syntax-wikimodel ---
[2025-12-11 20:11:21] [build-stdout] [INFO] Using 'UTF-8' encoding to copy filtered resources.
[2025-12-11 20:11:21] [build-stdout] [INFO] Using 'UTF-8' encoding to copy filtered properties files.
[2025-12-11 20:11:21] [build-stdout] [INFO] skip non existing resourceDirectory /data/iris_projects/xwiki__xwiki-rendering_CVE-2023-32070_14.6/xwiki-rendering-syntaxes/xwiki-rendering-syntax-wikimodel/src/main/resources
[2025-12-11 20:11:21] [build-stdout] [INFO] Copying 2 resources
[2025-12-11 20:11:21] [build-stdout] [INFO] 
[2025-12-11 20:11:21] [build-stdout] [INFO] --- maven-compiler-plugin:3.10.1:compile (default-compile) @ xwiki-rendering-syntax-wikimodel ---
[2025-12-11 20:11:21] [build-stdout] [INFO] Loaded from the build cache, saving 56ms
[2025-12-11 20:11:21] [build-stdout] [INFO] 
[2025-12-11 20:11:21] [build-stdout] [INFO] --- maven-bundle-plugin:5.1.6:manifest (bundle-manifest) @ xwiki-rendering-syntax-wikimodel ---
[2025-12-11 20:11:21] [build-stdout] [INFO] No MANIFEST.MF file found, generating manifest.
[2025-12-11 20:11:21] [build-stdout] [INFO] Writing manifest: /data/iris_projects/xwiki__xwiki-rendering_CVE-2023-32070_14.6/xwiki-rendering-syntaxes/xwiki-rendering-syntax-wikimodel/target/classes/META-INF/MANIFEST.MF
[2025-12-11 20:11:21] [build-stdout] [INFO] 
[2025-12-11 20:11:21] [build-stdout] [INFO] --- maven-resources-plugin:3.2.0:testResources (default-testResources) @ xwiki-rendering-syntax-wikimodel ---
[2025-12-11 20:11:21] [build-stdout] [INFO] Using 'UTF-8' encoding to copy filtered resources.
[2025-12-11 20:11:21] [build-stdout] [INFO] Using 'UTF-8' encoding to copy filtered properties files.
[2025-12-11 20:11:21] [build-stdout] [INFO] skip non existing resourceDirectory /data/iris_projects/xwiki__xwiki-rendering_CVE-2023-32070_14.6/xwiki-rendering-syntaxes/xwiki-rendering-syntax-wikimodel/src/test/resources
[2025-12-11 20:11:21] [build-stdout] [INFO] Copying 2 resources
[2025-12-11 20:11:21] [build-stdout] [INFO] 
[2025-12-11 20:11:21] [build-stdout] [INFO] --- maven-compiler-plugin:3.10.1:testCompile (default-testCompile) @ xwiki-rendering-syntax-wikimodel ---
[2025-12-11 20:11:21] [build-stdout] [INFO] Loaded from the build cache
[2025-12-11 20:11:21] [build-stdout] [INFO] 
[2025-12-11 20:11:21] [build-stdout] [INFO] --- maven-surefire-plugin:2.22.2:test (default-test) @ xwiki-rendering-syntax-wikimodel ---
[2025-12-11 20:11:21] [build-stdout] [INFO] Tests are skipped.
[2025-12-11 20:11:21] [build-stdout] [INFO] Skipped
[2025-12-11 20:11:21] [build-stdout] [INFO] 
[2025-12-11 20:11:21] [build-stdout] [INFO] --- maven-jar-plugin:3.2.2:jar (default-jar) @ xwiki-rendering-syntax-wikimodel ---
[2025-12-11 20:11:21] [build-stdout] [INFO] Building jar: /data/iris_projects/xwiki__xwiki-rendering_CVE-2023-32070_14.6/xwiki-rendering-syntaxes/xwiki-rendering-syntax-wikimodel/target/xwiki-rendering-syntax-wikimodel-14.6.jar
[2025-12-11 20:11:21] [build-stdout] [INFO] 
[2025-12-11 20:11:21] [build-stdout] [INFO] ------------------------------------------------------------------------
[2025-12-11 20:11:21] [build-stdout] [INFO] Building XWiki Rendering - Syntax - XWiki 2.0 14.6
[2025-12-11 20:11:21] [build-stdout] [INFO] ------------------------------------------------------------------------
[2025-12-11 20:11:21] [build-stdout] [INFO] 
[2025-12-11 20:11:21] [build-stdout] [INFO] --- maven-clean-plugin:3.2.0:clean (default-clean) @ xwiki-rendering-syntax-xwiki20 ---
[2025-12-11 20:11:21] [build-stdout] [INFO] Deleting /data/iris_projects/xwiki__xwiki-rendering_CVE-2023-32070_14.6/xwiki-rendering-syntaxes/xwiki-rendering-syntax-xwiki20/target
[2025-12-11 20:11:21] [build-stdout] [INFO] 
[2025-12-11 20:11:21] [build-stdout] [INFO] --- maven-enforcer-plugin:1.4.1:enforce (enforce-plugins) @ xwiki-rendering-syntax-xwiki20 ---
[2025-12-11 20:11:21] [build-stdout] [INFO] 
[2025-12-11 20:11:21] [build-stdout] [INFO] --- maven-enforcer-plugin:1.4.1:enforce (enforce-jcl-log4j-isolation) @ xwiki-rendering-syntax-xwiki20 ---
[2025-12-11 20:11:21] [build-stdout] [INFO] 
[2025-12-11 20:11:21] [build-stdout] [INFO] --- maven-enforcer-plugin:1.4.1:enforce (enforce-jakarta.xml.bind-api) @ xwiki-rendering-syntax-xwiki20 ---
[2025-12-11 20:11:21] [build-stdout] [INFO] 
[2025-12-11 20:11:21] [build-stdout] [INFO] --- maven-enforcer-plugin:1.4.1:enforce (enforce-glasshfish-jaxb) @ xwiki-rendering-syntax-xwiki20 ---
[2025-12-11 20:11:21] [build-stdout] [INFO] 
[2025-12-11 20:11:21] [build-stdout] [INFO] --- maven-enforcer-plugin:1.4.1:enforce (enforce-jaxrs1) @ xwiki-rendering-syntax-xwiki20 ---
[2025-12-11 20:11:21] [build-stdout] [INFO] 
[2025-12-11 20:11:21] [build-stdout] [INFO] --- maven-enforcer-plugin:1.4.1:enforce (enforce-open-json) @ xwiki-rendering-syntax-xwiki20 ---
[2025-12-11 20:11:21] [build-stdout] [INFO] 
[2025-12-11 20:11:21] [build-stdout] [INFO] --- maven-enforcer-plugin:1.4.1:enforce (enforce-glassfish-el) @ xwiki-rendering-syntax-xwiki20 ---
[2025-12-11 20:11:21] [build-stdout] [INFO] 
[2025-12-11 20:11:21] [build-stdout] [INFO] --- maven-enforcer-plugin:1.4.1:enforce (enforce-commons-lang3) @ xwiki-rendering-syntax-xwiki20 ---
[2025-12-11 20:11:21] [build-stdout] [INFO] 
[2025-12-11 20:11:21] [build-stdout] [INFO] --- maven-enforcer-plugin:1.4.1:enforce (enforce-commons-configuration2) @ xwiki-rendering-syntax-xwiki20 ---
[2025-12-11 20:11:21] [build-stdout] [INFO] 
[2025-12-11 20:11:21] [build-stdout] [INFO] --- maven-enforcer-plugin:1.4.1:enforce (enforce-jakarta.activation-api) @ xwiki-rendering-syntax-xwiki20 ---
[2025-12-11 20:11:21] [build-stdout] [INFO] 
[2025-12-11 20:11:21] [build-stdout] [INFO] --- maven-enforcer-plugin:1.4.1:enforce (enforce-jakarta.activation) @ xwiki-rendering-syntax-xwiki20 ---
[2025-12-11 20:11:21] [build-stdout] [INFO] 
[2025-12-11 20:11:21] [build-stdout] [INFO] --- maven-enforcer-plugin:1.4.1:enforce (enforce-jakarta.mail-api) @ xwiki-rendering-syntax-xwiki20 ---
[2025-12-11 20:11:21] [build-stdout] [INFO] 
[2025-12-11 20:11:21] [build-stdout] [INFO] --- maven-enforcer-plugin:1.4.1:enforce (enforce-jakarta.mail) @ xwiki-rendering-syntax-xwiki20 ---
[2025-12-11 20:11:21] [build-stdout] [INFO] 
[2025-12-11 20:11:21] [build-stdout] [INFO] --- maven-enforcer-plugin:1.4.1:enforce (enforce-jakarta.annotation-api) @ xwiki-rendering-syntax-xwiki20 ---
[2025-12-11 20:11:21] [build-stdout] [INFO] 
[2025-12-11 20:11:21] [build-stdout] [INFO] --- maven-enforcer-plugin:1.4.1:enforce (enforce-bouncycastle-ids) @ xwiki-rendering-syntax-xwiki20 ---
[2025-12-11 20:11:21] [build-stdout] [INFO] 
[2025-12-11 20:11:21] [build-stdout] [INFO] --- maven-enforcer-plugin:1.4.1:enforce (enforce-velocity-engine-core) @ xwiki-rendering-syntax-xwiki20 ---
[2025-12-11 20:11:21] [build-stdout] [INFO] 
[2025-12-11 20:11:21] [build-stdout] [INFO] --- maven-enforcer-plugin:1.4.1:enforce (enforce-asm) @ xwiki-rendering-syntax-xwiki20 ---
[2025-12-11 20:11:21] [build-stdout] [INFO] 
[2025-12-11 20:11:21] [build-stdout] [INFO] --- maven-enforcer-plugin:1.4.1:enforce (enforce-cglib) @ xwiki-rendering-syntax-xwiki20 ---
[2025-12-11 20:11:21] [build-stdout] [INFO] 
[2025-12-11 20:11:21] [build-stdout] [INFO] --- maven-enforcer-plugin:1.4.1:enforce (enforce-javase-dependencies) @ xwiki-rendering-syntax-xwiki20 ---
[2025-12-11 20:11:21] [build-stdout] [INFO] 
[2025-12-11 20:11:21] [build-stdout] [INFO] --- maven-enforcer-plugin:1.4.1:enforce (enforce-jsr305) @ xwiki-rendering-syntax-xwiki20 ---
[2025-12-11 20:11:21] [build-stdout] [INFO] 
[2025-12-11 20:11:21] [build-stdout] [INFO] --- maven-enforcer-plugin:1.4.1:enforce (enforce-jta) @ xwiki-rendering-syntax-xwiki20 ---
[2025-12-11 20:11:21] [build-stdout] [INFO] 
[2025-12-11 20:11:21] [build-stdout] [INFO] --- maven-enforcer-plugin:1.4.1:enforce (enforce-jakarta.validation-api) @ xwiki-rendering-syntax-xwiki20 ---
[2025-12-11 20:11:21] [build-stdout] [INFO] 
[2025-12-11 20:11:21] [build-stdout] [INFO] --- maven-enforcer-plugin:1.4.1:enforce (enforce-hibernate-validator) @ xwiki-rendering-syntax-xwiki20 ---
[2025-12-11 20:11:21] [build-stdout] [INFO] 
[2025-12-11 20:11:21] [build-stdout] [INFO] --- maven-enforcer-plugin:1.4.1:enforce (enforce-upper-bounds) @ xwiki-rendering-syntax-xwiki20 ---
[2025-12-11 20:11:21] [build-stdout] [INFO] 
[2025-12-11 20:11:21] [build-stdout] [INFO] --- maven-enforcer-plugin:1.4.1:enforce (enforce-no-legacy-dependencies) @ xwiki-rendering-syntax-xwiki20 ---
[2025-12-11 20:11:21] [build-stdout] [INFO] 
[2025-12-11 20:11:21] [build-stdout] [INFO] --- maven-enforcer-plugin:1.4.1:enforce (enforce-valid-poms) @ xwiki-rendering-syntax-xwiki20 ---
[2025-12-11 20:11:21] [build-stdout] [INFO] 
[2025-12-11 20:11:21] [build-stdout] [INFO] --- maven-enforcer-plugin:1.4.1:enforce (enforce-platform-isolation) @ xwiki-rendering-syntax-xwiki20 ---
[2025-12-11 20:11:21] [build-stdout] [INFO] 
[2025-12-11 20:11:21] [build-stdout] [INFO] --- maven-enforcer-plugin:1.4.1:enforce (check-dependency-version) @ xwiki-rendering-syntax-xwiki20 ---
[2025-12-11 20:11:21] [build-stdout] [INFO] 
[2025-12-11 20:11:21] [build-stdout] [INFO] --- xwiki-commons-tool-remote-resource-plugin:14.6:process (xwiki-license-resources) @ xwiki-rendering-syntax-xwiki20 ---
[2025-12-11 20:11:21] [build-stdout] [INFO] Preparing remote bundle org.xwiki.commons:xwiki-commons-tool-license-resources:14.6
[2025-12-11 20:11:21] [build-stdout] [INFO] Copying 2 resources from 1 bundle.
[2025-12-11 20:11:22] [build-stdout] [INFO] 
[2025-12-11 20:11:22] [build-stdout] [INFO] --- maven-resources-plugin:3.2.0:resources (default-resources) @ xwiki-rendering-syntax-xwiki20 ---
[2025-12-11 20:11:22] [build-stdout] [INFO] Using 'UTF-8' encoding to copy filtered resources.
[2025-12-11 20:11:22] [build-stdout] [INFO] Using 'UTF-8' encoding to copy filtered properties files.
[2025-12-11 20:11:22] [build-stdout] [INFO] Copying 1 resource
[2025-12-11 20:11:22] [build-stdout] [INFO] Copying 2 resources
[2025-12-11 20:11:22] [build-stdout] [INFO] 
[2025-12-11 20:11:22] [build-stdout] [INFO] --- maven-compiler-plugin:3.10.1:compile (default-compile) @ xwiki-rendering-syntax-xwiki20 ---
[2025-12-11 20:11:22] [build-stdout] [INFO] Loaded from the build cache, saving 168ms
[2025-12-11 20:11:22] [build-stdout] [INFO] 
[2025-12-11 20:11:22] [build-stdout] [INFO] --- maven-bundle-plugin:5.1.6:manifest (bundle-manifest) @ xwiki-rendering-syntax-xwiki20 ---
[2025-12-11 20:11:22] [build-stdout] [INFO] No MANIFEST.MF file found, generating manifest.
[2025-12-11 20:11:22] [build-stdout] [INFO] Writing manifest: /data/iris_projects/xwiki__xwiki-rendering_CVE-2023-32070_14.6/xwiki-rendering-syntaxes/xwiki-rendering-syntax-xwiki20/target/classes/META-INF/MANIFEST.MF
[2025-12-11 20:11:22] [build-stdout] [INFO] 
[2025-12-11 20:11:22] [build-stdout] [INFO] --- maven-resources-plugin:3.2.0:testResources (default-testResources) @ xwiki-rendering-syntax-xwiki20 ---
[2025-12-11 20:11:22] [build-stdout] [INFO] Using 'UTF-8' encoding to copy filtered resources.
[2025-12-11 20:11:22] [build-stdout] [INFO] Using 'UTF-8' encoding to copy filtered properties files.
[2025-12-11 20:11:22] [build-stdout] [INFO] Copying 71 resources
[2025-12-11 20:11:22] [build-stdout] [INFO] Copying 2 resources
[2025-12-11 20:11:22] [build-stdout] [INFO] 
[2025-12-11 20:11:22] [build-stdout] [INFO] --- maven-compiler-plugin:3.10.1:testCompile (default-testCompile) @ xwiki-rendering-syntax-xwiki20 ---
[2025-12-11 20:11:22] [build-stdout] [INFO] Loaded from the build cache, saving 258ms
[2025-12-11 20:11:22] [build-stdout] [INFO] 
[2025-12-11 20:11:22] [build-stdout] [INFO] --- maven-surefire-plugin:2.22.2:test (default-test) @ xwiki-rendering-syntax-xwiki20 ---
[2025-12-11 20:11:22] [build-stdout] [INFO] Tests are skipped.
[2025-12-11 20:11:22] [build-stdout] [INFO] Skipped
[2025-12-11 20:11:22] [build-stdout] [INFO] 
[2025-12-11 20:11:22] [build-stdout] [INFO] --- maven-jar-plugin:3.2.2:jar (default-jar) @ xwiki-rendering-syntax-xwiki20 ---
[2025-12-11 20:11:22] [build-stdout] [INFO] Building jar: /data/iris_projects/xwiki__xwiki-rendering_CVE-2023-32070_14.6/xwiki-rendering-syntaxes/xwiki-rendering-syntax-xwiki20/target/xwiki-rendering-syntax-xwiki20-14.6.jar
[2025-12-11 20:11:22] [build-stdout] [INFO] 
[2025-12-11 20:11:22] [build-stdout] [INFO] --- maven-jar-plugin:3.2.2:test-jar (default) @ xwiki-rendering-syntax-xwiki20 ---
[2025-12-11 20:11:22] [build-stdout] [INFO] Building jar: /data/iris_projects/xwiki__xwiki-rendering_CVE-2023-32070_14.6/xwiki-rendering-syntaxes/xwiki-rendering-syntax-xwiki20/target/xwiki-rendering-syntax-xwiki20-14.6-tests.jar
[2025-12-11 20:11:22] [build-stdout] [INFO] 
[2025-12-11 20:11:22] [build-stdout] [INFO] ------------------------------------------------------------------------
[2025-12-11 20:11:22] [build-stdout] [INFO] Building XWiki Rendering - Syntax - XWiki 2.1 14.6
[2025-12-11 20:11:22] [build-stdout] [INFO] ------------------------------------------------------------------------
[2025-12-11 20:11:22] [build-stdout] [INFO] 
[2025-12-11 20:11:22] [build-stdout] [INFO] --- maven-clean-plugin:3.2.0:clean (default-clean) @ xwiki-rendering-syntax-xwiki21 ---
[2025-12-11 20:11:22] [build-stdout] [INFO] Deleting /data/iris_projects/xwiki__xwiki-rendering_CVE-2023-32070_14.6/xwiki-rendering-syntaxes/xwiki-rendering-syntax-xwiki21/target
[2025-12-11 20:11:22] [build-stdout] [INFO] 
[2025-12-11 20:11:22] [build-stdout] [INFO] --- maven-enforcer-plugin:1.4.1:enforce (enforce-plugins) @ xwiki-rendering-syntax-xwiki21 ---
[2025-12-11 20:11:22] [build-stdout] [INFO] 
[2025-12-11 20:11:22] [build-stdout] [INFO] --- maven-enforcer-plugin:1.4.1:enforce (enforce-jcl-log4j-isolation) @ xwiki-rendering-syntax-xwiki21 ---
[2025-12-11 20:11:22] [build-stdout] [INFO] 
[2025-12-11 20:11:22] [build-stdout] [INFO] --- maven-enforcer-plugin:1.4.1:enforce (enforce-jakarta.xml.bind-api) @ xwiki-rendering-syntax-xwiki21 ---
[2025-12-11 20:11:22] [build-stdout] [INFO] 
[2025-12-11 20:11:22] [build-stdout] [INFO] --- maven-enforcer-plugin:1.4.1:enforce (enforce-glasshfish-jaxb) @ xwiki-rendering-syntax-xwiki21 ---
[2025-12-11 20:11:22] [build-stdout] [INFO] 
[2025-12-11 20:11:22] [build-stdout] [INFO] --- maven-enforcer-plugin:1.4.1:enforce (enforce-jaxrs1) @ xwiki-rendering-syntax-xwiki21 ---
[2025-12-11 20:11:22] [build-stdout] [INFO] 
[2025-12-11 20:11:22] [build-stdout] [INFO] --- maven-enforcer-plugin:1.4.1:enforce (enforce-open-json) @ xwiki-rendering-syntax-xwiki21 ---
[2025-12-11 20:11:22] [build-stdout] [INFO] 
[2025-12-11 20:11:22] [build-stdout] [INFO] --- maven-enforcer-plugin:1.4.1:enforce (enforce-glassfish-el) @ xwiki-rendering-syntax-xwiki21 ---
[2025-12-11 20:11:22] [build-stdout] [INFO] 
[2025-12-11 20:11:22] [build-stdout] [INFO] --- maven-enforcer-plugin:1.4.1:enforce (enforce-commons-lang3) @ xwiki-rendering-syntax-xwiki21 ---
[2025-12-11 20:11:22] [build-stdout] [INFO] 
[2025-12-11 20:11:22] [build-stdout] [INFO] --- maven-enforcer-plugin:1.4.1:enforce (enforce-commons-configuration2) @ xwiki-rendering-syntax-xwiki21 ---
[2025-12-11 20:11:22] [build-stdout] [INFO] 
[2025-12-11 20:11:22] [build-stdout] [INFO] --- maven-enforcer-plugin:1.4.1:enforce (enforce-jakarta.activation-api) @ xwiki-rendering-syntax-xwiki21 ---
[2025-12-11 20:11:22] [build-stdout] [INFO] 
[2025-12-11 20:11:22] [build-stdout] [INFO] --- maven-enforcer-plugin:1.4.1:enforce (enforce-jakarta.activation) @ xwiki-rendering-syntax-xwiki21 ---
[2025-12-11 20:11:22] [build-stdout] [INFO] 
[2025-12-11 20:11:22] [build-stdout] [INFO] --- maven-enforcer-plugin:1.4.1:enforce (enforce-jakarta.mail-api) @ xwiki-rendering-syntax-xwiki21 ---
[2025-12-11 20:11:22] [build-stdout] [INFO] 
[2025-12-11 20:11:22] [build-stdout] [INFO] --- maven-enforcer-plugin:1.4.1:enforce (enforce-jakarta.mail) @ xwiki-rendering-syntax-xwiki21 ---
[2025-12-11 20:11:22] [build-stdout] [INFO] 
[2025-12-11 20:11:22] [build-stdout] [INFO] --- maven-enforcer-plugin:1.4.1:enforce (enforce-jakarta.annotation-api) @ xwiki-rendering-syntax-xwiki21 ---
[2025-12-11 20:11:22] [build-stdout] [INFO] 
[2025-12-11 20:11:22] [build-stdout] [INFO] --- maven-enforcer-plugin:1.4.1:enforce (enforce-bouncycastle-ids) @ xwiki-rendering-syntax-xwiki21 ---
[2025-12-11 20:11:22] [build-stdout] [INFO] 
[2025-12-11 20:11:22] [build-stdout] [INFO] --- maven-enforcer-plugin:1.4.1:enforce (enforce-velocity-engine-core) @ xwiki-rendering-syntax-xwiki21 ---
[2025-12-11 20:11:22] [build-stdout] [INFO] 
[2025-12-11 20:11:22] [build-stdout] [INFO] --- maven-enforcer-plugin:1.4.1:enforce (enforce-asm) @ xwiki-rendering-syntax-xwiki21 ---
[2025-12-11 20:11:22] [build-stdout] [INFO] 
[2025-12-11 20:11:22] [build-stdout] [INFO] --- maven-enforcer-plugin:1.4.1:enforce (enforce-cglib) @ xwiki-rendering-syntax-xwiki21 ---
[2025-12-11 20:11:22] [build-stdout] [INFO] 
[2025-12-11 20:11:22] [build-stdout] [INFO] --- maven-enforcer-plugin:1.4.1:enforce (enforce-javase-dependencies) @ xwiki-rendering-syntax-xwiki21 ---
[2025-12-11 20:11:22] [build-stdout] [INFO] 
[2025-12-11 20:11:22] [build-stdout] [INFO] --- maven-enforcer-plugin:1.4.1:enforce (enforce-jsr305) @ xwiki-rendering-syntax-xwiki21 ---
[2025-12-11 20:11:22] [build-stdout] [INFO] 
[2025-12-11 20:11:22] [build-stdout] [INFO] --- maven-enforcer-plugin:1.4.1:enforce (enforce-jta) @ xwiki-rendering-syntax-xwiki21 ---
[2025-12-11 20:11:22] [build-stdout] [INFO] 
[2025-12-11 20:11:22] [build-stdout] [INFO] --- maven-enforcer-plugin:1.4.1:enforce (enforce-jakarta.validation-api) @ xwiki-rendering-syntax-xwiki21 ---
[2025-12-11 20:11:22] [build-stdout] [INFO] 
[2025-12-11 20:11:22] [build-stdout] [INFO] --- maven-enforcer-plugin:1.4.1:enforce (enforce-hibernate-validator) @ xwiki-rendering-syntax-xwiki21 ---
[2025-12-11 20:11:22] [build-stdout] [INFO] 
[2025-12-11 20:11:22] [build-stdout] [INFO] --- maven-enforcer-plugin:1.4.1:enforce (enforce-upper-bounds) @ xwiki-rendering-syntax-xwiki21 ---
[2025-12-11 20:11:22] [build-stdout] [INFO] 
[2025-12-11 20:11:22] [build-stdout] [INFO] --- maven-enforcer-plugin:1.4.1:enforce (enforce-no-legacy-dependencies) @ xwiki-rendering-syntax-xwiki21 ---
[2025-12-11 20:11:22] [build-stdout] [INFO] 
[2025-12-11 20:11:22] [build-stdout] [INFO] --- maven-enforcer-plugin:1.4.1:enforce (enforce-valid-poms) @ xwiki-rendering-syntax-xwiki21 ---
[2025-12-11 20:11:22] [build-stdout] [INFO] 
[2025-12-11 20:11:22] [build-stdout] [INFO] --- maven-enforcer-plugin:1.4.1:enforce (enforce-platform-isolation) @ xwiki-rendering-syntax-xwiki21 ---
[2025-12-11 20:11:22] [build-stdout] [INFO] 
[2025-12-11 20:11:22] [build-stdout] [INFO] --- maven-enforcer-plugin:1.4.1:enforce (check-dependency-version) @ xwiki-rendering-syntax-xwiki21 ---
[2025-12-11 20:11:22] [build-stdout] [INFO] 
[2025-12-11 20:11:22] [build-stdout] [INFO] --- xwiki-commons-tool-remote-resource-plugin:14.6:process (xwiki-license-resources) @ xwiki-rendering-syntax-xwiki21 ---
[2025-12-11 20:11:22] [build-stdout] [INFO] Preparing remote bundle org.xwiki.commons:xwiki-commons-tool-license-resources:14.6
[2025-12-11 20:11:22] [build-stdout] [INFO] Copying 2 resources from 1 bundle.
[2025-12-11 20:11:23] [build-stdout] [INFO] 
[2025-12-11 20:11:23] [build-stdout] [INFO] --- maven-resources-plugin:3.2.0:resources (default-resources) @ xwiki-rendering-syntax-xwiki21 ---
[2025-12-11 20:11:23] [build-stdout] [INFO] Using 'UTF-8' encoding to copy filtered resources.
[2025-12-11 20:11:23] [build-stdout] [INFO] Using 'UTF-8' encoding to copy filtered properties files.
[2025-12-11 20:11:23] [build-stdout] [INFO] Copying 1 resource
[2025-12-11 20:11:23] [build-stdout] [INFO] Copying 2 resources
[2025-12-11 20:11:23] [build-stdout] [INFO] 
[2025-12-11 20:11:23] [build-stdout] [INFO] --- maven-compiler-plugin:3.10.1:compile (default-compile) @ xwiki-rendering-syntax-xwiki21 ---
[2025-12-11 20:11:23] [build-stdout] [INFO] Loaded from the build cache, saving 122ms
[2025-12-11 20:11:23] [build-stdout] [INFO] 
[2025-12-11 20:11:23] [build-stdout] [INFO] --- maven-bundle-plugin:5.1.6:manifest (bundle-manifest) @ xwiki-rendering-syntax-xwiki21 ---
[2025-12-11 20:11:23] [build-stdout] [INFO] No MANIFEST.MF file found, generating manifest.
[2025-12-11 20:11:23] [build-stdout] [INFO] Writing manifest: /data/iris_projects/xwiki__xwiki-rendering_CVE-2023-32070_14.6/xwiki-rendering-syntaxes/xwiki-rendering-syntax-xwiki21/target/classes/META-INF/MANIFEST.MF
[2025-12-11 20:11:23] [build-stdout] [INFO] 
[2025-12-11 20:11:23] [build-stdout] [INFO] --- maven-resources-plugin:3.2.0:testResources (default-testResources) @ xwiki-rendering-syntax-xwiki21 ---
[2025-12-11 20:11:23] [build-stdout] [INFO] Using 'UTF-8' encoding to copy filtered resources.
[2025-12-11 20:11:23] [build-stdout] [INFO] Using 'UTF-8' encoding to copy filtered properties files.
[2025-12-11 20:11:23] [build-stdout] [INFO] Copying 1 resource
[2025-12-11 20:11:23] [build-stdout] [INFO] Copying 2 resources
[2025-12-11 20:11:23] [build-stdout] [INFO] 
[2025-12-11 20:11:23] [build-stdout] [INFO] --- maven-compiler-plugin:3.10.1:testCompile (default-testCompile) @ xwiki-rendering-syntax-xwiki21 ---
[2025-12-11 20:11:23] [build-stdout] [INFO] Loaded from the build cache, saving 139ms
[2025-12-11 20:11:23] [build-stdout] [INFO] 
[2025-12-11 20:11:23] [build-stdout] [INFO] --- maven-surefire-plugin:2.22.2:test (default-test) @ xwiki-rendering-syntax-xwiki21 ---
[2025-12-11 20:11:23] [build-stdout] [INFO] Tests are skipped.
[2025-12-11 20:11:23] [build-stdout] [INFO] Skipped
[2025-12-11 20:11:23] [build-stdout] [INFO] 
[2025-12-11 20:11:23] [build-stdout] [INFO] --- maven-jar-plugin:3.2.2:jar (default-jar) @ xwiki-rendering-syntax-xwiki21 ---
[2025-12-11 20:11:23] [build-stdout] [INFO] Building jar: /data/iris_projects/xwiki__xwiki-rendering_CVE-2023-32070_14.6/xwiki-rendering-syntaxes/xwiki-rendering-syntax-xwiki21/target/xwiki-rendering-syntax-xwiki21-14.6.jar
[2025-12-11 20:11:23] [build-stdout] [INFO] 
[2025-12-11 20:11:23] [build-stdout] [INFO] ------------------------------------------------------------------------
[2025-12-11 20:11:23] [build-stdout] [INFO] Building XWiki Rendering - Syntax - XHTML 14.6
[2025-12-11 20:11:23] [build-stdout] [INFO] ------------------------------------------------------------------------
[2025-12-11 20:11:23] [build-stdout] [INFO] 
[2025-12-11 20:11:23] [build-stdout] [INFO] --- maven-clean-plugin:3.2.0:clean (default-clean) @ xwiki-rendering-syntax-xhtml ---
[2025-12-11 20:11:23] [build-stdout] [INFO] Deleting /data/iris_projects/xwiki__xwiki-rendering_CVE-2023-32070_14.6/xwiki-rendering-syntaxes/xwiki-rendering-syntax-xhtml/target
[2025-12-11 20:11:23] [build-stdout] [INFO] 
[2025-12-11 20:11:23] [build-stdout] [INFO] --- maven-enforcer-plugin:1.4.1:enforce (enforce-plugins) @ xwiki-rendering-syntax-xhtml ---
[2025-12-11 20:11:23] [build-stdout] [INFO] 
[2025-12-11 20:11:23] [build-stdout] [INFO] --- maven-enforcer-plugin:1.4.1:enforce (enforce-jcl-log4j-isolation) @ xwiki-rendering-syntax-xhtml ---
[2025-12-11 20:11:23] [build-stdout] [INFO] 
[2025-12-11 20:11:23] [build-stdout] [INFO] --- maven-enforcer-plugin:1.4.1:enforce (enforce-jakarta.xml.bind-api) @ xwiki-rendering-syntax-xhtml ---
[2025-12-11 20:11:23] [build-stdout] [INFO] 
[2025-12-11 20:11:23] [build-stdout] [INFO] --- maven-enforcer-plugin:1.4.1:enforce (enforce-glasshfish-jaxb) @ xwiki-rendering-syntax-xhtml ---
[2025-12-11 20:11:23] [build-stdout] [INFO] 
[2025-12-11 20:11:23] [build-stdout] [INFO] --- maven-enforcer-plugin:1.4.1:enforce (enforce-jaxrs1) @ xwiki-rendering-syntax-xhtml ---
[2025-12-11 20:11:23] [build-stdout] [INFO] 
[2025-12-11 20:11:23] [build-stdout] [INFO] --- maven-enforcer-plugin:1.4.1:enforce (enforce-open-json) @ xwiki-rendering-syntax-xhtml ---
[2025-12-11 20:11:23] [build-stdout] [INFO] 
[2025-12-11 20:11:23] [build-stdout] [INFO] --- maven-enforcer-plugin:1.4.1:enforce (enforce-glassfish-el) @ xwiki-rendering-syntax-xhtml ---
[2025-12-11 20:11:23] [build-stdout] [INFO] 
[2025-12-11 20:11:23] [build-stdout] [INFO] --- maven-enforcer-plugin:1.4.1:enforce (enforce-commons-lang3) @ xwiki-rendering-syntax-xhtml ---
[2025-12-11 20:11:23] [build-stdout] [INFO] 
[2025-12-11 20:11:23] [build-stdout] [INFO] --- maven-enforcer-plugin:1.4.1:enforce (enforce-commons-configuration2) @ xwiki-rendering-syntax-xhtml ---
[2025-12-11 20:11:23] [build-stdout] [INFO] 
[2025-12-11 20:11:23] [build-stdout] [INFO] --- maven-enforcer-plugin:1.4.1:enforce (enforce-jakarta.activation-api) @ xwiki-rendering-syntax-xhtml ---
[2025-12-11 20:11:23] [build-stdout] [INFO] 
[2025-12-11 20:11:23] [build-stdout] [INFO] --- maven-enforcer-plugin:1.4.1:enforce (enforce-jakarta.activation) @ xwiki-rendering-syntax-xhtml ---
[2025-12-11 20:11:23] [build-stdout] [INFO] 
[2025-12-11 20:11:23] [build-stdout] [INFO] --- maven-enforcer-plugin:1.4.1:enforce (enforce-jakarta.mail-api) @ xwiki-rendering-syntax-xhtml ---
[2025-12-11 20:11:23] [build-stdout] [INFO] 
[2025-12-11 20:11:23] [build-stdout] [INFO] --- maven-enforcer-plugin:1.4.1:enforce (enforce-jakarta.mail) @ xwiki-rendering-syntax-xhtml ---
[2025-12-11 20:11:23] [build-stdout] [INFO] 
[2025-12-11 20:11:23] [build-stdout] [INFO] --- maven-enforcer-plugin:1.4.1:enforce (enforce-jakarta.annotation-api) @ xwiki-rendering-syntax-xhtml ---
[2025-12-11 20:11:23] [build-stdout] [INFO] 
[2025-12-11 20:11:23] [build-stdout] [INFO] --- maven-enforcer-plugin:1.4.1:enforce (enforce-bouncycastle-ids) @ xwiki-rendering-syntax-xhtml ---
[2025-12-11 20:11:23] [build-stdout] [INFO] 
[2025-12-11 20:11:23] [build-stdout] [INFO] --- maven-enforcer-plugin:1.4.1:enforce (enforce-velocity-engine-core) @ xwiki-rendering-syntax-xhtml ---
[2025-12-11 20:11:23] [build-stdout] [INFO] 
[2025-12-11 20:11:23] [build-stdout] [INFO] --- maven-enforcer-plugin:1.4.1:enforce (enforce-asm) @ xwiki-rendering-syntax-xhtml ---
[2025-12-11 20:11:23] [build-stdout] [INFO] 
[2025-12-11 20:11:23] [build-stdout] [INFO] --- maven-enforcer-plugin:1.4.1:enforce (enforce-cglib) @ xwiki-rendering-syntax-xhtml ---
[2025-12-11 20:11:23] [build-stdout] [INFO] 
[2025-12-11 20:11:23] [build-stdout] [INFO] --- maven-enforcer-plugin:1.4.1:enforce (enforce-javase-dependencies) @ xwiki-rendering-syntax-xhtml ---
[2025-12-11 20:11:23] [build-stdout] [INFO] 
[2025-12-11 20:11:23] [build-stdout] [INFO] --- maven-enforcer-plugin:1.4.1:enforce (enforce-jsr305) @ xwiki-rendering-syntax-xhtml ---
[2025-12-11 20:11:23] [build-stdout] [INFO] 
[2025-12-11 20:11:23] [build-stdout] [INFO] --- maven-enforcer-plugin:1.4.1:enforce (enforce-jta) @ xwiki-rendering-syntax-xhtml ---
[2025-12-11 20:11:23] [build-stdout] [INFO] 
[2025-12-11 20:11:23] [build-stdout] [INFO] --- maven-enforcer-plugin:1.4.1:enforce (enforce-jakarta.validation-api) @ xwiki-rendering-syntax-xhtml ---
[2025-12-11 20:11:23] [build-stdout] [INFO] 
[2025-12-11 20:11:23] [build-stdout] [INFO] --- maven-enforcer-plugin:1.4.1:enforce (enforce-hibernate-validator) @ xwiki-rendering-syntax-xhtml ---
[2025-12-11 20:11:23] [build-stdout] [INFO] 
[2025-12-11 20:11:23] [build-stdout] [INFO] --- maven-enforcer-plugin:1.4.1:enforce (enforce-upper-bounds) @ xwiki-rendering-syntax-xhtml ---
[2025-12-11 20:11:23] [build-stdout] [INFO] 
[2025-12-11 20:11:23] [build-stdout] [INFO] --- maven-enforcer-plugin:1.4.1:enforce (enforce-no-legacy-dependencies) @ xwiki-rendering-syntax-xhtml ---
[2025-12-11 20:11:23] [build-stdout] [INFO] 
[2025-12-11 20:11:23] [build-stdout] [INFO] --- maven-enforcer-plugin:1.4.1:enforce (enforce-valid-poms) @ xwiki-rendering-syntax-xhtml ---
[2025-12-11 20:11:23] [build-stdout] [INFO] 
[2025-12-11 20:11:23] [build-stdout] [INFO] --- maven-enforcer-plugin:1.4.1:enforce (enforce-platform-isolation) @ xwiki-rendering-syntax-xhtml ---
[2025-12-11 20:11:23] [build-stdout] [INFO] 
[2025-12-11 20:11:23] [build-stdout] [INFO] --- maven-enforcer-plugin:1.4.1:enforce (check-dependency-version) @ xwiki-rendering-syntax-xhtml ---
[2025-12-11 20:11:23] [build-stdout] [INFO] 
[2025-12-11 20:11:23] [build-stdout] [INFO] --- xwiki-commons-tool-remote-resource-plugin:14.6:process (xwiki-license-resources) @ xwiki-rendering-syntax-xhtml ---
[2025-12-11 20:11:23] [build-stdout] [INFO] Preparing remote bundle org.xwiki.commons:xwiki-commons-tool-license-resources:14.6
[2025-12-11 20:11:23] [build-stdout] [INFO] Copying 2 resources from 1 bundle.
[2025-12-11 20:11:24] [build-stdout] [INFO] 
[2025-12-11 20:11:24] [build-stdout] [INFO] --- maven-resources-plugin:3.2.0:resources (default-resources) @ xwiki-rendering-syntax-xhtml ---
[2025-12-11 20:11:24] [build-stdout] [INFO] Using 'UTF-8' encoding to copy filtered resources.
[2025-12-11 20:11:24] [build-stdout] [INFO] Using 'UTF-8' encoding to copy filtered properties files.
[2025-12-11 20:11:24] [build-stdout] [INFO] Copying 1 resource
[2025-12-11 20:11:24] [build-stdout] [INFO] Copying 2 resources
[2025-12-11 20:11:24] [build-stdout] [INFO] 
[2025-12-11 20:11:24] [build-stdout] [INFO] --- maven-compiler-plugin:3.10.1:compile (default-compile) @ xwiki-rendering-syntax-xhtml ---
[2025-12-11 20:11:24] [build-stdout] [INFO] Loaded from the build cache, saving 205ms
[2025-12-11 20:11:24] [build-stdout] [INFO] 
[2025-12-11 20:11:24] [build-stdout] [INFO] --- maven-bundle-plugin:5.1.6:manifest (bundle-manifest) @ xwiki-rendering-syntax-xhtml ---
[2025-12-11 20:11:24] [build-stdout] [INFO] No MANIFEST.MF file found, generating manifest.
[2025-12-11 20:11:24] [build-stdout] [INFO] Writing manifest: /data/iris_projects/xwiki__xwiki-rendering_CVE-2023-32070_14.6/xwiki-rendering-syntaxes/xwiki-rendering-syntax-xhtml/target/classes/META-INF/MANIFEST.MF
[2025-12-11 20:11:24] [build-stdout] [INFO] 
[2025-12-11 20:11:24] [build-stdout] [INFO] --- maven-resources-plugin:3.2.0:testResources (default-testResources) @ xwiki-rendering-syntax-xhtml ---
[2025-12-11 20:11:24] [build-stdout] [INFO] Using 'UTF-8' encoding to copy filtered resources.
[2025-12-11 20:11:24] [build-stdout] [INFO] Using 'UTF-8' encoding to copy filtered properties files.
[2025-12-11 20:11:24] [build-stdout] [INFO] Copying 102 resources
[2025-12-11 20:11:24] [build-stdout] [INFO] Copying 2 resources
[2025-12-11 20:11:24] [build-stdout] [INFO] 
[2025-12-11 20:11:24] [build-stdout] [INFO] --- maven-compiler-plugin:3.10.1:testCompile (default-testCompile) @ xwiki-rendering-syntax-xhtml ---
[2025-12-11 20:11:24] [build-stdout] [INFO] Loaded from the build cache, saving 155ms
[2025-12-11 20:11:24] [build-stdout] [INFO] 
[2025-12-11 20:11:24] [build-stdout] [INFO] --- maven-surefire-plugin:2.22.2:test (default-test) @ xwiki-rendering-syntax-xhtml ---
[2025-12-11 20:11:24] [build-stdout] [INFO] Tests are skipped.
[2025-12-11 20:11:24] [build-stdout] [INFO] Skipped
[2025-12-11 20:11:24] [build-stdout] [INFO] 
[2025-12-11 20:11:24] [build-stdout] [INFO] --- maven-jar-plugin:3.2.2:jar (default-jar) @ xwiki-rendering-syntax-xhtml ---
[2025-12-11 20:11:24] [build-stdout] [INFO] Building jar: /data/iris_projects/xwiki__xwiki-rendering_CVE-2023-32070_14.6/xwiki-rendering-syntaxes/xwiki-rendering-syntax-xhtml/target/xwiki-rendering-syntax-xhtml-14.6.jar
[2025-12-11 20:11:24] [build-stdout] [INFO] 
[2025-12-11 20:11:24] [build-stdout] [INFO] --- maven-jar-plugin:3.2.2:test-jar (default) @ xwiki-rendering-syntax-xhtml ---
[2025-12-11 20:11:24] [build-stdout] [INFO] Building jar: /data/iris_projects/xwiki__xwiki-rendering_CVE-2023-32070_14.6/xwiki-rendering-syntaxes/xwiki-rendering-syntax-xhtml/target/xwiki-rendering-syntax-xhtml-14.6-tests.jar
[2025-12-11 20:11:24] [build-stdout] [INFO] 
[2025-12-11 20:11:24] [build-stdout] [INFO] ------------------------------------------------------------------------
[2025-12-11 20:11:24] [build-stdout] [INFO] Building XWiki Rendering - Transformations - Parent POM 14.6
[2025-12-11 20:11:24] [build-stdout] [INFO] ------------------------------------------------------------------------
[2025-12-11 20:11:24] [build-stdout] [INFO] 
[2025-12-11 20:11:24] [build-stdout] [INFO] --- maven-clean-plugin:3.2.0:clean (default-clean) @ xwiki-rendering-transformations ---
[2025-12-11 20:11:24] [build-stdout] [INFO] Deleting /data/iris_projects/xwiki__xwiki-rendering_CVE-2023-32070_14.6/xwiki-rendering-transformations/target
[2025-12-11 20:11:24] [build-stdout] [INFO] 
[2025-12-11 20:11:24] [build-stdout] [INFO] --- maven-enforcer-plugin:1.4.1:enforce (enforce-plugins) @ xwiki-rendering-transformations ---
[2025-12-11 20:11:24] [build-stdout] [INFO] 
[2025-12-11 20:11:24] [build-stdout] [INFO] --- maven-enforcer-plugin:1.4.1:enforce (enforce-jcl-log4j-isolation) @ xwiki-rendering-transformations ---
[2025-12-11 20:11:24] [build-stdout] [INFO] 
[2025-12-11 20:11:24] [build-stdout] [INFO] --- maven-enforcer-plugin:1.4.1:enforce (enforce-jakarta.xml.bind-api) @ xwiki-rendering-transformations ---
[2025-12-11 20:11:24] [build-stdout] [INFO] 
[2025-12-11 20:11:24] [build-stdout] [INFO] --- maven-enforcer-plugin:1.4.1:enforce (enforce-glasshfish-jaxb) @ xwiki-rendering-transformations ---
[2025-12-11 20:11:24] [build-stdout] [INFO] 
[2025-12-11 20:11:24] [build-stdout] [INFO] --- maven-enforcer-plugin:1.4.1:enforce (enforce-jaxrs1) @ xwiki-rendering-transformations ---
[2025-12-11 20:11:24] [build-stdout] [INFO] 
[2025-12-11 20:11:24] [build-stdout] [INFO] --- maven-enforcer-plugin:1.4.1:enforce (enforce-open-json) @ xwiki-rendering-transformations ---
[2025-12-11 20:11:24] [build-stdout] [INFO] 
[2025-12-11 20:11:24] [build-stdout] [INFO] --- maven-enforcer-plugin:1.4.1:enforce (enforce-glassfish-el) @ xwiki-rendering-transformations ---
[2025-12-11 20:11:24] [build-stdout] [INFO] 
[2025-12-11 20:11:24] [build-stdout] [INFO] --- maven-enforcer-plugin:1.4.1:enforce (enforce-commons-lang3) @ xwiki-rendering-transformations ---
[2025-12-11 20:11:24] [build-stdout] [INFO] 
[2025-12-11 20:11:24] [build-stdout] [INFO] --- maven-enforcer-plugin:1.4.1:enforce (enforce-commons-configuration2) @ xwiki-rendering-transformations ---
[2025-12-11 20:11:24] [build-stdout] [INFO] 
[2025-12-11 20:11:24] [build-stdout] [INFO] --- maven-enforcer-plugin:1.4.1:enforce (enforce-jakarta.activation-api) @ xwiki-rendering-transformations ---
[2025-12-11 20:11:24] [build-stdout] [INFO] 
[2025-12-11 20:11:24] [build-stdout] [INFO] --- maven-enforcer-plugin:1.4.1:enforce (enforce-jakarta.activation) @ xwiki-rendering-transformations ---
[2025-12-11 20:11:24] [build-stdout] [INFO] 
[2025-12-11 20:11:24] [build-stdout] [INFO] --- maven-enforcer-plugin:1.4.1:enforce (enforce-jakarta.mail-api) @ xwiki-rendering-transformations ---
[2025-12-11 20:11:24] [build-stdout] [INFO] 
[2025-12-11 20:11:24] [build-stdout] [INFO] --- maven-enforcer-plugin:1.4.1:enforce (enforce-jakarta.mail) @ xwiki-rendering-transformations ---
[2025-12-11 20:11:24] [build-stdout] [INFO] 
[2025-12-11 20:11:24] [build-stdout] [INFO] --- maven-enforcer-plugin:1.4.1:enforce (enforce-jakarta.annotation-api) @ xwiki-rendering-transformations ---
[2025-12-11 20:11:24] [build-stdout] [INFO] 
[2025-12-11 20:11:24] [build-stdout] [INFO] --- maven-enforcer-plugin:1.4.1:enforce (enforce-bouncycastle-ids) @ xwiki-rendering-transformations ---
[2025-12-11 20:11:24] [build-stdout] [INFO] 
[2025-12-11 20:11:24] [build-stdout] [INFO] --- maven-enforcer-plugin:1.4.1:enforce (enforce-velocity-engine-core) @ xwiki-rendering-transformations ---
[2025-12-11 20:11:24] [build-stdout] [INFO] 
[2025-12-11 20:11:24] [build-stdout] [INFO] --- maven-enforcer-plugin:1.4.1:enforce (enforce-asm) @ xwiki-rendering-transformations ---
[2025-12-11 20:11:24] [build-stdout] [INFO] 
[2025-12-11 20:11:24] [build-stdout] [INFO] --- maven-enforcer-plugin:1.4.1:enforce (enforce-cglib) @ xwiki-rendering-transformations ---
[2025-12-11 20:11:24] [build-stdout] [INFO] 
[2025-12-11 20:11:24] [build-stdout] [INFO] --- maven-enforcer-plugin:1.4.1:enforce (enforce-javase-dependencies) @ xwiki-rendering-transformations ---
[2025-12-11 20:11:24] [build-stdout] [INFO] 
[2025-12-11 20:11:24] [build-stdout] [INFO] --- maven-enforcer-plugin:1.4.1:enforce (enforce-jsr305) @ xwiki-rendering-transformations ---
[2025-12-11 20:11:24] [build-stdout] [INFO] 
[2025-12-11 20:11:24] [build-stdout] [INFO] --- maven-enforcer-plugin:1.4.1:enforce (enforce-jta) @ xwiki-rendering-transformations ---
[2025-12-11 20:11:24] [build-stdout] [INFO] 
[2025-12-11 20:11:24] [build-stdout] [INFO] --- maven-enforcer-plugin:1.4.1:enforce (enforce-jakarta.validation-api) @ xwiki-rendering-transformations ---
[2025-12-11 20:11:24] [build-stdout] [INFO] 
[2025-12-11 20:11:24] [build-stdout] [INFO] --- maven-enforcer-plugin:1.4.1:enforce (enforce-hibernate-validator) @ xwiki-rendering-transformations ---
[2025-12-11 20:11:24] [build-stdout] [INFO] 
[2025-12-11 20:11:24] [build-stdout] [INFO] --- maven-enforcer-plugin:1.4.1:enforce (enforce-upper-bounds) @ xwiki-rendering-transformations ---
[2025-12-11 20:11:24] [build-stdout] [INFO] 
[2025-12-11 20:11:24] [build-stdout] [INFO] --- maven-enforcer-plugin:1.4.1:enforce (enforce-no-legacy-dependencies) @ xwiki-rendering-transformations ---
[2025-12-11 20:11:24] [build-stdout] [INFO] 
[2025-12-11 20:11:24] [build-stdout] [INFO] --- maven-enforcer-plugin:1.4.1:enforce (enforce-valid-poms) @ xwiki-rendering-transformations ---
[2025-12-11 20:11:24] [build-stdout] [INFO] 
[2025-12-11 20:11:24] [build-stdout] [INFO] --- maven-enforcer-plugin:1.4.1:enforce (enforce-platform-isolation) @ xwiki-rendering-transformations ---
[2025-12-11 20:11:24] [build-stdout] [INFO] 
[2025-12-11 20:11:24] [build-stdout] [INFO] --- maven-enforcer-plugin:1.4.1:enforce (check-dependency-version) @ xwiki-rendering-transformations ---
[2025-12-11 20:11:24] [build-stdout] [INFO] 
[2025-12-11 20:11:24] [build-stdout] [INFO] --- xwiki-commons-tool-remote-resource-plugin:14.6:process (xwiki-license-resources) @ xwiki-rendering-transformations ---
[2025-12-11 20:11:24] [build-stdout] [INFO] Preparing remote bundle org.xwiki.commons:xwiki-commons-tool-license-resources:14.6
[2025-12-11 20:11:24] [build-stdout] [INFO] Copying 2 resources from 1 bundle.
[2025-12-11 20:11:25] [build-stdout] [INFO] 
[2025-12-11 20:11:25] [build-stdout] [INFO] --- maven-bundle-plugin:5.1.6:manifest (bundle-manifest) @ xwiki-rendering-transformations ---
[2025-12-11 20:11:25] [build-stdout] [WARNING] Ignoring project type pom - supportedProjectTypes = [jar, bundle]
[2025-12-11 20:11:25] [build-stdout] [INFO] 
[2025-12-11 20:11:25] [build-stdout] [INFO] ------------------------------------------------------------------------
[2025-12-11 20:11:25] [build-stdout] [INFO] Building XWiki Rendering - Transformation - Macro 14.6
[2025-12-11 20:11:25] [build-stdout] [INFO] ------------------------------------------------------------------------
[2025-12-11 20:11:25] [build-stdout] [INFO] 
[2025-12-11 20:11:25] [build-stdout] [INFO] --- maven-clean-plugin:3.2.0:clean (default-clean) @ xwiki-rendering-transformation-macro ---
[2025-12-11 20:11:25] [build-stdout] [INFO] Deleting /data/iris_projects/xwiki__xwiki-rendering_CVE-2023-32070_14.6/xwiki-rendering-transformations/xwiki-rendering-transformation-macro/target
[2025-12-11 20:11:25] [build-stdout] [INFO] 
[2025-12-11 20:11:25] [build-stdout] [INFO] --- maven-enforcer-plugin:1.4.1:enforce (enforce-plugins) @ xwiki-rendering-transformation-macro ---
[2025-12-11 20:11:25] [build-stdout] [INFO] 
[2025-12-11 20:11:25] [build-stdout] [INFO] --- maven-enforcer-plugin:1.4.1:enforce (enforce-jcl-log4j-isolation) @ xwiki-rendering-transformation-macro ---
[2025-12-11 20:11:25] [build-stdout] [INFO] 
[2025-12-11 20:11:25] [build-stdout] [INFO] --- maven-enforcer-plugin:1.4.1:enforce (enforce-jakarta.xml.bind-api) @ xwiki-rendering-transformation-macro ---
[2025-12-11 20:11:25] [build-stdout] [INFO] 
[2025-12-11 20:11:25] [build-stdout] [INFO] --- maven-enforcer-plugin:1.4.1:enforce (enforce-glasshfish-jaxb) @ xwiki-rendering-transformation-macro ---
[2025-12-11 20:11:25] [build-stdout] [INFO] 
[2025-12-11 20:11:25] [build-stdout] [INFO] --- maven-enforcer-plugin:1.4.1:enforce (enforce-jaxrs1) @ xwiki-rendering-transformation-macro ---
[2025-12-11 20:11:25] [build-stdout] [INFO] 
[2025-12-11 20:11:25] [build-stdout] [INFO] --- maven-enforcer-plugin:1.4.1:enforce (enforce-open-json) @ xwiki-rendering-transformation-macro ---
[2025-12-11 20:11:25] [build-stdout] [INFO] 
[2025-12-11 20:11:25] [build-stdout] [INFO] --- maven-enforcer-plugin:1.4.1:enforce (enforce-glassfish-el) @ xwiki-rendering-transformation-macro ---
[2025-12-11 20:11:25] [build-stdout] [INFO] 
[2025-12-11 20:11:25] [build-stdout] [INFO] --- maven-enforcer-plugin:1.4.1:enforce (enforce-commons-lang3) @ xwiki-rendering-transformation-macro ---
[2025-12-11 20:11:25] [build-stdout] [INFO] 
[2025-12-11 20:11:25] [build-stdout] [INFO] --- maven-enforcer-plugin:1.4.1:enforce (enforce-commons-configuration2) @ xwiki-rendering-transformation-macro ---
[2025-12-11 20:11:25] [build-stdout] [INFO] 
[2025-12-11 20:11:25] [build-stdout] [INFO] --- maven-enforcer-plugin:1.4.1:enforce (enforce-jakarta.activation-api) @ xwiki-rendering-transformation-macro ---
[2025-12-11 20:11:25] [build-stdout] [INFO] 
[2025-12-11 20:11:25] [build-stdout] [INFO] --- maven-enforcer-plugin:1.4.1:enforce (enforce-jakarta.activation) @ xwiki-rendering-transformation-macro ---
[2025-12-11 20:11:25] [build-stdout] [INFO] 
[2025-12-11 20:11:25] [build-stdout] [INFO] --- maven-enforcer-plugin:1.4.1:enforce (enforce-jakarta.mail-api) @ xwiki-rendering-transformation-macro ---
[2025-12-11 20:11:25] [build-stdout] [INFO] 
[2025-12-11 20:11:25] [build-stdout] [INFO] --- maven-enforcer-plugin:1.4.1:enforce (enforce-jakarta.mail) @ xwiki-rendering-transformation-macro ---
[2025-12-11 20:11:25] [build-stdout] [INFO] 
[2025-12-11 20:11:25] [build-stdout] [INFO] --- maven-enforcer-plugin:1.4.1:enforce (enforce-jakarta.annotation-api) @ xwiki-rendering-transformation-macro ---
[2025-12-11 20:11:25] [build-stdout] [INFO] 
[2025-12-11 20:11:25] [build-stdout] [INFO] --- maven-enforcer-plugin:1.4.1:enforce (enforce-bouncycastle-ids) @ xwiki-rendering-transformation-macro ---
[2025-12-11 20:11:25] [build-stdout] [INFO] 
[2025-12-11 20:11:25] [build-stdout] [INFO] --- maven-enforcer-plugin:1.4.1:enforce (enforce-velocity-engine-core) @ xwiki-rendering-transformation-macro ---
[2025-12-11 20:11:25] [build-stdout] [INFO] 
[2025-12-11 20:11:25] [build-stdout] [INFO] --- maven-enforcer-plugin:1.4.1:enforce (enforce-asm) @ xwiki-rendering-transformation-macro ---
[2025-12-11 20:11:25] [build-stdout] [INFO] 
[2025-12-11 20:11:25] [build-stdout] [INFO] --- maven-enforcer-plugin:1.4.1:enforce (enforce-cglib) @ xwiki-rendering-transformation-macro ---
[2025-12-11 20:11:25] [build-stdout] [INFO] 
[2025-12-11 20:11:25] [build-stdout] [INFO] --- maven-enforcer-plugin:1.4.1:enforce (enforce-javase-dependencies) @ xwiki-rendering-transformation-macro ---
[2025-12-11 20:11:25] [build-stdout] [INFO] 
[2025-12-11 20:11:25] [build-stdout] [INFO] --- maven-enforcer-plugin:1.4.1:enforce (enforce-jsr305) @ xwiki-rendering-transformation-macro ---
[2025-12-11 20:11:25] [build-stdout] [INFO] 
[2025-12-11 20:11:25] [build-stdout] [INFO] --- maven-enforcer-plugin:1.4.1:enforce (enforce-jta) @ xwiki-rendering-transformation-macro ---
[2025-12-11 20:11:25] [build-stdout] [INFO] 
[2025-12-11 20:11:25] [build-stdout] [INFO] --- maven-enforcer-plugin:1.4.1:enforce (enforce-jakarta.validation-api) @ xwiki-rendering-transformation-macro ---
[2025-12-11 20:11:25] [build-stdout] [INFO] 
[2025-12-11 20:11:25] [build-stdout] [INFO] --- maven-enforcer-plugin:1.4.1:enforce (enforce-hibernate-validator) @ xwiki-rendering-transformation-macro ---
[2025-12-11 20:11:25] [build-stdout] [INFO] 
[2025-12-11 20:11:25] [build-stdout] [INFO] --- maven-enforcer-plugin:1.4.1:enforce (enforce-upper-bounds) @ xwiki-rendering-transformation-macro ---
[2025-12-11 20:11:25] [build-stdout] [INFO] 
[2025-12-11 20:11:25] [build-stdout] [INFO] --- maven-enforcer-plugin:1.4.1:enforce (enforce-no-legacy-dependencies) @ xwiki-rendering-transformation-macro ---
[2025-12-11 20:11:25] [build-stdout] [INFO] 
[2025-12-11 20:11:25] [build-stdout] [INFO] --- maven-enforcer-plugin:1.4.1:enforce (enforce-valid-poms) @ xwiki-rendering-transformation-macro ---
[2025-12-11 20:11:25] [build-stdout] [INFO] 
[2025-12-11 20:11:25] [build-stdout] [INFO] --- maven-enforcer-plugin:1.4.1:enforce (enforce-platform-isolation) @ xwiki-rendering-transformation-macro ---
[2025-12-11 20:11:25] [build-stdout] [INFO] 
[2025-12-11 20:11:25] [build-stdout] [INFO] --- maven-enforcer-plugin:1.4.1:enforce (check-dependency-version) @ xwiki-rendering-transformation-macro ---
[2025-12-11 20:11:25] [build-stdout] [INFO] 
[2025-12-11 20:11:25] [build-stdout] [INFO] --- xwiki-commons-tool-remote-resource-plugin:14.6:process (xwiki-license-resources) @ xwiki-rendering-transformation-macro ---
[2025-12-11 20:11:25] [build-stdout] [INFO] Preparing remote bundle org.xwiki.commons:xwiki-commons-tool-license-resources:14.6
[2025-12-11 20:11:25] [build-stdout] [INFO] Copying 2 resources from 1 bundle.
[2025-12-11 20:11:25] [build-stdout] [INFO] 
[2025-12-11 20:11:25] [build-stdout] [INFO] --- maven-resources-plugin:3.2.0:resources (default-resources) @ xwiki-rendering-transformation-macro ---
[2025-12-11 20:11:25] [build-stdout] [INFO] Using 'UTF-8' encoding to copy filtered resources.
[2025-12-11 20:11:25] [build-stdout] [INFO] Using 'UTF-8' encoding to copy filtered properties files.
[2025-12-11 20:11:25] [build-stdout] [INFO] Copying 5 resources
[2025-12-11 20:11:25] [build-stdout] [INFO] Copying 2 resources
[2025-12-11 20:11:25] [build-stdout] [INFO] 
[2025-12-11 20:11:25] [build-stdout] [INFO] --- maven-compiler-plugin:3.10.1:compile (default-compile) @ xwiki-rendering-transformation-macro ---
[2025-12-11 20:11:25] [build-stdout] [INFO] Loaded from the build cache, saving 136ms
[2025-12-11 20:11:25] [build-stdout] [INFO] 
[2025-12-11 20:11:25] [build-stdout] [INFO] --- maven-bundle-plugin:5.1.6:manifest (bundle-manifest) @ xwiki-rendering-transformation-macro ---
[2025-12-11 20:11:25] [build-stdout] [INFO] No MANIFEST.MF file found, generating manifest.
[2025-12-11 20:11:25] [build-stdout] [INFO] Writing manifest: /data/iris_projects/xwiki__xwiki-rendering_CVE-2023-32070_14.6/xwiki-rendering-transformations/xwiki-rendering-transformation-macro/target/classes/META-INF/MANIFEST.MF
[2025-12-11 20:11:25] [build-stdout] [INFO] 
[2025-12-11 20:11:25] [build-stdout] [INFO] --- maven-resources-plugin:3.2.0:testResources (default-testResources) @ xwiki-rendering-transformation-macro ---
[2025-12-11 20:11:25] [build-stdout] [INFO] Using 'UTF-8' encoding to copy filtered resources.
[2025-12-11 20:11:25] [build-stdout] [INFO] Using 'UTF-8' encoding to copy filtered properties files.
[2025-12-11 20:11:25] [build-stdout] [INFO] Copying 1 resource
[2025-12-11 20:11:25] [build-stdout] [INFO] Copying 2 resources
[2025-12-11 20:11:25] [build-stdout] [INFO] 
[2025-12-11 20:11:25] [build-stdout] [INFO] --- maven-compiler-plugin:3.10.1:testCompile (default-testCompile) @ xwiki-rendering-transformation-macro ---
[2025-12-11 20:11:25] [build-stdout] [INFO] Loaded from the build cache, saving 278ms
[2025-12-11 20:11:25] [build-stdout] [INFO] 
[2025-12-11 20:11:25] [build-stdout] [INFO] --- maven-surefire-plugin:2.22.2:test (default-test) @ xwiki-rendering-transformation-macro ---
[2025-12-11 20:11:25] [build-stdout] [INFO] Tests are skipped.
[2025-12-11 20:11:25] [build-stdout] [INFO] Skipped
[2025-12-11 20:11:25] [build-stdout] [INFO] 
[2025-12-11 20:11:25] [build-stdout] [INFO] --- maven-jar-plugin:3.2.2:jar (default-jar) @ xwiki-rendering-transformation-macro ---
[2025-12-11 20:11:25] [build-stdout] [INFO] Building jar: /data/iris_projects/xwiki__xwiki-rendering_CVE-2023-32070_14.6/xwiki-rendering-transformations/xwiki-rendering-transformation-macro/target/xwiki-rendering-transformation-macro-14.6.jar
[2025-12-11 20:11:25] [build-stdout] [INFO] 
[2025-12-11 20:11:25] [build-stdout] [INFO] --- maven-jar-plugin:3.2.2:test-jar (test-jar) @ xwiki-rendering-transformation-macro ---
[2025-12-11 20:11:25] [build-stdout] [INFO] Building jar: /data/iris_projects/xwiki__xwiki-rendering_CVE-2023-32070_14.6/xwiki-rendering-transformations/xwiki-rendering-transformation-macro/target/xwiki-rendering-transformation-macro-14.6-tests.jar
[2025-12-11 20:11:25] [build-stdout] [INFO] 
[2025-12-11 20:11:25] [build-stdout] [INFO] ------------------------------------------------------------------------
[2025-12-11 20:11:25] [build-stdout] [INFO] Building XWiki Rendering - Macro Archetype 14.6
[2025-12-11 20:11:25] [build-stdout] [INFO] ------------------------------------------------------------------------
[2025-12-11 20:11:25] [build-stdout] [INFO] 
[2025-12-11 20:11:25] [build-stdout] [INFO] --- maven-clean-plugin:3.2.0:clean (default-clean) @ xwiki-rendering-archetype-macro ---
[2025-12-11 20:11:25] [build-stdout] [INFO] Deleting /data/iris_projects/xwiki__xwiki-rendering_CVE-2023-32070_14.6/xwiki-rendering-archetype-macro/target
[2025-12-11 20:11:25] [build-stdout] [INFO] 
[2025-12-11 20:11:25] [build-stdout] [INFO] --- maven-enforcer-plugin:1.4.1:enforce (enforce-plugins) @ xwiki-rendering-archetype-macro ---
[2025-12-11 20:11:25] [build-stdout] [INFO] 
[2025-12-11 20:11:25] [build-stdout] [INFO] --- maven-enforcer-plugin:1.4.1:enforce (enforce-jcl-log4j-isolation) @ xwiki-rendering-archetype-macro ---
[2025-12-11 20:11:25] [build-stdout] [INFO] 
[2025-12-11 20:11:25] [build-stdout] [INFO] --- maven-enforcer-plugin:1.4.1:enforce (enforce-jakarta.xml.bind-api) @ xwiki-rendering-archetype-macro ---
[2025-12-11 20:11:25] [build-stdout] [INFO] 
[2025-12-11 20:11:25] [build-stdout] [INFO] --- maven-enforcer-plugin:1.4.1:enforce (enforce-glasshfish-jaxb) @ xwiki-rendering-archetype-macro ---
[2025-12-11 20:11:26] [build-stdout] [INFO] 
[2025-12-11 20:11:26] [build-stdout] [INFO] --- maven-enforcer-plugin:1.4.1:enforce (enforce-jaxrs1) @ xwiki-rendering-archetype-macro ---
[2025-12-11 20:11:26] [build-stdout] [INFO] 
[2025-12-11 20:11:26] [build-stdout] [INFO] --- maven-enforcer-plugin:1.4.1:enforce (enforce-open-json) @ xwiki-rendering-archetype-macro ---
[2025-12-11 20:11:26] [build-stdout] [INFO] 
[2025-12-11 20:11:26] [build-stdout] [INFO] --- maven-enforcer-plugin:1.4.1:enforce (enforce-glassfish-el) @ xwiki-rendering-archetype-macro ---
[2025-12-11 20:11:26] [build-stdout] [INFO] 
[2025-12-11 20:11:26] [build-stdout] [INFO] --- maven-enforcer-plugin:1.4.1:enforce (enforce-commons-lang3) @ xwiki-rendering-archetype-macro ---
[2025-12-11 20:11:26] [build-stdout] [INFO] 
[2025-12-11 20:11:26] [build-stdout] [INFO] --- maven-enforcer-plugin:1.4.1:enforce (enforce-commons-configuration2) @ xwiki-rendering-archetype-macro ---
[2025-12-11 20:11:26] [build-stdout] [INFO] 
[2025-12-11 20:11:26] [build-stdout] [INFO] --- maven-enforcer-plugin:1.4.1:enforce (enforce-jakarta.activation-api) @ xwiki-rendering-archetype-macro ---
[2025-12-11 20:11:26] [build-stdout] [INFO] 
[2025-12-11 20:11:26] [build-stdout] [INFO] --- maven-enforcer-plugin:1.4.1:enforce (enforce-jakarta.activation) @ xwiki-rendering-archetype-macro ---
[2025-12-11 20:11:26] [build-stdout] [INFO] 
[2025-12-11 20:11:26] [build-stdout] [INFO] --- maven-enforcer-plugin:1.4.1:enforce (enforce-jakarta.mail-api) @ xwiki-rendering-archetype-macro ---
[2025-12-11 20:11:26] [build-stdout] [INFO] 
[2025-12-11 20:11:26] [build-stdout] [INFO] --- maven-enforcer-plugin:1.4.1:enforce (enforce-jakarta.mail) @ xwiki-rendering-archetype-macro ---
[2025-12-11 20:11:26] [build-stdout] [INFO] 
[2025-12-11 20:11:26] [build-stdout] [INFO] --- maven-enforcer-plugin:1.4.1:enforce (enforce-jakarta.annotation-api) @ xwiki-rendering-archetype-macro ---
[2025-12-11 20:11:26] [build-stdout] [INFO] 
[2025-12-11 20:11:26] [build-stdout] [INFO] --- maven-enforcer-plugin:1.4.1:enforce (enforce-bouncycastle-ids) @ xwiki-rendering-archetype-macro ---
[2025-12-11 20:11:26] [build-stdout] [INFO] 
[2025-12-11 20:11:26] [build-stdout] [INFO] --- maven-enforcer-plugin:1.4.1:enforce (enforce-velocity-engine-core) @ xwiki-rendering-archetype-macro ---
[2025-12-11 20:11:26] [build-stdout] [INFO] 
[2025-12-11 20:11:26] [build-stdout] [INFO] --- maven-enforcer-plugin:1.4.1:enforce (enforce-asm) @ xwiki-rendering-archetype-macro ---
[2025-12-11 20:11:26] [build-stdout] [INFO] 
[2025-12-11 20:11:26] [build-stdout] [INFO] --- maven-enforcer-plugin:1.4.1:enforce (enforce-cglib) @ xwiki-rendering-archetype-macro ---
[2025-12-11 20:11:26] [build-stdout] [INFO] 
[2025-12-11 20:11:26] [build-stdout] [INFO] --- maven-enforcer-plugin:1.4.1:enforce (enforce-javase-dependencies) @ xwiki-rendering-archetype-macro ---
[2025-12-11 20:11:26] [build-stdout] [INFO] 
[2025-12-11 20:11:26] [build-stdout] [INFO] --- maven-enforcer-plugin:1.4.1:enforce (enforce-jsr305) @ xwiki-rendering-archetype-macro ---
[2025-12-11 20:11:26] [build-stdout] [INFO] 
[2025-12-11 20:11:26] [build-stdout] [INFO] --- maven-enforcer-plugin:1.4.1:enforce (enforce-jta) @ xwiki-rendering-archetype-macro ---
[2025-12-11 20:11:26] [build-stdout] [INFO] 
[2025-12-11 20:11:26] [build-stdout] [INFO] --- maven-enforcer-plugin:1.4.1:enforce (enforce-jakarta.validation-api) @ xwiki-rendering-archetype-macro ---
[2025-12-11 20:11:26] [build-stdout] [INFO] 
[2025-12-11 20:11:26] [build-stdout] [INFO] --- maven-enforcer-plugin:1.4.1:enforce (enforce-hibernate-validator) @ xwiki-rendering-archetype-macro ---
[2025-12-11 20:11:26] [build-stdout] [INFO] 
[2025-12-11 20:11:26] [build-stdout] [INFO] --- maven-enforcer-plugin:1.4.1:enforce (enforce-upper-bounds) @ xwiki-rendering-archetype-macro ---
[2025-12-11 20:11:26] [build-stdout] [INFO] 
[2025-12-11 20:11:26] [build-stdout] [INFO] --- maven-enforcer-plugin:1.4.1:enforce (enforce-no-legacy-dependencies) @ xwiki-rendering-archetype-macro ---
[2025-12-11 20:11:26] [build-stdout] [INFO] 
[2025-12-11 20:11:26] [build-stdout] [INFO] --- maven-enforcer-plugin:1.4.1:enforce (enforce-valid-poms) @ xwiki-rendering-archetype-macro ---
[2025-12-11 20:11:26] [build-stdout] [INFO] 
[2025-12-11 20:11:26] [build-stdout] [INFO] --- maven-enforcer-plugin:1.4.1:enforce (enforce-platform-isolation) @ xwiki-rendering-archetype-macro ---
[2025-12-11 20:11:26] [build-stdout] [INFO] 
[2025-12-11 20:11:26] [build-stdout] [INFO] --- maven-enforcer-plugin:1.4.1:enforce (check-dependency-version) @ xwiki-rendering-archetype-macro ---
[2025-12-11 20:11:26] [build-stdout] [INFO] 
[2025-12-11 20:11:26] [build-stdout] [INFO] --- xwiki-commons-tool-remote-resource-plugin:14.6:process (xwiki-license-resources) @ xwiki-rendering-archetype-macro ---
[2025-12-11 20:11:26] [build-stdout] [INFO] Preparing remote bundle org.xwiki.commons:xwiki-commons-tool-license-resources:14.6
[2025-12-11 20:11:26] [build-stdout] [INFO] Copying 2 resources from 1 bundle.
[2025-12-11 20:11:26] [build-stdout] [INFO] 
[2025-12-11 20:11:26] [build-stdout] [INFO] --- maven-resources-plugin:3.2.0:resources (default-resources) @ xwiki-rendering-archetype-macro ---
[2025-12-11 20:11:26] [build-stdout] [INFO] Using 'UTF-8' encoding to copy filtered resources.
[2025-12-11 20:11:26] [build-stdout] [INFO] Using 'UTF-8' encoding to copy filtered properties files.
[2025-12-11 20:11:26] [build-stdout] [INFO] Copying 1 resource
[2025-12-11 20:11:26] [build-stdout] [INFO] Copying 7 resources
[2025-12-11 20:11:26] [build-stdout] [INFO] Copying 2 resources
[2025-12-11 20:11:26] [build-stdout] [INFO] 
[2025-12-11 20:11:26] [build-stdout] [INFO] --- maven-bundle-plugin:5.1.6:manifest (bundle-manifest) @ xwiki-rendering-archetype-macro ---
[2025-12-11 20:11:26] [build-stdout] [WARNING] Ignoring project type maven-archetype - supportedProjectTypes = [jar, bundle]
[2025-12-11 20:11:26] [build-stdout] [INFO] 
[2025-12-11 20:11:26] [build-stdout] [INFO] --- maven-resources-plugin:3.2.0:testResources (default-testResources) @ xwiki-rendering-archetype-macro ---
[2025-12-11 20:11:26] [build-stdout] [INFO] Using 'UTF-8' encoding to copy filtered resources.
[2025-12-11 20:11:26] [build-stdout] [INFO] Using 'UTF-8' encoding to copy filtered properties files.
[2025-12-11 20:11:26] [build-stdout] [INFO] Copying 2 resources
[2025-12-11 20:11:26] [build-stdout] [INFO] Copying 2 resources
[2025-12-11 20:11:26] [build-stdout] [INFO] 
[2025-12-11 20:11:26] [build-stdout] [INFO] --- maven-archetype-plugin:3.2.1:jar (default-jar) @ xwiki-rendering-archetype-macro ---
[2025-12-11 20:11:27] [build-stdout] [INFO] Building archetype jar: /data/iris_projects/xwiki__xwiki-rendering_CVE-2023-32070_14.6/xwiki-rendering-archetype-macro/target/xwiki-rendering-archetype-macro-14.6.jar
[2025-12-11 20:11:27] [build-stdout] [INFO] Building jar: /data/iris_projects/xwiki__xwiki-rendering_CVE-2023-32070_14.6/xwiki-rendering-archetype-macro/target/xwiki-rendering-archetype-macro-14.6.jar
[2025-12-11 20:11:27] [build-stdout] [INFO] 
[2025-12-11 20:11:27] [build-stdout] [INFO] ------------------------------------------------------------------------
[2025-12-11 20:11:27] [build-stdout] [INFO] Building XWiki Rendering - Syntax - Annotated XHTML 14.6
[2025-12-11 20:11:27] [build-stdout] [INFO] ------------------------------------------------------------------------
[2025-12-11 20:11:27] [build-stdout] [INFO] 
[2025-12-11 20:11:27] [build-stdout] [INFO] --- maven-clean-plugin:3.2.0:clean (default-clean) @ xwiki-rendering-syntax-annotatedxhtml ---
[2025-12-11 20:11:27] [build-stdout] [INFO] Deleting /data/iris_projects/xwiki__xwiki-rendering_CVE-2023-32070_14.6/xwiki-rendering-syntaxes/xwiki-rendering-syntax-annotatedxhtml/target
[2025-12-11 20:11:27] [build-stdout] [INFO] 
[2025-12-11 20:11:27] [build-stdout] [INFO] --- maven-enforcer-plugin:1.4.1:enforce (enforce-plugins) @ xwiki-rendering-syntax-annotatedxhtml ---
[2025-12-11 20:11:27] [build-stdout] [INFO] 
[2025-12-11 20:11:27] [build-stdout] [INFO] --- maven-enforcer-plugin:1.4.1:enforce (enforce-jcl-log4j-isolation) @ xwiki-rendering-syntax-annotatedxhtml ---
[2025-12-11 20:11:27] [build-stdout] [INFO] 
[2025-12-11 20:11:27] [build-stdout] [INFO] --- maven-enforcer-plugin:1.4.1:enforce (enforce-jakarta.xml.bind-api) @ xwiki-rendering-syntax-annotatedxhtml ---
[2025-12-11 20:11:27] [build-stdout] [INFO] 
[2025-12-11 20:11:27] [build-stdout] [INFO] --- maven-enforcer-plugin:1.4.1:enforce (enforce-glasshfish-jaxb) @ xwiki-rendering-syntax-annotatedxhtml ---
[2025-12-11 20:11:27] [build-stdout] [INFO] 
[2025-12-11 20:11:27] [build-stdout] [INFO] --- maven-enforcer-plugin:1.4.1:enforce (enforce-jaxrs1) @ xwiki-rendering-syntax-annotatedxhtml ---
[2025-12-11 20:11:27] [build-stdout] [INFO] 
[2025-12-11 20:11:27] [build-stdout] [INFO] --- maven-enforcer-plugin:1.4.1:enforce (enforce-open-json) @ xwiki-rendering-syntax-annotatedxhtml ---
[2025-12-11 20:11:27] [build-stdout] [INFO] 
[2025-12-11 20:11:27] [build-stdout] [INFO] --- maven-enforcer-plugin:1.4.1:enforce (enforce-glassfish-el) @ xwiki-rendering-syntax-annotatedxhtml ---
[2025-12-11 20:11:27] [build-stdout] [INFO] 
[2025-12-11 20:11:27] [build-stdout] [INFO] --- maven-enforcer-plugin:1.4.1:enforce (enforce-commons-lang3) @ xwiki-rendering-syntax-annotatedxhtml ---
[2025-12-11 20:11:27] [build-stdout] [INFO] 
[2025-12-11 20:11:27] [build-stdout] [INFO] --- maven-enforcer-plugin:1.4.1:enforce (enforce-commons-configuration2) @ xwiki-rendering-syntax-annotatedxhtml ---
[2025-12-11 20:11:27] [build-stdout] [INFO] 
[2025-12-11 20:11:27] [build-stdout] [INFO] --- maven-enforcer-plugin:1.4.1:enforce (enforce-jakarta.activation-api) @ xwiki-rendering-syntax-annotatedxhtml ---
[2025-12-11 20:11:27] [build-stdout] [INFO] 
[2025-12-11 20:11:27] [build-stdout] [INFO] --- maven-enforcer-plugin:1.4.1:enforce (enforce-jakarta.activation) @ xwiki-rendering-syntax-annotatedxhtml ---
[2025-12-11 20:11:27] [build-stdout] [INFO] 
[2025-12-11 20:11:27] [build-stdout] [INFO] --- maven-enforcer-plugin:1.4.1:enforce (enforce-jakarta.mail-api) @ xwiki-rendering-syntax-annotatedxhtml ---
[2025-12-11 20:11:27] [build-stdout] [INFO] 
[2025-12-11 20:11:27] [build-stdout] [INFO] --- maven-enforcer-plugin:1.4.1:enforce (enforce-jakarta.mail) @ xwiki-rendering-syntax-annotatedxhtml ---
[2025-12-11 20:11:27] [build-stdout] [INFO] 
[2025-12-11 20:11:27] [build-stdout] [INFO] --- maven-enforcer-plugin:1.4.1:enforce (enforce-jakarta.annotation-api) @ xwiki-rendering-syntax-annotatedxhtml ---
[2025-12-11 20:11:27] [build-stdout] [INFO] 
[2025-12-11 20:11:27] [build-stdout] [INFO] --- maven-enforcer-plugin:1.4.1:enforce (enforce-bouncycastle-ids) @ xwiki-rendering-syntax-annotatedxhtml ---
[2025-12-11 20:11:27] [build-stdout] [INFO] 
[2025-12-11 20:11:27] [build-stdout] [INFO] --- maven-enforcer-plugin:1.4.1:enforce (enforce-velocity-engine-core) @ xwiki-rendering-syntax-annotatedxhtml ---
[2025-12-11 20:11:27] [build-stdout] [INFO] 
[2025-12-11 20:11:27] [build-stdout] [INFO] --- maven-enforcer-plugin:1.4.1:enforce (enforce-asm) @ xwiki-rendering-syntax-annotatedxhtml ---
[2025-12-11 20:11:27] [build-stdout] [INFO] 
[2025-12-11 20:11:27] [build-stdout] [INFO] --- maven-enforcer-plugin:1.4.1:enforce (enforce-cglib) @ xwiki-rendering-syntax-annotatedxhtml ---
[2025-12-11 20:11:27] [build-stdout] [INFO] 
[2025-12-11 20:11:27] [build-stdout] [INFO] --- maven-enforcer-plugin:1.4.1:enforce (enforce-javase-dependencies) @ xwiki-rendering-syntax-annotatedxhtml ---
[2025-12-11 20:11:27] [build-stdout] [INFO] 
[2025-12-11 20:11:27] [build-stdout] [INFO] --- maven-enforcer-plugin:1.4.1:enforce (enforce-jsr305) @ xwiki-rendering-syntax-annotatedxhtml ---
[2025-12-11 20:11:27] [build-stdout] [INFO] 
[2025-12-11 20:11:27] [build-stdout] [INFO] --- maven-enforcer-plugin:1.4.1:enforce (enforce-jta) @ xwiki-rendering-syntax-annotatedxhtml ---
[2025-12-11 20:11:27] [build-stdout] [INFO] 
[2025-12-11 20:11:27] [build-stdout] [INFO] --- maven-enforcer-plugin:1.4.1:enforce (enforce-jakarta.validation-api) @ xwiki-rendering-syntax-annotatedxhtml ---
[2025-12-11 20:11:27] [build-stdout] [INFO] 
[2025-12-11 20:11:27] [build-stdout] [INFO] --- maven-enforcer-plugin:1.4.1:enforce (enforce-hibernate-validator) @ xwiki-rendering-syntax-annotatedxhtml ---
[2025-12-11 20:11:27] [build-stdout] [INFO] 
[2025-12-11 20:11:27] [build-stdout] [INFO] --- maven-enforcer-plugin:1.4.1:enforce (enforce-upper-bounds) @ xwiki-rendering-syntax-annotatedxhtml ---
[2025-12-11 20:11:27] [build-stdout] [INFO] 
[2025-12-11 20:11:27] [build-stdout] [INFO] --- maven-enforcer-plugin:1.4.1:enforce (enforce-no-legacy-dependencies) @ xwiki-rendering-syntax-annotatedxhtml ---
[2025-12-11 20:11:27] [build-stdout] [INFO] 
[2025-12-11 20:11:27] [build-stdout] [INFO] --- maven-enforcer-plugin:1.4.1:enforce (enforce-valid-poms) @ xwiki-rendering-syntax-annotatedxhtml ---
[2025-12-11 20:11:27] [build-stdout] [INFO] 
[2025-12-11 20:11:27] [build-stdout] [INFO] --- maven-enforcer-plugin:1.4.1:enforce (enforce-platform-isolation) @ xwiki-rendering-syntax-annotatedxhtml ---
[2025-12-11 20:11:27] [build-stdout] [INFO] 
[2025-12-11 20:11:27] [build-stdout] [INFO] --- maven-enforcer-plugin:1.4.1:enforce (check-dependency-version) @ xwiki-rendering-syntax-annotatedxhtml ---
[2025-12-11 20:11:27] [build-stdout] [INFO] 
[2025-12-11 20:11:27] [build-stdout] [INFO] --- xwiki-commons-tool-remote-resource-plugin:14.6:process (xwiki-license-resources) @ xwiki-rendering-syntax-annotatedxhtml ---
[2025-12-11 20:11:27] [build-stdout] [INFO] Preparing remote bundle org.xwiki.commons:xwiki-commons-tool-license-resources:14.6
[2025-12-11 20:11:27] [build-stdout] [INFO] Copying 2 resources from 1 bundle.
[2025-12-11 20:11:28] [build-stdout] [INFO] 
[2025-12-11 20:11:28] [build-stdout] [INFO] --- maven-resources-plugin:3.2.0:resources (default-resources) @ xwiki-rendering-syntax-annotatedxhtml ---
[2025-12-11 20:11:28] [build-stdout] [INFO] Using 'UTF-8' encoding to copy filtered resources.
[2025-12-11 20:11:28] [build-stdout] [INFO] Using 'UTF-8' encoding to copy filtered properties files.
[2025-12-11 20:11:28] [build-stdout] [INFO] Copying 1 resource
[2025-12-11 20:11:28] [build-stdout] [INFO] Copying 2 resources
[2025-12-11 20:11:28] [build-stdout] [INFO] 
[2025-12-11 20:11:28] [build-stdout] [INFO] --- maven-compiler-plugin:3.10.1:compile (default-compile) @ xwiki-rendering-syntax-annotatedxhtml ---
[2025-12-11 20:11:28] [build-stdout] [INFO] Loaded from the build cache, saving 106ms
[2025-12-11 20:11:28] [build-stdout] [INFO] 
[2025-12-11 20:11:28] [build-stdout] [INFO] --- maven-bundle-plugin:5.1.6:manifest (bundle-manifest) @ xwiki-rendering-syntax-annotatedxhtml ---
[2025-12-11 20:11:28] [build-stdout] [INFO] No MANIFEST.MF file found, generating manifest.
[2025-12-11 20:11:28] [build-stdout] [INFO] Writing manifest: /data/iris_projects/xwiki__xwiki-rendering_CVE-2023-32070_14.6/xwiki-rendering-syntaxes/xwiki-rendering-syntax-annotatedxhtml/target/classes/META-INF/MANIFEST.MF
[2025-12-11 20:11:28] [build-stdout] [INFO] 
[2025-12-11 20:11:28] [build-stdout] [INFO] --- maven-resources-plugin:3.2.0:testResources (default-testResources) @ xwiki-rendering-syntax-annotatedxhtml ---
[2025-12-11 20:11:28] [build-stdout] [INFO] Using 'UTF-8' encoding to copy filtered resources.
[2025-12-11 20:11:28] [build-stdout] [INFO] Using 'UTF-8' encoding to copy filtered properties files.
[2025-12-11 20:11:28] [build-stdout] [INFO] Copying 11 resources
[2025-12-11 20:11:28] [build-stdout] [INFO] Copying 2 resources
[2025-12-11 20:11:28] [build-stdout] [INFO] 
[2025-12-11 20:11:28] [build-stdout] [INFO] --- maven-compiler-plugin:3.10.1:testCompile (default-testCompile) @ xwiki-rendering-syntax-annotatedxhtml ---
[2025-12-11 20:11:28] [build-stdout] [INFO] Loaded from the build cache, saving 101ms
[2025-12-11 20:11:28] [build-stdout] [INFO] 
[2025-12-11 20:11:28] [build-stdout] [INFO] --- maven-surefire-plugin:2.22.2:test (default-test) @ xwiki-rendering-syntax-annotatedxhtml ---
[2025-12-11 20:11:28] [build-stdout] [INFO] Tests are skipped.
[2025-12-11 20:11:28] [build-stdout] [INFO] Skipped
[2025-12-11 20:11:28] [build-stdout] [INFO] 
[2025-12-11 20:11:28] [build-stdout] [INFO] --- maven-jar-plugin:3.2.2:jar (default-jar) @ xwiki-rendering-syntax-annotatedxhtml ---
[2025-12-11 20:11:28] [build-stdout] [INFO] Building jar: /data/iris_projects/xwiki__xwiki-rendering_CVE-2023-32070_14.6/xwiki-rendering-syntaxes/xwiki-rendering-syntax-annotatedxhtml/target/xwiki-rendering-syntax-annotatedxhtml-14.6.jar
[2025-12-11 20:11:28] [build-stdout] [INFO] 
[2025-12-11 20:11:28] [build-stdout] [INFO] ------------------------------------------------------------------------
[2025-12-11 20:11:28] [build-stdout] [INFO] Building XWiki Rendering - Syntax - Doxia Bridge 14.6
[2025-12-11 20:11:28] [build-stdout] [INFO] ------------------------------------------------------------------------
[2025-12-11 20:11:28] [build-stdout] [INFO] 
[2025-12-11 20:11:28] [build-stdout] [INFO] --- maven-clean-plugin:3.2.0:clean (default-clean) @ xwiki-rendering-syntax-doxia ---
[2025-12-11 20:11:28] [build-stdout] [INFO] Deleting /data/iris_projects/xwiki__xwiki-rendering_CVE-2023-32070_14.6/xwiki-rendering-syntaxes/xwiki-rendering-syntax-doxia/target
[2025-12-11 20:11:28] [build-stdout] [INFO] 
[2025-12-11 20:11:28] [build-stdout] [INFO] --- maven-enforcer-plugin:1.4.1:enforce (enforce-plugins) @ xwiki-rendering-syntax-doxia ---
[2025-12-11 20:11:28] [build-stdout] [INFO] 
[2025-12-11 20:11:28] [build-stdout] [INFO] --- maven-enforcer-plugin:1.4.1:enforce (enforce-jcl-log4j-isolation) @ xwiki-rendering-syntax-doxia ---
[2025-12-11 20:11:28] [build-stdout] [INFO] 
[2025-12-11 20:11:28] [build-stdout] [INFO] --- maven-enforcer-plugin:1.4.1:enforce (enforce-jakarta.xml.bind-api) @ xwiki-rendering-syntax-doxia ---
[2025-12-11 20:11:28] [build-stdout] [INFO] 
[2025-12-11 20:11:28] [build-stdout] [INFO] --- maven-enforcer-plugin:1.4.1:enforce (enforce-glasshfish-jaxb) @ xwiki-rendering-syntax-doxia ---
[2025-12-11 20:11:28] [build-stdout] [INFO] 
[2025-12-11 20:11:28] [build-stdout] [INFO] --- maven-enforcer-plugin:1.4.1:enforce (enforce-jaxrs1) @ xwiki-rendering-syntax-doxia ---
[2025-12-11 20:11:28] [build-stdout] [INFO] 
[2025-12-11 20:11:28] [build-stdout] [INFO] --- maven-enforcer-plugin:1.4.1:enforce (enforce-open-json) @ xwiki-rendering-syntax-doxia ---
[2025-12-11 20:11:28] [build-stdout] [INFO] 
[2025-12-11 20:11:28] [build-stdout] [INFO] --- maven-enforcer-plugin:1.4.1:enforce (enforce-glassfish-el) @ xwiki-rendering-syntax-doxia ---
[2025-12-11 20:11:28] [build-stdout] [INFO] 
[2025-12-11 20:11:28] [build-stdout] [INFO] --- maven-enforcer-plugin:1.4.1:enforce (enforce-commons-lang3) @ xwiki-rendering-syntax-doxia ---
[2025-12-11 20:11:28] [build-stdout] [INFO] 
[2025-12-11 20:11:28] [build-stdout] [INFO] --- maven-enforcer-plugin:1.4.1:enforce (enforce-commons-configuration2) @ xwiki-rendering-syntax-doxia ---
[2025-12-11 20:11:28] [build-stdout] [INFO] 
[2025-12-11 20:11:28] [build-stdout] [INFO] --- maven-enforcer-plugin:1.4.1:enforce (enforce-jakarta.activation-api) @ xwiki-rendering-syntax-doxia ---
[2025-12-11 20:11:28] [build-stdout] [INFO] 
[2025-12-11 20:11:28] [build-stdout] [INFO] --- maven-enforcer-plugin:1.4.1:enforce (enforce-jakarta.activation) @ xwiki-rendering-syntax-doxia ---
[2025-12-11 20:11:28] [build-stdout] [INFO] 
[2025-12-11 20:11:28] [build-stdout] [INFO] --- maven-enforcer-plugin:1.4.1:enforce (enforce-jakarta.mail-api) @ xwiki-rendering-syntax-doxia ---
[2025-12-11 20:11:28] [build-stdout] [INFO] 
[2025-12-11 20:11:28] [build-stdout] [INFO] --- maven-enforcer-plugin:1.4.1:enforce (enforce-jakarta.mail) @ xwiki-rendering-syntax-doxia ---
[2025-12-11 20:11:28] [build-stdout] [INFO] 
[2025-12-11 20:11:28] [build-stdout] [INFO] --- maven-enforcer-plugin:1.4.1:enforce (enforce-jakarta.annotation-api) @ xwiki-rendering-syntax-doxia ---
[2025-12-11 20:11:28] [build-stdout] [INFO] 
[2025-12-11 20:11:28] [build-stdout] [INFO] --- maven-enforcer-plugin:1.4.1:enforce (enforce-bouncycastle-ids) @ xwiki-rendering-syntax-doxia ---
[2025-12-11 20:11:28] [build-stdout] [INFO] 
[2025-12-11 20:11:28] [build-stdout] [INFO] --- maven-enforcer-plugin:1.4.1:enforce (enforce-velocity-engine-core) @ xwiki-rendering-syntax-doxia ---
[2025-12-11 20:11:28] [build-stdout] [INFO] 
[2025-12-11 20:11:28] [build-stdout] [INFO] --- maven-enforcer-plugin:1.4.1:enforce (enforce-asm) @ xwiki-rendering-syntax-doxia ---
[2025-12-11 20:11:28] [build-stdout] [INFO] 
[2025-12-11 20:11:28] [build-stdout] [INFO] --- maven-enforcer-plugin:1.4.1:enforce (enforce-cglib) @ xwiki-rendering-syntax-doxia ---
[2025-12-11 20:11:28] [build-stdout] [INFO] 
[2025-12-11 20:11:28] [build-stdout] [INFO] --- maven-enforcer-plugin:1.4.1:enforce (enforce-javase-dependencies) @ xwiki-rendering-syntax-doxia ---
[2025-12-11 20:11:28] [build-stdout] [INFO] 
[2025-12-11 20:11:28] [build-stdout] [INFO] --- maven-enforcer-plugin:1.4.1:enforce (enforce-jsr305) @ xwiki-rendering-syntax-doxia ---
[2025-12-11 20:11:28] [build-stdout] [INFO] 
[2025-12-11 20:11:28] [build-stdout] [INFO] --- maven-enforcer-plugin:1.4.1:enforce (enforce-jta) @ xwiki-rendering-syntax-doxia ---
[2025-12-11 20:11:28] [build-stdout] [INFO] 
[2025-12-11 20:11:28] [build-stdout] [INFO] --- maven-enforcer-plugin:1.4.1:enforce (enforce-jakarta.validation-api) @ xwiki-rendering-syntax-doxia ---
[2025-12-11 20:11:28] [build-stdout] [INFO] 
[2025-12-11 20:11:28] [build-stdout] [INFO] --- maven-enforcer-plugin:1.4.1:enforce (enforce-hibernate-validator) @ xwiki-rendering-syntax-doxia ---
[2025-12-11 20:11:28] [build-stdout] [INFO] 
[2025-12-11 20:11:28] [build-stdout] [INFO] --- maven-enforcer-plugin:1.4.1:enforce (enforce-upper-bounds) @ xwiki-rendering-syntax-doxia ---
[2025-12-11 20:11:29] [build-stdout] [INFO] 
[2025-12-11 20:11:29] [build-stdout] [INFO] --- maven-enforcer-plugin:1.4.1:enforce (enforce-no-legacy-dependencies) @ xwiki-rendering-syntax-doxia ---
[2025-12-11 20:11:29] [build-stdout] [INFO] 
[2025-12-11 20:11:29] [build-stdout] [INFO] --- maven-enforcer-plugin:1.4.1:enforce (enforce-valid-poms) @ xwiki-rendering-syntax-doxia ---
[2025-12-11 20:11:29] [build-stdout] [INFO] 
[2025-12-11 20:11:29] [build-stdout] [INFO] --- maven-enforcer-plugin:1.4.1:enforce (enforce-platform-isolation) @ xwiki-rendering-syntax-doxia ---
[2025-12-11 20:11:29] [build-stdout] [INFO] 
[2025-12-11 20:11:29] [build-stdout] [INFO] --- maven-enforcer-plugin:1.4.1:enforce (check-dependency-version) @ xwiki-rendering-syntax-doxia ---
[2025-12-11 20:11:29] [build-stdout] [INFO] 
[2025-12-11 20:11:29] [build-stdout] [INFO] --- xwiki-commons-tool-remote-resource-plugin:14.6:process (xwiki-license-resources) @ xwiki-rendering-syntax-doxia ---
[2025-12-11 20:11:29] [build-stdout] [INFO] Preparing remote bundle org.xwiki.commons:xwiki-commons-tool-license-resources:14.6
[2025-12-11 20:11:29] [build-stdout] [INFO] Copying 2 resources from 1 bundle.
[2025-12-11 20:11:29] [build-stdout] [INFO] 
[2025-12-11 20:11:29] [build-stdout] [INFO] --- maven-resources-plugin:3.2.0:resources (default-resources) @ xwiki-rendering-syntax-doxia ---
[2025-12-11 20:11:29] [build-stdout] [INFO] Using 'UTF-8' encoding to copy filtered resources.
[2025-12-11 20:11:29] [build-stdout] [INFO] Using 'UTF-8' encoding to copy filtered properties files.
[2025-12-11 20:11:29] [build-stdout] [INFO] skip non existing resourceDirectory /data/iris_projects/xwiki__xwiki-rendering_CVE-2023-32070_14.6/xwiki-rendering-syntaxes/xwiki-rendering-syntax-doxia/src/main/resources
[2025-12-11 20:11:29] [build-stdout] [INFO] Copying 2 resources
[2025-12-11 20:11:29] [build-stdout] [INFO] 
[2025-12-11 20:11:29] [build-stdout] [INFO] --- maven-compiler-plugin:3.10.1:compile (default-compile) @ xwiki-rendering-syntax-doxia ---
[2025-12-11 20:11:29] [build-stdout] [INFO] Loaded from the build cache, saving 97ms
[2025-12-11 20:11:29] [build-stdout] [INFO] 
[2025-12-11 20:11:29] [build-stdout] [INFO] --- maven-bundle-plugin:5.1.6:manifest (bundle-manifest) @ xwiki-rendering-syntax-doxia ---
[2025-12-11 20:11:29] [build-stdout] [INFO] No MANIFEST.MF file found, generating manifest.
[2025-12-11 20:11:29] [build-stdout] [INFO] Writing manifest: /data/iris_projects/xwiki__xwiki-rendering_CVE-2023-32070_14.6/xwiki-rendering-syntaxes/xwiki-rendering-syntax-doxia/target/classes/META-INF/MANIFEST.MF
[2025-12-11 20:11:29] [build-stdout] [INFO] 
[2025-12-11 20:11:29] [build-stdout] [INFO] --- maven-resources-plugin:3.2.0:testResources (default-testResources) @ xwiki-rendering-syntax-doxia ---
[2025-12-11 20:11:29] [build-stdout] [INFO] Using 'UTF-8' encoding to copy filtered resources.
[2025-12-11 20:11:29] [build-stdout] [INFO] Using 'UTF-8' encoding to copy filtered properties files.
[2025-12-11 20:11:29] [build-stdout] [INFO] skip non existing resourceDirectory /data/iris_projects/xwiki__xwiki-rendering_CVE-2023-32070_14.6/xwiki-rendering-syntaxes/xwiki-rendering-syntax-doxia/src/test/resources
[2025-12-11 20:11:29] [build-stdout] [INFO] Copying 2 resources
[2025-12-11 20:11:29] [build-stdout] [INFO] 
[2025-12-11 20:11:29] [build-stdout] [INFO] --- maven-compiler-plugin:3.10.1:testCompile (default-testCompile) @ xwiki-rendering-syntax-doxia ---
[2025-12-11 20:11:29] [build-stdout] [INFO] Loaded from the build cache
[2025-12-11 20:11:29] [build-stdout] [INFO] 
[2025-12-11 20:11:29] [build-stdout] [INFO] --- maven-surefire-plugin:2.22.2:test (default-test) @ xwiki-rendering-syntax-doxia ---
[2025-12-11 20:11:29] [build-stdout] [INFO] Tests are skipped.
[2025-12-11 20:11:29] [build-stdout] [INFO] Skipped
[2025-12-11 20:11:29] [build-stdout] [INFO] 
[2025-12-11 20:11:29] [build-stdout] [INFO] --- maven-jar-plugin:3.2.2:jar (default-jar) @ xwiki-rendering-syntax-doxia ---
[2025-12-11 20:11:29] [build-stdout] [INFO] Building jar: /data/iris_projects/xwiki__xwiki-rendering_CVE-2023-32070_14.6/xwiki-rendering-syntaxes/xwiki-rendering-syntax-doxia/target/xwiki-rendering-syntax-doxia-14.6.jar
[2025-12-11 20:11:29] [build-stdout] [INFO] 
[2025-12-11 20:11:29] [build-stdout] [INFO] ------------------------------------------------------------------------
[2025-12-11 20:11:29] [build-stdout] [INFO] Building XWiki Rendering - Syntax - DocBook 14.6
[2025-12-11 20:11:29] [build-stdout] [INFO] ------------------------------------------------------------------------
[2025-12-11 20:11:29] [build-stdout] [INFO] 
[2025-12-11 20:11:29] [build-stdout] [INFO] --- maven-clean-plugin:3.2.0:clean (default-clean) @ xwiki-rendering-syntax-docbook ---
[2025-12-11 20:11:29] [build-stdout] [INFO] Deleting /data/iris_projects/xwiki__xwiki-rendering_CVE-2023-32070_14.6/xwiki-rendering-syntaxes/xwiki-rendering-syntax-docbook/target
[2025-12-11 20:11:29] [build-stdout] [INFO] 
[2025-12-11 20:11:29] [build-stdout] [INFO] --- maven-enforcer-plugin:1.4.1:enforce (enforce-plugins) @ xwiki-rendering-syntax-docbook ---
[2025-12-11 20:11:29] [build-stdout] [INFO] 
[2025-12-11 20:11:29] [build-stdout] [INFO] --- maven-enforcer-plugin:1.4.1:enforce (enforce-jcl-log4j-isolation) @ xwiki-rendering-syntax-docbook ---
[2025-12-11 20:11:29] [build-stdout] [INFO] 
[2025-12-11 20:11:29] [build-stdout] [INFO] --- maven-enforcer-plugin:1.4.1:enforce (enforce-jakarta.xml.bind-api) @ xwiki-rendering-syntax-docbook ---
[2025-12-11 20:11:29] [build-stdout] [INFO] 
[2025-12-11 20:11:29] [build-stdout] [INFO] --- maven-enforcer-plugin:1.4.1:enforce (enforce-glasshfish-jaxb) @ xwiki-rendering-syntax-docbook ---
[2025-12-11 20:11:29] [build-stdout] [INFO] 
[2025-12-11 20:11:29] [build-stdout] [INFO] --- maven-enforcer-plugin:1.4.1:enforce (enforce-jaxrs1) @ xwiki-rendering-syntax-docbook ---
[2025-12-11 20:11:29] [build-stdout] [INFO] 
[2025-12-11 20:11:29] [build-stdout] [INFO] --- maven-enforcer-plugin:1.4.1:enforce (enforce-open-json) @ xwiki-rendering-syntax-docbook ---
[2025-12-11 20:11:29] [build-stdout] [INFO] 
[2025-12-11 20:11:29] [build-stdout] [INFO] --- maven-enforcer-plugin:1.4.1:enforce (enforce-glassfish-el) @ xwiki-rendering-syntax-docbook ---
[2025-12-11 20:11:29] [build-stdout] [INFO] 
[2025-12-11 20:11:29] [build-stdout] [INFO] --- maven-enforcer-plugin:1.4.1:enforce (enforce-commons-lang3) @ xwiki-rendering-syntax-docbook ---
[2025-12-11 20:11:29] [build-stdout] [INFO] 
[2025-12-11 20:11:29] [build-stdout] [INFO] --- maven-enforcer-plugin:1.4.1:enforce (enforce-commons-configuration2) @ xwiki-rendering-syntax-docbook ---
[2025-12-11 20:11:29] [build-stdout] [INFO] 
[2025-12-11 20:11:29] [build-stdout] [INFO] --- maven-enforcer-plugin:1.4.1:enforce (enforce-jakarta.activation-api) @ xwiki-rendering-syntax-docbook ---
[2025-12-11 20:11:29] [build-stdout] [INFO] 
[2025-12-11 20:11:29] [build-stdout] [INFO] --- maven-enforcer-plugin:1.4.1:enforce (enforce-jakarta.activation) @ xwiki-rendering-syntax-docbook ---
[2025-12-11 20:11:29] [build-stdout] [INFO] 
[2025-12-11 20:11:29] [build-stdout] [INFO] --- maven-enforcer-plugin:1.4.1:enforce (enforce-jakarta.mail-api) @ xwiki-rendering-syntax-docbook ---
[2025-12-11 20:11:29] [build-stdout] [INFO] 
[2025-12-11 20:11:29] [build-stdout] [INFO] --- maven-enforcer-plugin:1.4.1:enforce (enforce-jakarta.mail) @ xwiki-rendering-syntax-docbook ---
[2025-12-11 20:11:30] [build-stdout] [INFO] 
[2025-12-11 20:11:30] [build-stdout] [INFO] --- maven-enforcer-plugin:1.4.1:enforce (enforce-jakarta.annotation-api) @ xwiki-rendering-syntax-docbook ---
[2025-12-11 20:11:30] [build-stdout] [INFO] 
[2025-12-11 20:11:30] [build-stdout] [INFO] --- maven-enforcer-plugin:1.4.1:enforce (enforce-bouncycastle-ids) @ xwiki-rendering-syntax-docbook ---
[2025-12-11 20:11:30] [build-stdout] [INFO] 
[2025-12-11 20:11:30] [build-stdout] [INFO] --- maven-enforcer-plugin:1.4.1:enforce (enforce-velocity-engine-core) @ xwiki-rendering-syntax-docbook ---
[2025-12-11 20:11:30] [build-stdout] [INFO] 
[2025-12-11 20:11:30] [build-stdout] [INFO] --- maven-enforcer-plugin:1.4.1:enforce (enforce-asm) @ xwiki-rendering-syntax-docbook ---
[2025-12-11 20:11:30] [build-stdout] [INFO] 
[2025-12-11 20:11:30] [build-stdout] [INFO] --- maven-enforcer-plugin:1.4.1:enforce (enforce-cglib) @ xwiki-rendering-syntax-docbook ---
[2025-12-11 20:11:30] [build-stdout] [INFO] 
[2025-12-11 20:11:30] [build-stdout] [INFO] --- maven-enforcer-plugin:1.4.1:enforce (enforce-javase-dependencies) @ xwiki-rendering-syntax-docbook ---
[2025-12-11 20:11:30] [build-stdout] [INFO] 
[2025-12-11 20:11:30] [build-stdout] [INFO] --- maven-enforcer-plugin:1.4.1:enforce (enforce-jsr305) @ xwiki-rendering-syntax-docbook ---
[2025-12-11 20:11:30] [build-stdout] [INFO] 
[2025-12-11 20:11:30] [build-stdout] [INFO] --- maven-enforcer-plugin:1.4.1:enforce (enforce-jta) @ xwiki-rendering-syntax-docbook ---
[2025-12-11 20:11:30] [build-stdout] [INFO] 
[2025-12-11 20:11:30] [build-stdout] [INFO] --- maven-enforcer-plugin:1.4.1:enforce (enforce-jakarta.validation-api) @ xwiki-rendering-syntax-docbook ---
[2025-12-11 20:11:30] [build-stdout] [INFO] 
[2025-12-11 20:11:30] [build-stdout] [INFO] --- maven-enforcer-plugin:1.4.1:enforce (enforce-hibernate-validator) @ xwiki-rendering-syntax-docbook ---
[2025-12-11 20:11:30] [build-stdout] [INFO] 
[2025-12-11 20:11:30] [build-stdout] [INFO] --- maven-enforcer-plugin:1.4.1:enforce (enforce-upper-bounds) @ xwiki-rendering-syntax-docbook ---
[2025-12-11 20:11:30] [build-stdout] [INFO] 
[2025-12-11 20:11:30] [build-stdout] [INFO] --- maven-enforcer-plugin:1.4.1:enforce (enforce-no-legacy-dependencies) @ xwiki-rendering-syntax-docbook ---
[2025-12-11 20:11:30] [build-stdout] [INFO] 
[2025-12-11 20:11:30] [build-stdout] [INFO] --- maven-enforcer-plugin:1.4.1:enforce (enforce-valid-poms) @ xwiki-rendering-syntax-docbook ---
[2025-12-11 20:11:30] [build-stdout] [INFO] 
[2025-12-11 20:11:30] [build-stdout] [INFO] --- maven-enforcer-plugin:1.4.1:enforce (enforce-platform-isolation) @ xwiki-rendering-syntax-docbook ---
[2025-12-11 20:11:30] [build-stdout] [INFO] 
[2025-12-11 20:11:30] [build-stdout] [INFO] --- maven-enforcer-plugin:1.4.1:enforce (check-dependency-version) @ xwiki-rendering-syntax-docbook ---
[2025-12-11 20:11:30] [build-stdout] [INFO] 
[2025-12-11 20:11:30] [build-stdout] [INFO] --- xwiki-commons-tool-remote-resource-plugin:14.6:process (xwiki-license-resources) @ xwiki-rendering-syntax-docbook ---
[2025-12-11 20:11:30] [build-stdout] [INFO] Preparing remote bundle org.xwiki.commons:xwiki-commons-tool-license-resources:14.6
[2025-12-11 20:11:30] [build-stdout] [INFO] Copying 2 resources from 1 bundle.
[2025-12-11 20:11:30] [build-stdout] [INFO] 
[2025-12-11 20:11:30] [build-stdout] [INFO] --- maven-resources-plugin:3.2.0:resources (default-resources) @ xwiki-rendering-syntax-docbook ---
[2025-12-11 20:11:30] [build-stdout] [INFO] Using 'UTF-8' encoding to copy filtered resources.
[2025-12-11 20:11:30] [build-stdout] [INFO] Using 'UTF-8' encoding to copy filtered properties files.
[2025-12-11 20:11:30] [build-stdout] [INFO] Copying 1 resource
[2025-12-11 20:11:30] [build-stdout] [INFO] Copying 2 resources
[2025-12-11 20:11:30] [build-stdout] [INFO] 
[2025-12-11 20:11:30] [build-stdout] [INFO] --- maven-compiler-plugin:3.10.1:compile (default-compile) @ xwiki-rendering-syntax-docbook ---
[2025-12-11 20:11:30] [build-stdout] [INFO] Loaded from the build cache, saving 80ms
[2025-12-11 20:11:30] [build-stdout] [INFO] 
[2025-12-11 20:11:30] [build-stdout] [INFO] --- maven-bundle-plugin:5.1.6:manifest (bundle-manifest) @ xwiki-rendering-syntax-docbook ---
[2025-12-11 20:11:30] [build-stdout] [INFO] No MANIFEST.MF file found, generating manifest.
[2025-12-11 20:11:30] [build-stdout] [INFO] Writing manifest: /data/iris_projects/xwiki__xwiki-rendering_CVE-2023-32070_14.6/xwiki-rendering-syntaxes/xwiki-rendering-syntax-docbook/target/classes/META-INF/MANIFEST.MF
[2025-12-11 20:11:30] [build-stdout] [INFO] 
[2025-12-11 20:11:30] [build-stdout] [INFO] --- maven-resources-plugin:3.2.0:testResources (default-testResources) @ xwiki-rendering-syntax-docbook ---
[2025-12-11 20:11:30] [build-stdout] [INFO] Using 'UTF-8' encoding to copy filtered resources.
[2025-12-11 20:11:30] [build-stdout] [INFO] Using 'UTF-8' encoding to copy filtered properties files.
[2025-12-11 20:11:30] [build-stdout] [INFO] Copying 13 resources
[2025-12-11 20:11:30] [build-stdout] [INFO] Copying 2 resources
[2025-12-11 20:11:30] [build-stdout] [INFO] 
[2025-12-11 20:11:30] [build-stdout] [INFO] --- maven-compiler-plugin:3.10.1:testCompile (default-testCompile) @ xwiki-rendering-syntax-docbook ---
[2025-12-11 20:11:31] [build-stdout] [INFO] Loaded from the build cache, saving 170ms
[2025-12-11 20:11:31] [build-stdout] [INFO] 
[2025-12-11 20:11:31] [build-stdout] [INFO] --- maven-surefire-plugin:2.22.2:test (default-test) @ xwiki-rendering-syntax-docbook ---
[2025-12-11 20:11:31] [build-stdout] [INFO] Tests are skipped.
[2025-12-11 20:11:31] [build-stdout] [INFO] Skipped
[2025-12-11 20:11:31] [build-stdout] [INFO] 
[2025-12-11 20:11:31] [build-stdout] [INFO] --- maven-jar-plugin:3.2.2:jar (default-jar) @ xwiki-rendering-syntax-docbook ---
[2025-12-11 20:11:31] [build-stdout] [INFO] Building jar: /data/iris_projects/xwiki__xwiki-rendering_CVE-2023-32070_14.6/xwiki-rendering-syntaxes/xwiki-rendering-syntax-docbook/target/xwiki-rendering-syntax-docbook-14.6.jar
[2025-12-11 20:11:31] [build-stdout] [INFO] 
[2025-12-11 20:11:31] [build-stdout] [INFO] ------------------------------------------------------------------------
[2025-12-11 20:11:31] [build-stdout] [INFO] Building XWiki Rendering - Syntax - JSPWiki 14.6
[2025-12-11 20:11:31] [build-stdout] [INFO] ------------------------------------------------------------------------
[2025-12-11 20:11:31] [build-stdout] [INFO] 
[2025-12-11 20:11:31] [build-stdout] [INFO] --- maven-clean-plugin:3.2.0:clean (default-clean) @ xwiki-rendering-syntax-jspwiki ---
[2025-12-11 20:11:31] [build-stdout] [INFO] Deleting /data/iris_projects/xwiki__xwiki-rendering_CVE-2023-32070_14.6/xwiki-rendering-syntaxes/xwiki-rendering-syntax-jspwiki/target
[2025-12-11 20:11:31] [build-stdout] [INFO] 
[2025-12-11 20:11:31] [build-stdout] [INFO] --- maven-enforcer-plugin:1.4.1:enforce (enforce-plugins) @ xwiki-rendering-syntax-jspwiki ---
[2025-12-11 20:11:31] [build-stdout] [INFO] 
[2025-12-11 20:11:31] [build-stdout] [INFO] --- maven-enforcer-plugin:1.4.1:enforce (enforce-jcl-log4j-isolation) @ xwiki-rendering-syntax-jspwiki ---
[2025-12-11 20:11:31] [build-stdout] [INFO] 
[2025-12-11 20:11:31] [build-stdout] [INFO] --- maven-enforcer-plugin:1.4.1:enforce (enforce-jakarta.xml.bind-api) @ xwiki-rendering-syntax-jspwiki ---
[2025-12-11 20:11:31] [build-stdout] [INFO] 
[2025-12-11 20:11:31] [build-stdout] [INFO] --- maven-enforcer-plugin:1.4.1:enforce (enforce-glasshfish-jaxb) @ xwiki-rendering-syntax-jspwiki ---
[2025-12-11 20:11:31] [build-stdout] [INFO] 
[2025-12-11 20:11:31] [build-stdout] [INFO] --- maven-enforcer-plugin:1.4.1:enforce (enforce-jaxrs1) @ xwiki-rendering-syntax-jspwiki ---
[2025-12-11 20:11:31] [build-stdout] [INFO] 
[2025-12-11 20:11:31] [build-stdout] [INFO] --- maven-enforcer-plugin:1.4.1:enforce (enforce-open-json) @ xwiki-rendering-syntax-jspwiki ---
[2025-12-11 20:11:31] [build-stdout] [INFO] 
[2025-12-11 20:11:31] [build-stdout] [INFO] --- maven-enforcer-plugin:1.4.1:enforce (enforce-glassfish-el) @ xwiki-rendering-syntax-jspwiki ---
[2025-12-11 20:11:31] [build-stdout] [INFO] 
[2025-12-11 20:11:31] [build-stdout] [INFO] --- maven-enforcer-plugin:1.4.1:enforce (enforce-commons-lang3) @ xwiki-rendering-syntax-jspwiki ---
[2025-12-11 20:11:31] [build-stdout] [INFO] 
[2025-12-11 20:11:31] [build-stdout] [INFO] --- maven-enforcer-plugin:1.4.1:enforce (enforce-commons-configuration2) @ xwiki-rendering-syntax-jspwiki ---
[2025-12-11 20:11:31] [build-stdout] [INFO] 
[2025-12-11 20:11:31] [build-stdout] [INFO] --- maven-enforcer-plugin:1.4.1:enforce (enforce-jakarta.activation-api) @ xwiki-rendering-syntax-jspwiki ---
[2025-12-11 20:11:31] [build-stdout] [INFO] 
[2025-12-11 20:11:31] [build-stdout] [INFO] --- maven-enforcer-plugin:1.4.1:enforce (enforce-jakarta.activation) @ xwiki-rendering-syntax-jspwiki ---
[2025-12-11 20:11:31] [build-stdout] [INFO] 
[2025-12-11 20:11:31] [build-stdout] [INFO] --- maven-enforcer-plugin:1.4.1:enforce (enforce-jakarta.mail-api) @ xwiki-rendering-syntax-jspwiki ---
[2025-12-11 20:11:31] [build-stdout] [INFO] 
[2025-12-11 20:11:31] [build-stdout] [INFO] --- maven-enforcer-plugin:1.4.1:enforce (enforce-jakarta.mail) @ xwiki-rendering-syntax-jspwiki ---
[2025-12-11 20:11:31] [build-stdout] [INFO] 
[2025-12-11 20:11:31] [build-stdout] [INFO] --- maven-enforcer-plugin:1.4.1:enforce (enforce-jakarta.annotation-api) @ xwiki-rendering-syntax-jspwiki ---
[2025-12-11 20:11:31] [build-stdout] [INFO] 
[2025-12-11 20:11:31] [build-stdout] [INFO] --- maven-enforcer-plugin:1.4.1:enforce (enforce-bouncycastle-ids) @ xwiki-rendering-syntax-jspwiki ---
[2025-12-11 20:11:31] [build-stdout] [INFO] 
[2025-12-11 20:11:31] [build-stdout] [INFO] --- maven-enforcer-plugin:1.4.1:enforce (enforce-velocity-engine-core) @ xwiki-rendering-syntax-jspwiki ---
[2025-12-11 20:11:31] [build-stdout] [INFO] 
[2025-12-11 20:11:31] [build-stdout] [INFO] --- maven-enforcer-plugin:1.4.1:enforce (enforce-asm) @ xwiki-rendering-syntax-jspwiki ---
[2025-12-11 20:11:31] [build-stdout] [INFO] 
[2025-12-11 20:11:31] [build-stdout] [INFO] --- maven-enforcer-plugin:1.4.1:enforce (enforce-cglib) @ xwiki-rendering-syntax-jspwiki ---
[2025-12-11 20:11:31] [build-stdout] [INFO] 
[2025-12-11 20:11:31] [build-stdout] [INFO] --- maven-enforcer-plugin:1.4.1:enforce (enforce-javase-dependencies) @ xwiki-rendering-syntax-jspwiki ---
[2025-12-11 20:11:31] [build-stdout] [INFO] 
[2025-12-11 20:11:31] [build-stdout] [INFO] --- maven-enforcer-plugin:1.4.1:enforce (enforce-jsr305) @ xwiki-rendering-syntax-jspwiki ---
[2025-12-11 20:11:31] [build-stdout] [INFO] 
[2025-12-11 20:11:31] [build-stdout] [INFO] --- maven-enforcer-plugin:1.4.1:enforce (enforce-jta) @ xwiki-rendering-syntax-jspwiki ---
[2025-12-11 20:11:31] [build-stdout] [INFO] 
[2025-12-11 20:11:31] [build-stdout] [INFO] --- maven-enforcer-plugin:1.4.1:enforce (enforce-jakarta.validation-api) @ xwiki-rendering-syntax-jspwiki ---
[2025-12-11 20:11:31] [build-stdout] [INFO] 
[2025-12-11 20:11:31] [build-stdout] [INFO] --- maven-enforcer-plugin:1.4.1:enforce (enforce-hibernate-validator) @ xwiki-rendering-syntax-jspwiki ---
[2025-12-11 20:11:31] [build-stdout] [INFO] 
[2025-12-11 20:11:31] [build-stdout] [INFO] --- maven-enforcer-plugin:1.4.1:enforce (enforce-upper-bounds) @ xwiki-rendering-syntax-jspwiki ---
[2025-12-11 20:11:31] [build-stdout] [INFO] 
[2025-12-11 20:11:31] [build-stdout] [INFO] --- maven-enforcer-plugin:1.4.1:enforce (enforce-no-legacy-dependencies) @ xwiki-rendering-syntax-jspwiki ---
[2025-12-11 20:11:31] [build-stdout] [INFO] 
[2025-12-11 20:11:31] [build-stdout] [INFO] --- maven-enforcer-plugin:1.4.1:enforce (enforce-valid-poms) @ xwiki-rendering-syntax-jspwiki ---
[2025-12-11 20:11:31] [build-stdout] [INFO] 
[2025-12-11 20:11:31] [build-stdout] [INFO] --- maven-enforcer-plugin:1.4.1:enforce (enforce-platform-isolation) @ xwiki-rendering-syntax-jspwiki ---
[2025-12-11 20:11:31] [build-stdout] [INFO] 
[2025-12-11 20:11:31] [build-stdout] [INFO] --- maven-enforcer-plugin:1.4.1:enforce (check-dependency-version) @ xwiki-rendering-syntax-jspwiki ---
[2025-12-11 20:11:31] [build-stdout] [INFO] 
[2025-12-11 20:11:31] [build-stdout] [INFO] --- xwiki-commons-tool-remote-resource-plugin:14.6:process (xwiki-license-resources) @ xwiki-rendering-syntax-jspwiki ---
[2025-12-11 20:11:31] [build-stdout] [INFO] Preparing remote bundle org.xwiki.commons:xwiki-commons-tool-license-resources:14.6
[2025-12-11 20:11:31] [build-stdout] [INFO] Copying 2 resources from 1 bundle.
[2025-12-11 20:11:31] [build-stdout] [INFO] 
[2025-12-11 20:11:31] [build-stdout] [INFO] --- maven-resources-plugin:3.2.0:resources (default-resources) @ xwiki-rendering-syntax-jspwiki ---
[2025-12-11 20:11:31] [build-stdout] [INFO] Using 'UTF-8' encoding to copy filtered resources.
[2025-12-11 20:11:31] [build-stdout] [INFO] Using 'UTF-8' encoding to copy filtered properties files.
[2025-12-11 20:11:31] [build-stdout] [INFO] Copying 1 resource
[2025-12-11 20:11:31] [build-stdout] [INFO] Copying 2 resources
[2025-12-11 20:11:31] [build-stdout] [INFO] 
[2025-12-11 20:11:31] [build-stdout] [INFO] --- maven-compiler-plugin:3.10.1:compile (default-compile) @ xwiki-rendering-syntax-jspwiki ---
[2025-12-11 20:11:31] [build-stdout] [INFO] Loaded from the build cache, saving 79ms
[2025-12-11 20:11:31] [build-stdout] [INFO] 
[2025-12-11 20:11:31] [build-stdout] [INFO] --- maven-bundle-plugin:5.1.6:manifest (bundle-manifest) @ xwiki-rendering-syntax-jspwiki ---
[2025-12-11 20:11:31] [build-stdout] [INFO] No MANIFEST.MF file found, generating manifest.
[2025-12-11 20:11:31] [build-stdout] [INFO] Writing manifest: /data/iris_projects/xwiki__xwiki-rendering_CVE-2023-32070_14.6/xwiki-rendering-syntaxes/xwiki-rendering-syntax-jspwiki/target/classes/META-INF/MANIFEST.MF
[2025-12-11 20:11:31] [build-stdout] [INFO] 
[2025-12-11 20:11:31] [build-stdout] [INFO] --- maven-resources-plugin:3.2.0:testResources (default-testResources) @ xwiki-rendering-syntax-jspwiki ---
[2025-12-11 20:11:31] [build-stdout] [INFO] Using 'UTF-8' encoding to copy filtered resources.
[2025-12-11 20:11:31] [build-stdout] [INFO] Using 'UTF-8' encoding to copy filtered properties files.
[2025-12-11 20:11:31] [build-stdout] [INFO] Copying 10 resources
[2025-12-11 20:11:31] [build-stdout] [INFO] Copying 2 resources
[2025-12-11 20:11:31] [build-stdout] [INFO] 
[2025-12-11 20:11:31] [build-stdout] [INFO] --- maven-compiler-plugin:3.10.1:testCompile (default-testCompile) @ xwiki-rendering-syntax-jspwiki ---
[2025-12-11 20:11:31] [build-stdout] [INFO] Loaded from the build cache, saving 136ms
[2025-12-11 20:11:31] [build-stdout] [INFO] 
[2025-12-11 20:11:31] [build-stdout] [INFO] --- maven-surefire-plugin:2.22.2:test (default-test) @ xwiki-rendering-syntax-jspwiki ---
[2025-12-11 20:11:31] [build-stdout] [INFO] Tests are skipped.
[2025-12-11 20:11:31] [build-stdout] [INFO] Skipped
[2025-12-11 20:11:31] [build-stdout] [INFO] 
[2025-12-11 20:11:31] [build-stdout] [INFO] --- maven-jar-plugin:3.2.2:jar (default-jar) @ xwiki-rendering-syntax-jspwiki ---
[2025-12-11 20:11:31] [build-stdout] [INFO] Building jar: /data/iris_projects/xwiki__xwiki-rendering_CVE-2023-32070_14.6/xwiki-rendering-syntaxes/xwiki-rendering-syntax-jspwiki/target/xwiki-rendering-syntax-jspwiki-14.6.jar
[2025-12-11 20:11:31] [build-stdout] [INFO] 
[2025-12-11 20:11:31] [build-stdout] [INFO] ------------------------------------------------------------------------
[2025-12-11 20:11:31] [build-stdout] [INFO] Building XWiki Rendering - Syntax - Creole 14.6
[2025-12-11 20:11:31] [build-stdout] [INFO] ------------------------------------------------------------------------
[2025-12-11 20:11:31] [build-stdout] [INFO] 
[2025-12-11 20:11:31] [build-stdout] [INFO] --- maven-clean-plugin:3.2.0:clean (default-clean) @ xwiki-rendering-syntax-creole ---
[2025-12-11 20:11:31] [build-stdout] [INFO] Deleting /data/iris_projects/xwiki__xwiki-rendering_CVE-2023-32070_14.6/xwiki-rendering-syntaxes/xwiki-rendering-syntax-creole/target
[2025-12-11 20:11:31] [build-stdout] [INFO] 
[2025-12-11 20:11:31] [build-stdout] [INFO] --- maven-enforcer-plugin:1.4.1:enforce (enforce-plugins) @ xwiki-rendering-syntax-creole ---
[2025-12-11 20:11:31] [build-stdout] [INFO] 
[2025-12-11 20:11:31] [build-stdout] [INFO] --- maven-enforcer-plugin:1.4.1:enforce (enforce-jcl-log4j-isolation) @ xwiki-rendering-syntax-creole ---
[2025-12-11 20:11:31] [build-stdout] [INFO] 
[2025-12-11 20:11:31] [build-stdout] [INFO] --- maven-enforcer-plugin:1.4.1:enforce (enforce-jakarta.xml.bind-api) @ xwiki-rendering-syntax-creole ---
[2025-12-11 20:11:31] [build-stdout] [INFO] 
[2025-12-11 20:11:31] [build-stdout] [INFO] --- maven-enforcer-plugin:1.4.1:enforce (enforce-glasshfish-jaxb) @ xwiki-rendering-syntax-creole ---
[2025-12-11 20:11:31] [build-stdout] [INFO] 
[2025-12-11 20:11:31] [build-stdout] [INFO] --- maven-enforcer-plugin:1.4.1:enforce (enforce-jaxrs1) @ xwiki-rendering-syntax-creole ---
[2025-12-11 20:11:31] [build-stdout] [INFO] 
[2025-12-11 20:11:31] [build-stdout] [INFO] --- maven-enforcer-plugin:1.4.1:enforce (enforce-open-json) @ xwiki-rendering-syntax-creole ---
[2025-12-11 20:11:31] [build-stdout] [INFO] 
[2025-12-11 20:11:31] [build-stdout] [INFO] --- maven-enforcer-plugin:1.4.1:enforce (enforce-glassfish-el) @ xwiki-rendering-syntax-creole ---
[2025-12-11 20:11:31] [build-stdout] [INFO] 
[2025-12-11 20:11:31] [build-stdout] [INFO] --- maven-enforcer-plugin:1.4.1:enforce (enforce-commons-lang3) @ xwiki-rendering-syntax-creole ---
[2025-12-11 20:11:31] [build-stdout] [INFO] 
[2025-12-11 20:11:31] [build-stdout] [INFO] --- maven-enforcer-plugin:1.4.1:enforce (enforce-commons-configuration2) @ xwiki-rendering-syntax-creole ---
[2025-12-11 20:11:31] [build-stdout] [INFO] 
[2025-12-11 20:11:31] [build-stdout] [INFO] --- maven-enforcer-plugin:1.4.1:enforce (enforce-jakarta.activation-api) @ xwiki-rendering-syntax-creole ---
[2025-12-11 20:11:31] [build-stdout] [INFO] 
[2025-12-11 20:11:31] [build-stdout] [INFO] --- maven-enforcer-plugin:1.4.1:enforce (enforce-jakarta.activation) @ xwiki-rendering-syntax-creole ---
[2025-12-11 20:11:32] [build-stdout] [INFO] 
[2025-12-11 20:11:32] [build-stdout] [INFO] --- maven-enforcer-plugin:1.4.1:enforce (enforce-jakarta.mail-api) @ xwiki-rendering-syntax-creole ---
[2025-12-11 20:11:32] [build-stdout] [INFO] 
[2025-12-11 20:11:32] [build-stdout] [INFO] --- maven-enforcer-plugin:1.4.1:enforce (enforce-jakarta.mail) @ xwiki-rendering-syntax-creole ---
[2025-12-11 20:11:32] [build-stdout] [INFO] 
[2025-12-11 20:11:32] [build-stdout] [INFO] --- maven-enforcer-plugin:1.4.1:enforce (enforce-jakarta.annotation-api) @ xwiki-rendering-syntax-creole ---
[2025-12-11 20:11:32] [build-stdout] [INFO] 
[2025-12-11 20:11:32] [build-stdout] [INFO] --- maven-enforcer-plugin:1.4.1:enforce (enforce-bouncycastle-ids) @ xwiki-rendering-syntax-creole ---
[2025-12-11 20:11:32] [build-stdout] [INFO] 
[2025-12-11 20:11:32] [build-stdout] [INFO] --- maven-enforcer-plugin:1.4.1:enforce (enforce-velocity-engine-core) @ xwiki-rendering-syntax-creole ---
[2025-12-11 20:11:32] [build-stdout] [INFO] 
[2025-12-11 20:11:32] [build-stdout] [INFO] --- maven-enforcer-plugin:1.4.1:enforce (enforce-asm) @ xwiki-rendering-syntax-creole ---
[2025-12-11 20:11:32] [build-stdout] [INFO] 
[2025-12-11 20:11:32] [build-stdout] [INFO] --- maven-enforcer-plugin:1.4.1:enforce (enforce-cglib) @ xwiki-rendering-syntax-creole ---
[2025-12-11 20:11:32] [build-stdout] [INFO] 
[2025-12-11 20:11:32] [build-stdout] [INFO] --- maven-enforcer-plugin:1.4.1:enforce (enforce-javase-dependencies) @ xwiki-rendering-syntax-creole ---
[2025-12-11 20:11:32] [build-stdout] [INFO] 
[2025-12-11 20:11:32] [build-stdout] [INFO] --- maven-enforcer-plugin:1.4.1:enforce (enforce-jsr305) @ xwiki-rendering-syntax-creole ---
[2025-12-11 20:11:32] [build-stdout] [INFO] 
[2025-12-11 20:11:32] [build-stdout] [INFO] --- maven-enforcer-plugin:1.4.1:enforce (enforce-jta) @ xwiki-rendering-syntax-creole ---
[2025-12-11 20:11:32] [build-stdout] [INFO] 
[2025-12-11 20:11:32] [build-stdout] [INFO] --- maven-enforcer-plugin:1.4.1:enforce (enforce-jakarta.validation-api) @ xwiki-rendering-syntax-creole ---
[2025-12-11 20:11:32] [build-stdout] [INFO] 
[2025-12-11 20:11:32] [build-stdout] [INFO] --- maven-enforcer-plugin:1.4.1:enforce (enforce-hibernate-validator) @ xwiki-rendering-syntax-creole ---
[2025-12-11 20:11:32] [build-stdout] [INFO] 
[2025-12-11 20:11:32] [build-stdout] [INFO] --- maven-enforcer-plugin:1.4.1:enforce (enforce-upper-bounds) @ xwiki-rendering-syntax-creole ---
[2025-12-11 20:11:32] [build-stdout] [INFO] 
[2025-12-11 20:11:32] [build-stdout] [INFO] --- maven-enforcer-plugin:1.4.1:enforce (enforce-no-legacy-dependencies) @ xwiki-rendering-syntax-creole ---
[2025-12-11 20:11:32] [build-stdout] [INFO] 
[2025-12-11 20:11:32] [build-stdout] [INFO] --- maven-enforcer-plugin:1.4.1:enforce (enforce-valid-poms) @ xwiki-rendering-syntax-creole ---
[2025-12-11 20:11:32] [build-stdout] [INFO] 
[2025-12-11 20:11:32] [build-stdout] [INFO] --- maven-enforcer-plugin:1.4.1:enforce (enforce-platform-isolation) @ xwiki-rendering-syntax-creole ---
[2025-12-11 20:11:32] [build-stdout] [INFO] 
[2025-12-11 20:11:32] [build-stdout] [INFO] --- maven-enforcer-plugin:1.4.1:enforce (check-dependency-version) @ xwiki-rendering-syntax-creole ---
[2025-12-11 20:11:32] [build-stdout] [INFO] 
[2025-12-11 20:11:32] [build-stdout] [INFO] --- xwiki-commons-tool-remote-resource-plugin:14.6:process (xwiki-license-resources) @ xwiki-rendering-syntax-creole ---
[2025-12-11 20:11:32] [build-stdout] [INFO] Preparing remote bundle org.xwiki.commons:xwiki-commons-tool-license-resources:14.6
[2025-12-11 20:11:32] [build-stdout] [INFO] Copying 2 resources from 1 bundle.
[2025-12-11 20:11:32] [build-stdout] [INFO] 
[2025-12-11 20:11:32] [build-stdout] [INFO] --- maven-resources-plugin:3.2.0:resources (default-resources) @ xwiki-rendering-syntax-creole ---
[2025-12-11 20:11:32] [build-stdout] [INFO] Using 'UTF-8' encoding to copy filtered resources.
[2025-12-11 20:11:32] [build-stdout] [INFO] Using 'UTF-8' encoding to copy filtered properties files.
[2025-12-11 20:11:32] [build-stdout] [INFO] Copying 1 resource
[2025-12-11 20:11:32] [build-stdout] [INFO] Copying 2 resources
[2025-12-11 20:11:32] [build-stdout] [INFO] 
[2025-12-11 20:11:32] [build-stdout] [INFO] --- maven-compiler-plugin:3.10.1:compile (default-compile) @ xwiki-rendering-syntax-creole ---
[2025-12-11 20:11:32] [build-stdout] [INFO] Loaded from the build cache, saving 72ms
[2025-12-11 20:11:32] [build-stdout] [INFO] 
[2025-12-11 20:11:32] [build-stdout] [INFO] --- maven-bundle-plugin:5.1.6:manifest (bundle-manifest) @ xwiki-rendering-syntax-creole ---
[2025-12-11 20:11:32] [build-stdout] [INFO] No MANIFEST.MF file found, generating manifest.
[2025-12-11 20:11:32] [build-stdout] [INFO] Writing manifest: /data/iris_projects/xwiki__xwiki-rendering_CVE-2023-32070_14.6/xwiki-rendering-syntaxes/xwiki-rendering-syntax-creole/target/classes/META-INF/MANIFEST.MF
[2025-12-11 20:11:32] [build-stdout] [INFO] 
[2025-12-11 20:11:32] [build-stdout] [INFO] --- maven-resources-plugin:3.2.0:testResources (default-testResources) @ xwiki-rendering-syntax-creole ---
[2025-12-11 20:11:32] [build-stdout] [INFO] Using 'UTF-8' encoding to copy filtered resources.
[2025-12-11 20:11:32] [build-stdout] [INFO] Using 'UTF-8' encoding to copy filtered properties files.
[2025-12-11 20:11:32] [build-stdout] [INFO] Copying 25 resources
[2025-12-11 20:11:32] [build-stdout] [INFO] Copying 2 resources
[2025-12-11 20:11:32] [build-stdout] [INFO] 
[2025-12-11 20:11:32] [build-stdout] [INFO] --- maven-compiler-plugin:3.10.1:testCompile (default-testCompile) @ xwiki-rendering-syntax-creole ---
[2025-12-11 20:11:32] [build-stdout] [INFO] Loaded from the build cache, saving 103ms
[2025-12-11 20:11:32] [build-stdout] [INFO] 
[2025-12-11 20:11:32] [build-stdout] [INFO] --- maven-surefire-plugin:2.22.2:test (default-test) @ xwiki-rendering-syntax-creole ---
[2025-12-11 20:11:32] [build-stdout] [INFO] Tests are skipped.
[2025-12-11 20:11:32] [build-stdout] [INFO] Skipped
[2025-12-11 20:11:32] [build-stdout] [INFO] 
[2025-12-11 20:11:32] [build-stdout] [INFO] --- maven-jar-plugin:3.2.2:jar (default-jar) @ xwiki-rendering-syntax-creole ---
[2025-12-11 20:11:32] [build-stdout] [INFO] Building jar: /data/iris_projects/xwiki__xwiki-rendering_CVE-2023-32070_14.6/xwiki-rendering-syntaxes/xwiki-rendering-syntax-creole/target/xwiki-rendering-syntax-creole-14.6.jar
[2025-12-11 20:11:32] [build-stdout] [INFO] 
[2025-12-11 20:11:32] [build-stdout] [INFO] ------------------------------------------------------------------------
[2025-12-11 20:11:32] [build-stdout] [INFO] Building XWiki Rendering - Syntax - TWiki 14.6
[2025-12-11 20:11:32] [build-stdout] [INFO] ------------------------------------------------------------------------
[2025-12-11 20:11:32] [build-stdout] [INFO] 
[2025-12-11 20:11:32] [build-stdout] [INFO] --- maven-clean-plugin:3.2.0:clean (default-clean) @ xwiki-rendering-syntax-twiki ---
[2025-12-11 20:11:32] [build-stdout] [INFO] Deleting /data/iris_projects/xwiki__xwiki-rendering_CVE-2023-32070_14.6/xwiki-rendering-syntaxes/xwiki-rendering-syntax-twiki/target
[2025-12-11 20:11:32] [build-stdout] [INFO] 
[2025-12-11 20:11:32] [build-stdout] [INFO] --- maven-enforcer-plugin:1.4.1:enforce (enforce-plugins) @ xwiki-rendering-syntax-twiki ---
[2025-12-11 20:11:32] [build-stdout] [INFO] 
[2025-12-11 20:11:32] [build-stdout] [INFO] --- maven-enforcer-plugin:1.4.1:enforce (enforce-jcl-log4j-isolation) @ xwiki-rendering-syntax-twiki ---
[2025-12-11 20:11:32] [build-stdout] [INFO] 
[2025-12-11 20:11:32] [build-stdout] [INFO] --- maven-enforcer-plugin:1.4.1:enforce (enforce-jakarta.xml.bind-api) @ xwiki-rendering-syntax-twiki ---
[2025-12-11 20:11:32] [build-stdout] [INFO] 
[2025-12-11 20:11:32] [build-stdout] [INFO] --- maven-enforcer-plugin:1.4.1:enforce (enforce-glasshfish-jaxb) @ xwiki-rendering-syntax-twiki ---
[2025-12-11 20:11:32] [build-stdout] [INFO] 
[2025-12-11 20:11:32] [build-stdout] [INFO] --- maven-enforcer-plugin:1.4.1:enforce (enforce-jaxrs1) @ xwiki-rendering-syntax-twiki ---
[2025-12-11 20:11:32] [build-stdout] [INFO] 
[2025-12-11 20:11:32] [build-stdout] [INFO] --- maven-enforcer-plugin:1.4.1:enforce (enforce-open-json) @ xwiki-rendering-syntax-twiki ---
[2025-12-11 20:11:32] [build-stdout] [INFO] 
[2025-12-11 20:11:32] [build-stdout] [INFO] --- maven-enforcer-plugin:1.4.1:enforce (enforce-glassfish-el) @ xwiki-rendering-syntax-twiki ---
[2025-12-11 20:11:32] [build-stdout] [INFO] 
[2025-12-11 20:11:32] [build-stdout] [INFO] --- maven-enforcer-plugin:1.4.1:enforce (enforce-commons-lang3) @ xwiki-rendering-syntax-twiki ---
[2025-12-11 20:11:32] [build-stdout] [INFO] 
[2025-12-11 20:11:32] [build-stdout] [INFO] --- maven-enforcer-plugin:1.4.1:enforce (enforce-commons-configuration2) @ xwiki-rendering-syntax-twiki ---
[2025-12-11 20:11:32] [build-stdout] [INFO] 
[2025-12-11 20:11:32] [build-stdout] [INFO] --- maven-enforcer-plugin:1.4.1:enforce (enforce-jakarta.activation-api) @ xwiki-rendering-syntax-twiki ---
[2025-12-11 20:11:32] [build-stdout] [INFO] 
[2025-12-11 20:11:32] [build-stdout] [INFO] --- maven-enforcer-plugin:1.4.1:enforce (enforce-jakarta.activation) @ xwiki-rendering-syntax-twiki ---
[2025-12-11 20:11:32] [build-stdout] [INFO] 
[2025-12-11 20:11:32] [build-stdout] [INFO] --- maven-enforcer-plugin:1.4.1:enforce (enforce-jakarta.mail-api) @ xwiki-rendering-syntax-twiki ---
[2025-12-11 20:11:32] [build-stdout] [INFO] 
[2025-12-11 20:11:32] [build-stdout] [INFO] --- maven-enforcer-plugin:1.4.1:enforce (enforce-jakarta.mail) @ xwiki-rendering-syntax-twiki ---
[2025-12-11 20:11:32] [build-stdout] [INFO] 
[2025-12-11 20:11:32] [build-stdout] [INFO] --- maven-enforcer-plugin:1.4.1:enforce (enforce-jakarta.annotation-api) @ xwiki-rendering-syntax-twiki ---
[2025-12-11 20:11:32] [build-stdout] [INFO] 
[2025-12-11 20:11:32] [build-stdout] [INFO] --- maven-enforcer-plugin:1.4.1:enforce (enforce-bouncycastle-ids) @ xwiki-rendering-syntax-twiki ---
[2025-12-11 20:11:32] [build-stdout] [INFO] 
[2025-12-11 20:11:32] [build-stdout] [INFO] --- maven-enforcer-plugin:1.4.1:enforce (enforce-velocity-engine-core) @ xwiki-rendering-syntax-twiki ---
[2025-12-11 20:11:32] [build-stdout] [INFO] 
[2025-12-11 20:11:32] [build-stdout] [INFO] --- maven-enforcer-plugin:1.4.1:enforce (enforce-asm) @ xwiki-rendering-syntax-twiki ---
[2025-12-11 20:11:32] [build-stdout] [INFO] 
[2025-12-11 20:11:32] [build-stdout] [INFO] --- maven-enforcer-plugin:1.4.1:enforce (enforce-cglib) @ xwiki-rendering-syntax-twiki ---
[2025-12-11 20:11:32] [build-stdout] [INFO] 
[2025-12-11 20:11:32] [build-stdout] [INFO] --- maven-enforcer-plugin:1.4.1:enforce (enforce-javase-dependencies) @ xwiki-rendering-syntax-twiki ---
[2025-12-11 20:11:32] [build-stdout] [INFO] 
[2025-12-11 20:11:32] [build-stdout] [INFO] --- maven-enforcer-plugin:1.4.1:enforce (enforce-jsr305) @ xwiki-rendering-syntax-twiki ---
[2025-12-11 20:11:32] [build-stdout] [INFO] 
[2025-12-11 20:11:32] [build-stdout] [INFO] --- maven-enforcer-plugin:1.4.1:enforce (enforce-jta) @ xwiki-rendering-syntax-twiki ---
[2025-12-11 20:11:32] [build-stdout] [INFO] 
[2025-12-11 20:11:32] [build-stdout] [INFO] --- maven-enforcer-plugin:1.4.1:enforce (enforce-jakarta.validation-api) @ xwiki-rendering-syntax-twiki ---
[2025-12-11 20:11:32] [build-stdout] [INFO] 
[2025-12-11 20:11:32] [build-stdout] [INFO] --- maven-enforcer-plugin:1.4.1:enforce (enforce-hibernate-validator) @ xwiki-rendering-syntax-twiki ---
[2025-12-11 20:11:32] [build-stdout] [INFO] 
[2025-12-11 20:11:32] [build-stdout] [INFO] --- maven-enforcer-plugin:1.4.1:enforce (enforce-upper-bounds) @ xwiki-rendering-syntax-twiki ---
[2025-12-11 20:11:32] [build-stdout] [INFO] 
[2025-12-11 20:11:32] [build-stdout] [INFO] --- maven-enforcer-plugin:1.4.1:enforce (enforce-no-legacy-dependencies) @ xwiki-rendering-syntax-twiki ---
[2025-12-11 20:11:33] [build-stdout] [INFO] 
[2025-12-11 20:11:33] [build-stdout] [INFO] --- maven-enforcer-plugin:1.4.1:enforce (enforce-valid-poms) @ xwiki-rendering-syntax-twiki ---
[2025-12-11 20:11:33] [build-stdout] [INFO] 
[2025-12-11 20:11:33] [build-stdout] [INFO] --- maven-enforcer-plugin:1.4.1:enforce (enforce-platform-isolation) @ xwiki-rendering-syntax-twiki ---
[2025-12-11 20:11:33] [build-stdout] [INFO] 
[2025-12-11 20:11:33] [build-stdout] [INFO] --- maven-enforcer-plugin:1.4.1:enforce (check-dependency-version) @ xwiki-rendering-syntax-twiki ---
[2025-12-11 20:11:33] [build-stdout] [INFO] 
[2025-12-11 20:11:33] [build-stdout] [INFO] --- xwiki-commons-tool-remote-resource-plugin:14.6:process (xwiki-license-resources) @ xwiki-rendering-syntax-twiki ---
[2025-12-11 20:11:33] [build-stdout] [INFO] Preparing remote bundle org.xwiki.commons:xwiki-commons-tool-license-resources:14.6
[2025-12-11 20:11:33] [build-stdout] [INFO] Copying 2 resources from 1 bundle.
[2025-12-11 20:11:33] [build-stdout] [INFO] 
[2025-12-11 20:11:33] [build-stdout] [INFO] --- maven-resources-plugin:3.2.0:resources (default-resources) @ xwiki-rendering-syntax-twiki ---
[2025-12-11 20:11:33] [build-stdout] [INFO] Using 'UTF-8' encoding to copy filtered resources.
[2025-12-11 20:11:33] [build-stdout] [INFO] Using 'UTF-8' encoding to copy filtered properties files.
[2025-12-11 20:11:33] [build-stdout] [INFO] Copying 1 resource
[2025-12-11 20:11:33] [build-stdout] [INFO] Copying 2 resources
[2025-12-11 20:11:33] [build-stdout] [INFO] 
[2025-12-11 20:11:33] [build-stdout] [INFO] --- maven-compiler-plugin:3.10.1:compile (default-compile) @ xwiki-rendering-syntax-twiki ---
[2025-12-11 20:11:33] [build-stdout] [INFO] Loaded from the build cache, saving 75ms
[2025-12-11 20:11:33] [build-stdout] [INFO] 
[2025-12-11 20:11:33] [build-stdout] [INFO] --- maven-bundle-plugin:5.1.6:manifest (bundle-manifest) @ xwiki-rendering-syntax-twiki ---
[2025-12-11 20:11:33] [build-stdout] [INFO] No MANIFEST.MF file found, generating manifest.
[2025-12-11 20:11:33] [build-stdout] [INFO] Writing manifest: /data/iris_projects/xwiki__xwiki-rendering_CVE-2023-32070_14.6/xwiki-rendering-syntaxes/xwiki-rendering-syntax-twiki/target/classes/META-INF/MANIFEST.MF
[2025-12-11 20:11:33] [build-stdout] [INFO] 
[2025-12-11 20:11:33] [build-stdout] [INFO] --- maven-resources-plugin:3.2.0:testResources (default-testResources) @ xwiki-rendering-syntax-twiki ---
[2025-12-11 20:11:33] [build-stdout] [INFO] Using 'UTF-8' encoding to copy filtered resources.
[2025-12-11 20:11:33] [build-stdout] [INFO] Using 'UTF-8' encoding to copy filtered properties files.
[2025-12-11 20:11:33] [build-stdout] [INFO] Copying 11 resources
[2025-12-11 20:11:33] [build-stdout] [INFO] Copying 2 resources
[2025-12-11 20:11:33] [build-stdout] [INFO] 
[2025-12-11 20:11:33] [build-stdout] [INFO] --- maven-compiler-plugin:3.10.1:testCompile (default-testCompile) @ xwiki-rendering-syntax-twiki ---
[2025-12-11 20:11:33] [build-stdout] [INFO] Loaded from the build cache, saving 90ms
[2025-12-11 20:11:33] [build-stdout] [INFO] 
[2025-12-11 20:11:33] [build-stdout] [INFO] --- maven-surefire-plugin:2.22.2:test (default-test) @ xwiki-rendering-syntax-twiki ---
[2025-12-11 20:11:33] [build-stdout] [INFO] Tests are skipped.
[2025-12-11 20:11:33] [build-stdout] [INFO] Skipped
[2025-12-11 20:11:33] [build-stdout] [INFO] 
[2025-12-11 20:11:33] [build-stdout] [INFO] --- maven-jar-plugin:3.2.2:jar (default-jar) @ xwiki-rendering-syntax-twiki ---
[2025-12-11 20:11:33] [build-stdout] [INFO] Building jar: /data/iris_projects/xwiki__xwiki-rendering_CVE-2023-32070_14.6/xwiki-rendering-syntaxes/xwiki-rendering-syntax-twiki/target/xwiki-rendering-syntax-twiki-14.6.jar
[2025-12-11 20:11:33] [build-stdout] [INFO] 
[2025-12-11 20:11:33] [build-stdout] [INFO] ------------------------------------------------------------------------
[2025-12-11 20:11:33] [build-stdout] [INFO] Building XWiki Rendering - Syntax - HTML 14.6
[2025-12-11 20:11:33] [build-stdout] [INFO] ------------------------------------------------------------------------
[2025-12-11 20:11:33] [build-stdout] [INFO] 
[2025-12-11 20:11:33] [build-stdout] [INFO] --- maven-clean-plugin:3.2.0:clean (default-clean) @ xwiki-rendering-syntax-html ---
[2025-12-11 20:11:33] [build-stdout] [INFO] Deleting /data/iris_projects/xwiki__xwiki-rendering_CVE-2023-32070_14.6/xwiki-rendering-syntaxes/xwiki-rendering-syntax-html/target
[2025-12-11 20:11:33] [build-stdout] [INFO] 
[2025-12-11 20:11:33] [build-stdout] [INFO] --- maven-enforcer-plugin:1.4.1:enforce (enforce-plugins) @ xwiki-rendering-syntax-html ---
[2025-12-11 20:11:33] [build-stdout] [INFO] 
[2025-12-11 20:11:33] [build-stdout] [INFO] --- maven-enforcer-plugin:1.4.1:enforce (enforce-jcl-log4j-isolation) @ xwiki-rendering-syntax-html ---
[2025-12-11 20:11:33] [build-stdout] [INFO] 
[2025-12-11 20:11:33] [build-stdout] [INFO] --- maven-enforcer-plugin:1.4.1:enforce (enforce-jakarta.xml.bind-api) @ xwiki-rendering-syntax-html ---
[2025-12-11 20:11:33] [build-stdout] [INFO] 
[2025-12-11 20:11:33] [build-stdout] [INFO] --- maven-enforcer-plugin:1.4.1:enforce (enforce-glasshfish-jaxb) @ xwiki-rendering-syntax-html ---
[2025-12-11 20:11:33] [build-stdout] [INFO] 
[2025-12-11 20:11:33] [build-stdout] [INFO] --- maven-enforcer-plugin:1.4.1:enforce (enforce-jaxrs1) @ xwiki-rendering-syntax-html ---
[2025-12-11 20:11:33] [build-stdout] [INFO] 
[2025-12-11 20:11:33] [build-stdout] [INFO] --- maven-enforcer-plugin:1.4.1:enforce (enforce-open-json) @ xwiki-rendering-syntax-html ---
[2025-12-11 20:11:33] [build-stdout] [INFO] 
[2025-12-11 20:11:33] [build-stdout] [INFO] --- maven-enforcer-plugin:1.4.1:enforce (enforce-glassfish-el) @ xwiki-rendering-syntax-html ---
[2025-12-11 20:11:33] [build-stdout] [INFO] 
[2025-12-11 20:11:33] [build-stdout] [INFO] --- maven-enforcer-plugin:1.4.1:enforce (enforce-commons-lang3) @ xwiki-rendering-syntax-html ---
[2025-12-11 20:11:33] [build-stdout] [INFO] 
[2025-12-11 20:11:33] [build-stdout] [INFO] --- maven-enforcer-plugin:1.4.1:enforce (enforce-commons-configuration2) @ xwiki-rendering-syntax-html ---
[2025-12-11 20:11:33] [build-stdout] [INFO] 
[2025-12-11 20:11:33] [build-stdout] [INFO] --- maven-enforcer-plugin:1.4.1:enforce (enforce-jakarta.activation-api) @ xwiki-rendering-syntax-html ---
[2025-12-11 20:11:33] [build-stdout] [INFO] 
[2025-12-11 20:11:33] [build-stdout] [INFO] --- maven-enforcer-plugin:1.4.1:enforce (enforce-jakarta.activation) @ xwiki-rendering-syntax-html ---
[2025-12-11 20:11:33] [build-stdout] [INFO] 
[2025-12-11 20:11:33] [build-stdout] [INFO] --- maven-enforcer-plugin:1.4.1:enforce (enforce-jakarta.mail-api) @ xwiki-rendering-syntax-html ---
[2025-12-11 20:11:33] [build-stdout] [INFO] 
[2025-12-11 20:11:33] [build-stdout] [INFO] --- maven-enforcer-plugin:1.4.1:enforce (enforce-jakarta.mail) @ xwiki-rendering-syntax-html ---
[2025-12-11 20:11:33] [build-stdout] [INFO] 
[2025-12-11 20:11:33] [build-stdout] [INFO] --- maven-enforcer-plugin:1.4.1:enforce (enforce-jakarta.annotation-api) @ xwiki-rendering-syntax-html ---
[2025-12-11 20:11:33] [build-stdout] [INFO] 
[2025-12-11 20:11:33] [build-stdout] [INFO] --- maven-enforcer-plugin:1.4.1:enforce (enforce-bouncycastle-ids) @ xwiki-rendering-syntax-html ---
[2025-12-11 20:11:33] [build-stdout] [INFO] 
[2025-12-11 20:11:33] [build-stdout] [INFO] --- maven-enforcer-plugin:1.4.1:enforce (enforce-velocity-engine-core) @ xwiki-rendering-syntax-html ---
[2025-12-11 20:11:33] [build-stdout] [INFO] 
[2025-12-11 20:11:33] [build-stdout] [INFO] --- maven-enforcer-plugin:1.4.1:enforce (enforce-asm) @ xwiki-rendering-syntax-html ---
[2025-12-11 20:11:33] [build-stdout] [INFO] 
[2025-12-11 20:11:33] [build-stdout] [INFO] --- maven-enforcer-plugin:1.4.1:enforce (enforce-cglib) @ xwiki-rendering-syntax-html ---
[2025-12-11 20:11:33] [build-stdout] [INFO] 
[2025-12-11 20:11:33] [build-stdout] [INFO] --- maven-enforcer-plugin:1.4.1:enforce (enforce-javase-dependencies) @ xwiki-rendering-syntax-html ---
[2025-12-11 20:11:33] [build-stdout] [INFO] 
[2025-12-11 20:11:33] [build-stdout] [INFO] --- maven-enforcer-plugin:1.4.1:enforce (enforce-jsr305) @ xwiki-rendering-syntax-html ---
[2025-12-11 20:11:33] [build-stdout] [INFO] 
[2025-12-11 20:11:33] [build-stdout] [INFO] --- maven-enforcer-plugin:1.4.1:enforce (enforce-jta) @ xwiki-rendering-syntax-html ---
[2025-12-11 20:11:33] [build-stdout] [INFO] 
[2025-12-11 20:11:33] [build-stdout] [INFO] --- maven-enforcer-plugin:1.4.1:enforce (enforce-jakarta.validation-api) @ xwiki-rendering-syntax-html ---
[2025-12-11 20:11:33] [build-stdout] [INFO] 
[2025-12-11 20:11:33] [build-stdout] [INFO] --- maven-enforcer-plugin:1.4.1:enforce (enforce-hibernate-validator) @ xwiki-rendering-syntax-html ---
[2025-12-11 20:11:33] [build-stdout] [INFO] 
[2025-12-11 20:11:33] [build-stdout] [INFO] --- maven-enforcer-plugin:1.4.1:enforce (enforce-upper-bounds) @ xwiki-rendering-syntax-html ---
[2025-12-11 20:11:33] [build-stdout] [INFO] 
[2025-12-11 20:11:33] [build-stdout] [INFO] --- maven-enforcer-plugin:1.4.1:enforce (enforce-no-legacy-dependencies) @ xwiki-rendering-syntax-html ---
[2025-12-11 20:11:33] [build-stdout] [INFO] 
[2025-12-11 20:11:33] [build-stdout] [INFO] --- maven-enforcer-plugin:1.4.1:enforce (enforce-valid-poms) @ xwiki-rendering-syntax-html ---
[2025-12-11 20:11:33] [build-stdout] [INFO] 
[2025-12-11 20:11:33] [build-stdout] [INFO] --- maven-enforcer-plugin:1.4.1:enforce (enforce-platform-isolation) @ xwiki-rendering-syntax-html ---
[2025-12-11 20:11:33] [build-stdout] [INFO] 
[2025-12-11 20:11:33] [build-stdout] [INFO] --- maven-enforcer-plugin:1.4.1:enforce (check-dependency-version) @ xwiki-rendering-syntax-html ---
[2025-12-11 20:11:33] [build-stdout] [INFO] 
[2025-12-11 20:11:33] [build-stdout] [INFO] --- xwiki-commons-tool-remote-resource-plugin:14.6:process (xwiki-license-resources) @ xwiki-rendering-syntax-html ---
[2025-12-11 20:11:33] [build-stdout] [INFO] Preparing remote bundle org.xwiki.commons:xwiki-commons-tool-license-resources:14.6
[2025-12-11 20:11:33] [build-stdout] [INFO] Copying 2 resources from 1 bundle.
[2025-12-11 20:11:34] [build-stdout] [INFO] 
[2025-12-11 20:11:34] [build-stdout] [INFO] --- maven-resources-plugin:3.2.0:resources (default-resources) @ xwiki-rendering-syntax-html ---
[2025-12-11 20:11:34] [build-stdout] [INFO] Using 'UTF-8' encoding to copy filtered resources.
[2025-12-11 20:11:34] [build-stdout] [INFO] Using 'UTF-8' encoding to copy filtered properties files.
[2025-12-11 20:11:34] [build-stdout] [INFO] Copying 1 resource
[2025-12-11 20:11:34] [build-stdout] [INFO] Copying 2 resources
[2025-12-11 20:11:34] [build-stdout] [INFO] 
[2025-12-11 20:11:34] [build-stdout] [INFO] --- maven-compiler-plugin:3.10.1:compile (default-compile) @ xwiki-rendering-syntax-html ---
[2025-12-11 20:11:34] [build-stdout] [INFO] Loaded from the build cache, saving 77ms
[2025-12-11 20:11:34] [build-stdout] [INFO] 
[2025-12-11 20:11:34] [build-stdout] [INFO] --- maven-bundle-plugin:5.1.6:manifest (bundle-manifest) @ xwiki-rendering-syntax-html ---
[2025-12-11 20:11:34] [build-stdout] [INFO] No MANIFEST.MF file found, generating manifest.
[2025-12-11 20:11:34] [build-stdout] [INFO] Writing manifest: /data/iris_projects/xwiki__xwiki-rendering_CVE-2023-32070_14.6/xwiki-rendering-syntaxes/xwiki-rendering-syntax-html/target/classes/META-INF/MANIFEST.MF
[2025-12-11 20:11:34] [build-stdout] [INFO] 
[2025-12-11 20:11:34] [build-stdout] [INFO] --- maven-resources-plugin:3.2.0:testResources (default-testResources) @ xwiki-rendering-syntax-html ---
[2025-12-11 20:11:34] [build-stdout] [INFO] Using 'UTF-8' encoding to copy filtered resources.
[2025-12-11 20:11:34] [build-stdout] [INFO] Using 'UTF-8' encoding to copy filtered properties files.
[2025-12-11 20:11:34] [build-stdout] [INFO] Copying 1 resource
[2025-12-11 20:11:34] [build-stdout] [INFO] Copying 2 resources
[2025-12-11 20:11:34] [build-stdout] [INFO] 
[2025-12-11 20:11:34] [build-stdout] [INFO] --- maven-compiler-plugin:3.10.1:testCompile (default-testCompile) @ xwiki-rendering-syntax-html ---
[2025-12-11 20:11:34] [build-stdout] [INFO] Loaded from the build cache, saving 98ms
[2025-12-11 20:11:34] [build-stdout] [INFO] 
[2025-12-11 20:11:34] [build-stdout] [INFO] --- maven-surefire-plugin:2.22.2:test (default-test) @ xwiki-rendering-syntax-html ---
[2025-12-11 20:11:34] [build-stdout] [INFO] Tests are skipped.
[2025-12-11 20:11:34] [build-stdout] [INFO] Skipped
[2025-12-11 20:11:34] [build-stdout] [INFO] 
[2025-12-11 20:11:34] [build-stdout] [INFO] --- maven-jar-plugin:3.2.2:jar (default-jar) @ xwiki-rendering-syntax-html ---
[2025-12-11 20:11:34] [build-stdout] [INFO] Building jar: /data/iris_projects/xwiki__xwiki-rendering_CVE-2023-32070_14.6/xwiki-rendering-syntaxes/xwiki-rendering-syntax-html/target/xwiki-rendering-syntax-html-14.6.jar
[2025-12-11 20:11:34] [build-stdout] [INFO] 
[2025-12-11 20:11:34] [build-stdout] [INFO] ------------------------------------------------------------------------
[2025-12-11 20:11:34] [build-stdout] [INFO] Building XWiki Rendering - Syntax - XHTML5 14.6
[2025-12-11 20:11:34] [build-stdout] [INFO] ------------------------------------------------------------------------
[2025-12-11 20:11:34] [build-stdout] [INFO] 
[2025-12-11 20:11:34] [build-stdout] [INFO] --- maven-clean-plugin:3.2.0:clean (default-clean) @ xwiki-rendering-syntax-xhtml5 ---
[2025-12-11 20:11:34] [build-stdout] [INFO] Deleting /data/iris_projects/xwiki__xwiki-rendering_CVE-2023-32070_14.6/xwiki-rendering-syntaxes/xwiki-rendering-syntax-xhtml5/target
[2025-12-11 20:11:34] [build-stdout] [INFO] 
[2025-12-11 20:11:34] [build-stdout] [INFO] --- maven-enforcer-plugin:1.4.1:enforce (enforce-plugins) @ xwiki-rendering-syntax-xhtml5 ---
[2025-12-11 20:11:34] [build-stdout] [INFO] 
[2025-12-11 20:11:34] [build-stdout] [INFO] --- maven-enforcer-plugin:1.4.1:enforce (enforce-jcl-log4j-isolation) @ xwiki-rendering-syntax-xhtml5 ---
[2025-12-11 20:11:34] [build-stdout] [INFO] 
[2025-12-11 20:11:34] [build-stdout] [INFO] --- maven-enforcer-plugin:1.4.1:enforce (enforce-jakarta.xml.bind-api) @ xwiki-rendering-syntax-xhtml5 ---
[2025-12-11 20:11:34] [build-stdout] [INFO] 
[2025-12-11 20:11:34] [build-stdout] [INFO] --- maven-enforcer-plugin:1.4.1:enforce (enforce-glasshfish-jaxb) @ xwiki-rendering-syntax-xhtml5 ---
[2025-12-11 20:11:34] [build-stdout] [INFO] 
[2025-12-11 20:11:34] [build-stdout] [INFO] --- maven-enforcer-plugin:1.4.1:enforce (enforce-jaxrs1) @ xwiki-rendering-syntax-xhtml5 ---
[2025-12-11 20:11:34] [build-stdout] [INFO] 
[2025-12-11 20:11:34] [build-stdout] [INFO] --- maven-enforcer-plugin:1.4.1:enforce (enforce-open-json) @ xwiki-rendering-syntax-xhtml5 ---
[2025-12-11 20:11:34] [build-stdout] [INFO] 
[2025-12-11 20:11:34] [build-stdout] [INFO] --- maven-enforcer-plugin:1.4.1:enforce (enforce-glassfish-el) @ xwiki-rendering-syntax-xhtml5 ---
[2025-12-11 20:11:34] [build-stdout] [INFO] 
[2025-12-11 20:11:34] [build-stdout] [INFO] --- maven-enforcer-plugin:1.4.1:enforce (enforce-commons-lang3) @ xwiki-rendering-syntax-xhtml5 ---
[2025-12-11 20:11:34] [build-stdout] [INFO] 
[2025-12-11 20:11:34] [build-stdout] [INFO] --- maven-enforcer-plugin:1.4.1:enforce (enforce-commons-configuration2) @ xwiki-rendering-syntax-xhtml5 ---
[2025-12-11 20:11:34] [build-stdout] [INFO] 
[2025-12-11 20:11:34] [build-stdout] [INFO] --- maven-enforcer-plugin:1.4.1:enforce (enforce-jakarta.activation-api) @ xwiki-rendering-syntax-xhtml5 ---
[2025-12-11 20:11:34] [build-stdout] [INFO] 
[2025-12-11 20:11:34] [build-stdout] [INFO] --- maven-enforcer-plugin:1.4.1:enforce (enforce-jakarta.activation) @ xwiki-rendering-syntax-xhtml5 ---
[2025-12-11 20:11:34] [build-stdout] [INFO] 
[2025-12-11 20:11:34] [build-stdout] [INFO] --- maven-enforcer-plugin:1.4.1:enforce (enforce-jakarta.mail-api) @ xwiki-rendering-syntax-xhtml5 ---
[2025-12-11 20:11:34] [build-stdout] [INFO] 
[2025-12-11 20:11:34] [build-stdout] [INFO] --- maven-enforcer-plugin:1.4.1:enforce (enforce-jakarta.mail) @ xwiki-rendering-syntax-xhtml5 ---
[2025-12-11 20:11:34] [build-stdout] [INFO] 
[2025-12-11 20:11:34] [build-stdout] [INFO] --- maven-enforcer-plugin:1.4.1:enforce (enforce-jakarta.annotation-api) @ xwiki-rendering-syntax-xhtml5 ---
[2025-12-11 20:11:34] [build-stdout] [INFO] 
[2025-12-11 20:11:34] [build-stdout] [INFO] --- maven-enforcer-plugin:1.4.1:enforce (enforce-bouncycastle-ids) @ xwiki-rendering-syntax-xhtml5 ---
[2025-12-11 20:11:34] [build-stdout] [INFO] 
[2025-12-11 20:11:34] [build-stdout] [INFO] --- maven-enforcer-plugin:1.4.1:enforce (enforce-velocity-engine-core) @ xwiki-rendering-syntax-xhtml5 ---
[2025-12-11 20:11:34] [build-stdout] [INFO] 
[2025-12-11 20:11:34] [build-stdout] [INFO] --- maven-enforcer-plugin:1.4.1:enforce (enforce-asm) @ xwiki-rendering-syntax-xhtml5 ---
[2025-12-11 20:11:34] [build-stdout] [INFO] 
[2025-12-11 20:11:34] [build-stdout] [INFO] --- maven-enforcer-plugin:1.4.1:enforce (enforce-cglib) @ xwiki-rendering-syntax-xhtml5 ---
[2025-12-11 20:11:34] [build-stdout] [INFO] 
[2025-12-11 20:11:34] [build-stdout] [INFO] --- maven-enforcer-plugin:1.4.1:enforce (enforce-javase-dependencies) @ xwiki-rendering-syntax-xhtml5 ---
[2025-12-11 20:11:34] [build-stdout] [INFO] 
[2025-12-11 20:11:34] [build-stdout] [INFO] --- maven-enforcer-plugin:1.4.1:enforce (enforce-jsr305) @ xwiki-rendering-syntax-xhtml5 ---
[2025-12-11 20:11:34] [build-stdout] [INFO] 
[2025-12-11 20:11:34] [build-stdout] [INFO] --- maven-enforcer-plugin:1.4.1:enforce (enforce-jta) @ xwiki-rendering-syntax-xhtml5 ---
[2025-12-11 20:11:34] [build-stdout] [INFO] 
[2025-12-11 20:11:34] [build-stdout] [INFO] --- maven-enforcer-plugin:1.4.1:enforce (enforce-jakarta.validation-api) @ xwiki-rendering-syntax-xhtml5 ---
[2025-12-11 20:11:34] [build-stdout] [INFO] 
[2025-12-11 20:11:34] [build-stdout] [INFO] --- maven-enforcer-plugin:1.4.1:enforce (enforce-hibernate-validator) @ xwiki-rendering-syntax-xhtml5 ---
[2025-12-11 20:11:34] [build-stdout] [INFO] 
[2025-12-11 20:11:34] [build-stdout] [INFO] --- maven-enforcer-plugin:1.4.1:enforce (enforce-upper-bounds) @ xwiki-rendering-syntax-xhtml5 ---
[2025-12-11 20:11:34] [build-stdout] [INFO] 
[2025-12-11 20:11:34] [build-stdout] [INFO] --- maven-enforcer-plugin:1.4.1:enforce (enforce-no-legacy-dependencies) @ xwiki-rendering-syntax-xhtml5 ---
[2025-12-11 20:11:34] [build-stdout] [INFO] 
[2025-12-11 20:11:34] [build-stdout] [INFO] --- maven-enforcer-plugin:1.4.1:enforce (enforce-valid-poms) @ xwiki-rendering-syntax-xhtml5 ---
[2025-12-11 20:11:34] [build-stdout] [INFO] 
[2025-12-11 20:11:34] [build-stdout] [INFO] --- maven-enforcer-plugin:1.4.1:enforce (enforce-platform-isolation) @ xwiki-rendering-syntax-xhtml5 ---
[2025-12-11 20:11:34] [build-stdout] [INFO] 
[2025-12-11 20:11:34] [build-stdout] [INFO] --- maven-enforcer-plugin:1.4.1:enforce (check-dependency-version) @ xwiki-rendering-syntax-xhtml5 ---
[2025-12-11 20:11:34] [build-stdout] [INFO] 
[2025-12-11 20:11:34] [build-stdout] [INFO] --- xwiki-commons-tool-remote-resource-plugin:14.6:process (xwiki-license-resources) @ xwiki-rendering-syntax-xhtml5 ---
[2025-12-11 20:11:34] [build-stdout] [INFO] Preparing remote bundle org.xwiki.commons:xwiki-commons-tool-license-resources:14.6
[2025-12-11 20:11:34] [build-stdout] [INFO] Copying 2 resources from 1 bundle.
[2025-12-11 20:11:35] [build-stdout] [INFO] 
[2025-12-11 20:11:35] [build-stdout] [INFO] --- maven-resources-plugin:3.2.0:resources (default-resources) @ xwiki-rendering-syntax-xhtml5 ---
[2025-12-11 20:11:35] [build-stdout] [INFO] Using 'UTF-8' encoding to copy filtered resources.
[2025-12-11 20:11:35] [build-stdout] [INFO] Using 'UTF-8' encoding to copy filtered properties files.
[2025-12-11 20:11:35] [build-stdout] [INFO] Copying 1 resource
[2025-12-11 20:11:35] [build-stdout] [INFO] Copying 2 resources
[2025-12-11 20:11:35] [build-stdout] [INFO] 
[2025-12-11 20:11:35] [build-stdout] [INFO] --- maven-compiler-plugin:3.10.1:compile (default-compile) @ xwiki-rendering-syntax-xhtml5 ---
[2025-12-11 20:11:35] [build-stdout] [INFO] Loaded from the build cache, saving 116ms
[2025-12-11 20:11:35] [build-stdout] [INFO] 
[2025-12-11 20:11:35] [build-stdout] [INFO] --- maven-bundle-plugin:5.1.6:manifest (bundle-manifest) @ xwiki-rendering-syntax-xhtml5 ---
[2025-12-11 20:11:35] [build-stdout] [INFO] No MANIFEST.MF file found, generating manifest.
[2025-12-11 20:11:35] [build-stdout] [INFO] Writing manifest: /data/iris_projects/xwiki__xwiki-rendering_CVE-2023-32070_14.6/xwiki-rendering-syntaxes/xwiki-rendering-syntax-xhtml5/target/classes/META-INF/MANIFEST.MF
[2025-12-11 20:11:35] [build-stdout] [INFO] 
[2025-12-11 20:11:35] [build-stdout] [INFO] --- maven-resources-plugin:3.2.0:testResources (default-testResources) @ xwiki-rendering-syntax-xhtml5 ---
[2025-12-11 20:11:35] [build-stdout] [INFO] Using 'UTF-8' encoding to copy filtered resources.
[2025-12-11 20:11:35] [build-stdout] [INFO] Using 'UTF-8' encoding to copy filtered properties files.
[2025-12-11 20:11:35] [build-stdout] [INFO] Copying 5 resources
[2025-12-11 20:11:35] [build-stdout] [INFO] Copying 2 resources
[2025-12-11 20:11:35] [build-stdout] [INFO] 
[2025-12-11 20:11:35] [build-stdout] [INFO] --- maven-compiler-plugin:3.10.1:testCompile (default-testCompile) @ xwiki-rendering-syntax-xhtml5 ---
[2025-12-11 20:11:35] [build-stdout] [INFO] Loaded from the build cache, saving 124ms
[2025-12-11 20:11:35] [build-stdout] [INFO] 
[2025-12-11 20:11:35] [build-stdout] [INFO] --- maven-surefire-plugin:2.22.2:test (default-test) @ xwiki-rendering-syntax-xhtml5 ---
[2025-12-11 20:11:35] [build-stdout] [INFO] Tests are skipped.
[2025-12-11 20:11:35] [build-stdout] [INFO] Skipped
[2025-12-11 20:11:35] [build-stdout] [INFO] 
[2025-12-11 20:11:35] [build-stdout] [INFO] --- maven-jar-plugin:3.2.2:jar (default-jar) @ xwiki-rendering-syntax-xhtml5 ---
[2025-12-11 20:11:35] [build-stdout] [INFO] Building jar: /data/iris_projects/xwiki__xwiki-rendering_CVE-2023-32070_14.6/xwiki-rendering-syntaxes/xwiki-rendering-syntax-xhtml5/target/xwiki-rendering-syntax-xhtml5-14.6.jar
[2025-12-11 20:11:35] [build-stdout] [INFO] 
[2025-12-11 20:11:35] [build-stdout] [INFO] --- maven-jar-plugin:3.2.2:test-jar (default) @ xwiki-rendering-syntax-xhtml5 ---
[2025-12-11 20:11:35] [build-stdout] [INFO] Building jar: /data/iris_projects/xwiki__xwiki-rendering_CVE-2023-32070_14.6/xwiki-rendering-syntaxes/xwiki-rendering-syntax-xhtml5/target/xwiki-rendering-syntax-xhtml5-14.6-tests.jar
[2025-12-11 20:11:35] [build-stdout] [INFO] 
[2025-12-11 20:11:35] [build-stdout] [INFO] ------------------------------------------------------------------------
[2025-12-11 20:11:35] [build-stdout] [INFO] Building XWiki Rendering - Macros - Parent POM 14.6
[2025-12-11 20:11:35] [build-stdout] [INFO] ------------------------------------------------------------------------
[2025-12-11 20:11:35] [build-stdout] [INFO] 
[2025-12-11 20:11:35] [build-stdout] [INFO] --- maven-clean-plugin:3.2.0:clean (default-clean) @ xwiki-rendering-macros ---
[2025-12-11 20:11:35] [build-stdout] [INFO] Deleting /data/iris_projects/xwiki__xwiki-rendering_CVE-2023-32070_14.6/xwiki-rendering-macros/target
[2025-12-11 20:11:35] [build-stdout] [INFO] 
[2025-12-11 20:11:35] [build-stdout] [INFO] --- maven-enforcer-plugin:1.4.1:enforce (enforce-plugins) @ xwiki-rendering-macros ---
[2025-12-11 20:11:35] [build-stdout] [INFO] 
[2025-12-11 20:11:35] [build-stdout] [INFO] --- maven-enforcer-plugin:1.4.1:enforce (enforce-jcl-log4j-isolation) @ xwiki-rendering-macros ---
[2025-12-11 20:11:35] [build-stdout] [INFO] 
[2025-12-11 20:11:35] [build-stdout] [INFO] --- maven-enforcer-plugin:1.4.1:enforce (enforce-jakarta.xml.bind-api) @ xwiki-rendering-macros ---
[2025-12-11 20:11:35] [build-stdout] [INFO] 
[2025-12-11 20:11:35] [build-stdout] [INFO] --- maven-enforcer-plugin:1.4.1:enforce (enforce-glasshfish-jaxb) @ xwiki-rendering-macros ---
[2025-12-11 20:11:35] [build-stdout] [INFO] 
[2025-12-11 20:11:35] [build-stdout] [INFO] --- maven-enforcer-plugin:1.4.1:enforce (enforce-jaxrs1) @ xwiki-rendering-macros ---
[2025-12-11 20:11:35] [build-stdout] [INFO] 
[2025-12-11 20:11:35] [build-stdout] [INFO] --- maven-enforcer-plugin:1.4.1:enforce (enforce-open-json) @ xwiki-rendering-macros ---
[2025-12-11 20:11:35] [build-stdout] [INFO] 
[2025-12-11 20:11:35] [build-stdout] [INFO] --- maven-enforcer-plugin:1.4.1:enforce (enforce-glassfish-el) @ xwiki-rendering-macros ---
[2025-12-11 20:11:35] [build-stdout] [INFO] 
[2025-12-11 20:11:35] [build-stdout] [INFO] --- maven-enforcer-plugin:1.4.1:enforce (enforce-commons-lang3) @ xwiki-rendering-macros ---
[2025-12-11 20:11:35] [build-stdout] [INFO] 
[2025-12-11 20:11:35] [build-stdout] [INFO] --- maven-enforcer-plugin:1.4.1:enforce (enforce-commons-configuration2) @ xwiki-rendering-macros ---
[2025-12-11 20:11:35] [build-stdout] [INFO] 
[2025-12-11 20:11:35] [build-stdout] [INFO] --- maven-enforcer-plugin:1.4.1:enforce (enforce-jakarta.activation-api) @ xwiki-rendering-macros ---
[2025-12-11 20:11:35] [build-stdout] [INFO] 
[2025-12-11 20:11:35] [build-stdout] [INFO] --- maven-enforcer-plugin:1.4.1:enforce (enforce-jakarta.activation) @ xwiki-rendering-macros ---
[2025-12-11 20:11:35] [build-stdout] [INFO] 
[2025-12-11 20:11:35] [build-stdout] [INFO] --- maven-enforcer-plugin:1.4.1:enforce (enforce-jakarta.mail-api) @ xwiki-rendering-macros ---
[2025-12-11 20:11:35] [build-stdout] [INFO] 
[2025-12-11 20:11:35] [build-stdout] [INFO] --- maven-enforcer-plugin:1.4.1:enforce (enforce-jakarta.mail) @ xwiki-rendering-macros ---
[2025-12-11 20:11:35] [build-stdout] [INFO] 
[2025-12-11 20:11:35] [build-stdout] [INFO] --- maven-enforcer-plugin:1.4.1:enforce (enforce-jakarta.annotation-api) @ xwiki-rendering-macros ---
[2025-12-11 20:11:35] [build-stdout] [INFO] 
[2025-12-11 20:11:35] [build-stdout] [INFO] --- maven-enforcer-plugin:1.4.1:enforce (enforce-bouncycastle-ids) @ xwiki-rendering-macros ---
[2025-12-11 20:11:35] [build-stdout] [INFO] 
[2025-12-11 20:11:35] [build-stdout] [INFO] --- maven-enforcer-plugin:1.4.1:enforce (enforce-velocity-engine-core) @ xwiki-rendering-macros ---
[2025-12-11 20:11:35] [build-stdout] [INFO] 
[2025-12-11 20:11:35] [build-stdout] [INFO] --- maven-enforcer-plugin:1.4.1:enforce (enforce-asm) @ xwiki-rendering-macros ---
[2025-12-11 20:11:35] [build-stdout] [INFO] 
[2025-12-11 20:11:35] [build-stdout] [INFO] --- maven-enforcer-plugin:1.4.1:enforce (enforce-cglib) @ xwiki-rendering-macros ---
[2025-12-11 20:11:35] [build-stdout] [INFO] 
[2025-12-11 20:11:35] [build-stdout] [INFO] --- maven-enforcer-plugin:1.4.1:enforce (enforce-javase-dependencies) @ xwiki-rendering-macros ---
[2025-12-11 20:11:35] [build-stdout] [INFO] 
[2025-12-11 20:11:35] [build-stdout] [INFO] --- maven-enforcer-plugin:1.4.1:enforce (enforce-jsr305) @ xwiki-rendering-macros ---
[2025-12-11 20:11:35] [build-stdout] [INFO] 
[2025-12-11 20:11:35] [build-stdout] [INFO] --- maven-enforcer-plugin:1.4.1:enforce (enforce-jta) @ xwiki-rendering-macros ---
[2025-12-11 20:11:35] [build-stdout] [INFO] 
[2025-12-11 20:11:35] [build-stdout] [INFO] --- maven-enforcer-plugin:1.4.1:enforce (enforce-jakarta.validation-api) @ xwiki-rendering-macros ---
[2025-12-11 20:11:35] [build-stdout] [INFO] 
[2025-12-11 20:11:35] [build-stdout] [INFO] --- maven-enforcer-plugin:1.4.1:enforce (enforce-hibernate-validator) @ xwiki-rendering-macros ---
[2025-12-11 20:11:35] [build-stdout] [INFO] 
[2025-12-11 20:11:35] [build-stdout] [INFO] --- maven-enforcer-plugin:1.4.1:enforce (enforce-upper-bounds) @ xwiki-rendering-macros ---
[2025-12-11 20:11:35] [build-stdout] [INFO] 
[2025-12-11 20:11:35] [build-stdout] [INFO] --- maven-enforcer-plugin:1.4.1:enforce (enforce-no-legacy-dependencies) @ xwiki-rendering-macros ---
[2025-12-11 20:11:35] [build-stdout] [INFO] 
[2025-12-11 20:11:35] [build-stdout] [INFO] --- maven-enforcer-plugin:1.4.1:enforce (enforce-valid-poms) @ xwiki-rendering-macros ---
[2025-12-11 20:11:35] [build-stdout] [INFO] 
[2025-12-11 20:11:35] [build-stdout] [INFO] --- maven-enforcer-plugin:1.4.1:enforce (enforce-platform-isolation) @ xwiki-rendering-macros ---
[2025-12-11 20:11:35] [build-stdout] [INFO] 
[2025-12-11 20:11:35] [build-stdout] [INFO] --- maven-enforcer-plugin:1.4.1:enforce (check-dependency-version) @ xwiki-rendering-macros ---
[2025-12-11 20:11:35] [build-stdout] [INFO] 
[2025-12-11 20:11:35] [build-stdout] [INFO] --- maven-enforcer-plugin:1.4.1:enforce (enforce-banned-dependencies) @ xwiki-rendering-macros ---
[2025-12-11 20:11:35] [build-stdout] [INFO] 
[2025-12-11 20:11:35] [build-stdout] [INFO] --- xwiki-commons-tool-remote-resource-plugin:14.6:process (xwiki-license-resources) @ xwiki-rendering-macros ---
[2025-12-11 20:11:35] [build-stdout] [INFO] Preparing remote bundle org.xwiki.commons:xwiki-commons-tool-license-resources:14.6
[2025-12-11 20:11:35] [build-stdout] [INFO] Copying 2 resources from 1 bundle.
[2025-12-11 20:11:36] [build-stdout] [INFO] 
[2025-12-11 20:11:36] [build-stdout] [INFO] --- maven-bundle-plugin:5.1.6:manifest (bundle-manifest) @ xwiki-rendering-macros ---
[2025-12-11 20:11:36] [build-stdout] [WARNING] Ignoring project type pom - supportedProjectTypes = [jar, bundle]
[2025-12-11 20:11:36] [build-stdout] [INFO] 
[2025-12-11 20:11:36] [build-stdout] [INFO] ------------------------------------------------------------------------
[2025-12-11 20:11:36] [build-stdout] [INFO] Building XWiki Rendering - Macro - Figure 14.6
[2025-12-11 20:11:36] [build-stdout] [INFO] ------------------------------------------------------------------------
[2025-12-11 20:11:36] [build-stdout] [INFO] 
[2025-12-11 20:11:36] [build-stdout] [INFO] --- maven-clean-plugin:3.2.0:clean (default-clean) @ xwiki-rendering-macro-figure ---
[2025-12-11 20:11:36] [build-stdout] [INFO] Deleting /data/iris_projects/xwiki__xwiki-rendering_CVE-2023-32070_14.6/xwiki-rendering-macros/xwiki-rendering-macro-figure/target
[2025-12-11 20:11:36] [build-stdout] [INFO] 
[2025-12-11 20:11:36] [build-stdout] [INFO] --- maven-enforcer-plugin:1.4.1:enforce (enforce-plugins) @ xwiki-rendering-macro-figure ---
[2025-12-11 20:11:36] [build-stdout] [INFO] 
[2025-12-11 20:11:36] [build-stdout] [INFO] --- maven-enforcer-plugin:1.4.1:enforce (enforce-jcl-log4j-isolation) @ xwiki-rendering-macro-figure ---
[2025-12-11 20:11:36] [build-stdout] [INFO] 
[2025-12-11 20:11:36] [build-stdout] [INFO] --- maven-enforcer-plugin:1.4.1:enforce (enforce-jakarta.xml.bind-api) @ xwiki-rendering-macro-figure ---
[2025-12-11 20:11:36] [build-stdout] [INFO] 
[2025-12-11 20:11:36] [build-stdout] [INFO] --- maven-enforcer-plugin:1.4.1:enforce (enforce-glasshfish-jaxb) @ xwiki-rendering-macro-figure ---
[2025-12-11 20:11:36] [build-stdout] [INFO] 
[2025-12-11 20:11:36] [build-stdout] [INFO] --- maven-enforcer-plugin:1.4.1:enforce (enforce-jaxrs1) @ xwiki-rendering-macro-figure ---
[2025-12-11 20:11:36] [build-stdout] [INFO] 
[2025-12-11 20:11:36] [build-stdout] [INFO] --- maven-enforcer-plugin:1.4.1:enforce (enforce-open-json) @ xwiki-rendering-macro-figure ---
[2025-12-11 20:11:36] [build-stdout] [INFO] 
[2025-12-11 20:11:36] [build-stdout] [INFO] --- maven-enforcer-plugin:1.4.1:enforce (enforce-glassfish-el) @ xwiki-rendering-macro-figure ---
[2025-12-11 20:11:36] [build-stdout] [INFO] 
[2025-12-11 20:11:36] [build-stdout] [INFO] --- maven-enforcer-plugin:1.4.1:enforce (enforce-commons-lang3) @ xwiki-rendering-macro-figure ---
[2025-12-11 20:11:36] [build-stdout] [INFO] 
[2025-12-11 20:11:36] [build-stdout] [INFO] --- maven-enforcer-plugin:1.4.1:enforce (enforce-commons-configuration2) @ xwiki-rendering-macro-figure ---
[2025-12-11 20:11:36] [build-stdout] [INFO] 
[2025-12-11 20:11:36] [build-stdout] [INFO] --- maven-enforcer-plugin:1.4.1:enforce (enforce-jakarta.activation-api) @ xwiki-rendering-macro-figure ---
[2025-12-11 20:11:36] [build-stdout] [INFO] 
[2025-12-11 20:11:36] [build-stdout] [INFO] --- maven-enforcer-plugin:1.4.1:enforce (enforce-jakarta.activation) @ xwiki-rendering-macro-figure ---
[2025-12-11 20:11:36] [build-stdout] [INFO] 
[2025-12-11 20:11:36] [build-stdout] [INFO] --- maven-enforcer-plugin:1.4.1:enforce (enforce-jakarta.mail-api) @ xwiki-rendering-macro-figure ---
[2025-12-11 20:11:36] [build-stdout] [INFO] 
[2025-12-11 20:11:36] [build-stdout] [INFO] --- maven-enforcer-plugin:1.4.1:enforce (enforce-jakarta.mail) @ xwiki-rendering-macro-figure ---
[2025-12-11 20:11:36] [build-stdout] [INFO] 
[2025-12-11 20:11:36] [build-stdout] [INFO] --- maven-enforcer-plugin:1.4.1:enforce (enforce-jakarta.annotation-api) @ xwiki-rendering-macro-figure ---
[2025-12-11 20:11:36] [build-stdout] [INFO] 
[2025-12-11 20:11:36] [build-stdout] [INFO] --- maven-enforcer-plugin:1.4.1:enforce (enforce-bouncycastle-ids) @ xwiki-rendering-macro-figure ---
[2025-12-11 20:11:36] [build-stdout] [INFO] 
[2025-12-11 20:11:36] [build-stdout] [INFO] --- maven-enforcer-plugin:1.4.1:enforce (enforce-velocity-engine-core) @ xwiki-rendering-macro-figure ---
[2025-12-11 20:11:36] [build-stdout] [INFO] 
[2025-12-11 20:11:36] [build-stdout] [INFO] --- maven-enforcer-plugin:1.4.1:enforce (enforce-asm) @ xwiki-rendering-macro-figure ---
[2025-12-11 20:11:36] [build-stdout] [INFO] 
[2025-12-11 20:11:36] [build-stdout] [INFO] --- maven-enforcer-plugin:1.4.1:enforce (enforce-cglib) @ xwiki-rendering-macro-figure ---
[2025-12-11 20:11:36] [build-stdout] [INFO] 
[2025-12-11 20:11:36] [build-stdout] [INFO] --- maven-enforcer-plugin:1.4.1:enforce (enforce-javase-dependencies) @ xwiki-rendering-macro-figure ---
[2025-12-11 20:11:36] [build-stdout] [INFO] 
[2025-12-11 20:11:36] [build-stdout] [INFO] --- maven-enforcer-plugin:1.4.1:enforce (enforce-jsr305) @ xwiki-rendering-macro-figure ---
[2025-12-11 20:11:36] [build-stdout] [INFO] 
[2025-12-11 20:11:36] [build-stdout] [INFO] --- maven-enforcer-plugin:1.4.1:enforce (enforce-jta) @ xwiki-rendering-macro-figure ---
[2025-12-11 20:11:36] [build-stdout] [INFO] 
[2025-12-11 20:11:36] [build-stdout] [INFO] --- maven-enforcer-plugin:1.4.1:enforce (enforce-jakarta.validation-api) @ xwiki-rendering-macro-figure ---
[2025-12-11 20:11:36] [build-stdout] [INFO] 
[2025-12-11 20:11:36] [build-stdout] [INFO] --- maven-enforcer-plugin:1.4.1:enforce (enforce-hibernate-validator) @ xwiki-rendering-macro-figure ---
[2025-12-11 20:11:36] [build-stdout] [INFO] 
[2025-12-11 20:11:36] [build-stdout] [INFO] --- maven-enforcer-plugin:1.4.1:enforce (enforce-upper-bounds) @ xwiki-rendering-macro-figure ---
[2025-12-11 20:11:36] [build-stdout] [INFO] 
[2025-12-11 20:11:36] [build-stdout] [INFO] --- maven-enforcer-plugin:1.4.1:enforce (enforce-no-legacy-dependencies) @ xwiki-rendering-macro-figure ---
[2025-12-11 20:11:36] [build-stdout] [INFO] 
[2025-12-11 20:11:36] [build-stdout] [INFO] --- maven-enforcer-plugin:1.4.1:enforce (enforce-valid-poms) @ xwiki-rendering-macro-figure ---
[2025-12-11 20:11:36] [build-stdout] [INFO] 
[2025-12-11 20:11:36] [build-stdout] [INFO] --- maven-enforcer-plugin:1.4.1:enforce (enforce-platform-isolation) @ xwiki-rendering-macro-figure ---
[2025-12-11 20:11:36] [build-stdout] [INFO] 
[2025-12-11 20:11:36] [build-stdout] [INFO] --- maven-enforcer-plugin:1.4.1:enforce (check-dependency-version) @ xwiki-rendering-macro-figure ---
[2025-12-11 20:11:36] [build-stdout] [INFO] 
[2025-12-11 20:11:36] [build-stdout] [INFO] --- maven-enforcer-plugin:1.4.1:enforce (enforce-banned-dependencies) @ xwiki-rendering-macro-figure ---
[2025-12-11 20:11:36] [build-stdout] [INFO] 
[2025-12-11 20:11:36] [build-stdout] [INFO] --- xwiki-commons-tool-remote-resource-plugin:14.6:process (xwiki-license-resources) @ xwiki-rendering-macro-figure ---
[2025-12-11 20:11:36] [build-stdout] [INFO] Preparing remote bundle org.xwiki.commons:xwiki-commons-tool-license-resources:14.6
[2025-12-11 20:11:36] [build-stdout] [INFO] Copying 2 resources from 1 bundle.
[2025-12-11 20:11:36] [build-stdout] [INFO] 
[2025-12-11 20:11:36] [build-stdout] [INFO] --- maven-resources-plugin:3.2.0:resources (default-resources) @ xwiki-rendering-macro-figure ---
[2025-12-11 20:11:36] [build-stdout] [INFO] Using 'UTF-8' encoding to copy filtered resources.
[2025-12-11 20:11:36] [build-stdout] [INFO] Using 'UTF-8' encoding to copy filtered properties files.
[2025-12-11 20:11:36] [build-stdout] [INFO] Copying 1 resource
[2025-12-11 20:11:36] [build-stdout] [INFO] Copying 2 resources
[2025-12-11 20:11:36] [build-stdout] [INFO] 
[2025-12-11 20:11:36] [build-stdout] [INFO] --- maven-compiler-plugin:3.10.1:compile (default-compile) @ xwiki-rendering-macro-figure ---
[2025-12-11 20:11:36] [build-stdout] [INFO] Loaded from the build cache, saving 82ms
[2025-12-11 20:11:36] [build-stdout] [INFO] 
[2025-12-11 20:11:36] [build-stdout] [INFO] --- maven-bundle-plugin:5.1.6:manifest (bundle-manifest) @ xwiki-rendering-macro-figure ---
[2025-12-11 20:11:36] [build-stdout] [INFO] No MANIFEST.MF file found, generating manifest.
[2025-12-11 20:11:36] [build-stdout] [INFO] Writing manifest: /data/iris_projects/xwiki__xwiki-rendering_CVE-2023-32070_14.6/xwiki-rendering-macros/xwiki-rendering-macro-figure/target/classes/META-INF/MANIFEST.MF
[2025-12-11 20:11:36] [build-stdout] [INFO] 
[2025-12-11 20:11:36] [build-stdout] [INFO] --- maven-resources-plugin:3.2.0:testResources (default-testResources) @ xwiki-rendering-macro-figure ---
[2025-12-11 20:11:36] [build-stdout] [INFO] Using 'UTF-8' encoding to copy filtered resources.
[2025-12-11 20:11:36] [build-stdout] [INFO] Using 'UTF-8' encoding to copy filtered properties files.
[2025-12-11 20:11:36] [build-stdout] [INFO] Copying 6 resources
[2025-12-11 20:11:36] [build-stdout] [INFO] Copying 2 resources
[2025-12-11 20:11:36] [build-stdout] [INFO] 
[2025-12-11 20:11:36] [build-stdout] [INFO] --- maven-compiler-plugin:3.10.1:testCompile (default-testCompile) @ xwiki-rendering-macro-figure ---
[2025-12-11 20:11:36] [build-stdout] [INFO] Loaded from the build cache, saving 160ms
[2025-12-11 20:11:36] [build-stdout] [INFO] 
[2025-12-11 20:11:36] [build-stdout] [INFO] --- maven-surefire-plugin:2.22.2:test (default-test) @ xwiki-rendering-macro-figure ---
[2025-12-11 20:11:36] [build-stdout] [INFO] Tests are skipped.
[2025-12-11 20:11:36] [build-stdout] [INFO] Skipped
[2025-12-11 20:11:36] [build-stdout] [INFO] 
[2025-12-11 20:11:36] [build-stdout] [INFO] --- maven-jar-plugin:3.2.2:jar (default-jar) @ xwiki-rendering-macro-figure ---
[2025-12-11 20:11:36] [build-stdout] [INFO] Building jar: /data/iris_projects/xwiki__xwiki-rendering_CVE-2023-32070_14.6/xwiki-rendering-macros/xwiki-rendering-macro-figure/target/xwiki-rendering-macro-figure-14.6.jar
[2025-12-11 20:11:36] [build-stdout] [INFO] 
[2025-12-11 20:11:36] [build-stdout] [INFO] ------------------------------------------------------------------------
[2025-12-11 20:11:36] [build-stdout] [INFO] Building XWiki Rendering - Syntax - HTML5 14.6
[2025-12-11 20:11:36] [build-stdout] [INFO] ------------------------------------------------------------------------
[2025-12-11 20:11:36] [build-stdout] [INFO] 
[2025-12-11 20:11:36] [build-stdout] [INFO] --- maven-clean-plugin:3.2.0:clean (default-clean) @ xwiki-rendering-syntax-html5 ---
[2025-12-11 20:11:36] [build-stdout] [INFO] Deleting /data/iris_projects/xwiki__xwiki-rendering_CVE-2023-32070_14.6/xwiki-rendering-syntaxes/xwiki-rendering-syntax-html5/target
[2025-12-11 20:11:36] [build-stdout] [INFO] 
[2025-12-11 20:11:36] [build-stdout] [INFO] --- maven-enforcer-plugin:1.4.1:enforce (enforce-plugins) @ xwiki-rendering-syntax-html5 ---
[2025-12-11 20:11:36] [build-stdout] [INFO] 
[2025-12-11 20:11:36] [build-stdout] [INFO] --- maven-enforcer-plugin:1.4.1:enforce (enforce-jcl-log4j-isolation) @ xwiki-rendering-syntax-html5 ---
[2025-12-11 20:11:36] [build-stdout] [INFO] 
[2025-12-11 20:11:36] [build-stdout] [INFO] --- maven-enforcer-plugin:1.4.1:enforce (enforce-jakarta.xml.bind-api) @ xwiki-rendering-syntax-html5 ---
[2025-12-11 20:11:36] [build-stdout] [INFO] 
[2025-12-11 20:11:36] [build-stdout] [INFO] --- maven-enforcer-plugin:1.4.1:enforce (enforce-glasshfish-jaxb) @ xwiki-rendering-syntax-html5 ---
[2025-12-11 20:11:36] [build-stdout] [INFO] 
[2025-12-11 20:11:36] [build-stdout] [INFO] --- maven-enforcer-plugin:1.4.1:enforce (enforce-jaxrs1) @ xwiki-rendering-syntax-html5 ---
[2025-12-11 20:11:36] [build-stdout] [INFO] 
[2025-12-11 20:11:36] [build-stdout] [INFO] --- maven-enforcer-plugin:1.4.1:enforce (enforce-open-json) @ xwiki-rendering-syntax-html5 ---
[2025-12-11 20:11:36] [build-stdout] [INFO] 
[2025-12-11 20:11:36] [build-stdout] [INFO] --- maven-enforcer-plugin:1.4.1:enforce (enforce-glassfish-el) @ xwiki-rendering-syntax-html5 ---
[2025-12-11 20:11:37] [build-stdout] [INFO] 
[2025-12-11 20:11:37] [build-stdout] [INFO] --- maven-enforcer-plugin:1.4.1:enforce (enforce-commons-lang3) @ xwiki-rendering-syntax-html5 ---
[2025-12-11 20:11:37] [build-stdout] [INFO] 
[2025-12-11 20:11:37] [build-stdout] [INFO] --- maven-enforcer-plugin:1.4.1:enforce (enforce-commons-configuration2) @ xwiki-rendering-syntax-html5 ---
[2025-12-11 20:11:37] [build-stdout] [INFO] 
[2025-12-11 20:11:37] [build-stdout] [INFO] --- maven-enforcer-plugin:1.4.1:enforce (enforce-jakarta.activation-api) @ xwiki-rendering-syntax-html5 ---
[2025-12-11 20:11:37] [build-stdout] [INFO] 
[2025-12-11 20:11:37] [build-stdout] [INFO] --- maven-enforcer-plugin:1.4.1:enforce (enforce-jakarta.activation) @ xwiki-rendering-syntax-html5 ---
[2025-12-11 20:11:37] [build-stdout] [INFO] 
[2025-12-11 20:11:37] [build-stdout] [INFO] --- maven-enforcer-plugin:1.4.1:enforce (enforce-jakarta.mail-api) @ xwiki-rendering-syntax-html5 ---
[2025-12-11 20:11:37] [build-stdout] [INFO] 
[2025-12-11 20:11:37] [build-stdout] [INFO] --- maven-enforcer-plugin:1.4.1:enforce (enforce-jakarta.mail) @ xwiki-rendering-syntax-html5 ---
[2025-12-11 20:11:37] [build-stdout] [INFO] 
[2025-12-11 20:11:37] [build-stdout] [INFO] --- maven-enforcer-plugin:1.4.1:enforce (enforce-jakarta.annotation-api) @ xwiki-rendering-syntax-html5 ---
[2025-12-11 20:11:37] [build-stdout] [INFO] 
[2025-12-11 20:11:37] [build-stdout] [INFO] --- maven-enforcer-plugin:1.4.1:enforce (enforce-bouncycastle-ids) @ xwiki-rendering-syntax-html5 ---
[2025-12-11 20:11:37] [build-stdout] [INFO] 
[2025-12-11 20:11:37] [build-stdout] [INFO] --- maven-enforcer-plugin:1.4.1:enforce (enforce-velocity-engine-core) @ xwiki-rendering-syntax-html5 ---
[2025-12-11 20:11:37] [build-stdout] [INFO] 
[2025-12-11 20:11:37] [build-stdout] [INFO] --- maven-enforcer-plugin:1.4.1:enforce (enforce-asm) @ xwiki-rendering-syntax-html5 ---
[2025-12-11 20:11:37] [build-stdout] [INFO] 
[2025-12-11 20:11:37] [build-stdout] [INFO] --- maven-enforcer-plugin:1.4.1:enforce (enforce-cglib) @ xwiki-rendering-syntax-html5 ---
[2025-12-11 20:11:37] [build-stdout] [INFO] 
[2025-12-11 20:11:37] [build-stdout] [INFO] --- maven-enforcer-plugin:1.4.1:enforce (enforce-javase-dependencies) @ xwiki-rendering-syntax-html5 ---
[2025-12-11 20:11:37] [build-stdout] [INFO] 
[2025-12-11 20:11:37] [build-stdout] [INFO] --- maven-enforcer-plugin:1.4.1:enforce (enforce-jsr305) @ xwiki-rendering-syntax-html5 ---
[2025-12-11 20:11:37] [build-stdout] [INFO] 
[2025-12-11 20:11:37] [build-stdout] [INFO] --- maven-enforcer-plugin:1.4.1:enforce (enforce-jta) @ xwiki-rendering-syntax-html5 ---
[2025-12-11 20:11:37] [build-stdout] [INFO] 
[2025-12-11 20:11:37] [build-stdout] [INFO] --- maven-enforcer-plugin:1.4.1:enforce (enforce-jakarta.validation-api) @ xwiki-rendering-syntax-html5 ---
[2025-12-11 20:11:37] [build-stdout] [INFO] 
[2025-12-11 20:11:37] [build-stdout] [INFO] --- maven-enforcer-plugin:1.4.1:enforce (enforce-hibernate-validator) @ xwiki-rendering-syntax-html5 ---
[2025-12-11 20:11:37] [build-stdout] [INFO] 
[2025-12-11 20:11:37] [build-stdout] [INFO] --- maven-enforcer-plugin:1.4.1:enforce (enforce-upper-bounds) @ xwiki-rendering-syntax-html5 ---
[2025-12-11 20:11:37] [build-stdout] [INFO] 
[2025-12-11 20:11:37] [build-stdout] [INFO] --- maven-enforcer-plugin:1.4.1:enforce (enforce-no-legacy-dependencies) @ xwiki-rendering-syntax-html5 ---
[2025-12-11 20:11:37] [build-stdout] [INFO] 
[2025-12-11 20:11:37] [build-stdout] [INFO] --- maven-enforcer-plugin:1.4.1:enforce (enforce-valid-poms) @ xwiki-rendering-syntax-html5 ---
[2025-12-11 20:11:37] [build-stdout] [INFO] 
[2025-12-11 20:11:37] [build-stdout] [INFO] --- maven-enforcer-plugin:1.4.1:enforce (enforce-platform-isolation) @ xwiki-rendering-syntax-html5 ---
[2025-12-11 20:11:37] [build-stdout] [INFO] 
[2025-12-11 20:11:37] [build-stdout] [INFO] --- maven-enforcer-plugin:1.4.1:enforce (check-dependency-version) @ xwiki-rendering-syntax-html5 ---
[2025-12-11 20:11:37] [build-stdout] [INFO] 
[2025-12-11 20:11:37] [build-stdout] [INFO] --- xwiki-commons-tool-remote-resource-plugin:14.6:process (xwiki-license-resources) @ xwiki-rendering-syntax-html5 ---
[2025-12-11 20:11:37] [build-stdout] [INFO] Preparing remote bundle org.xwiki.commons:xwiki-commons-tool-license-resources:14.6
[2025-12-11 20:11:37] [build-stdout] [INFO] Copying 2 resources from 1 bundle.
[2025-12-11 20:11:37] [build-stdout] [INFO] 
[2025-12-11 20:11:37] [build-stdout] [INFO] --- maven-resources-plugin:3.2.0:resources (default-resources) @ xwiki-rendering-syntax-html5 ---
[2025-12-11 20:11:37] [build-stdout] [INFO] Using 'UTF-8' encoding to copy filtered resources.
[2025-12-11 20:11:37] [build-stdout] [INFO] Using 'UTF-8' encoding to copy filtered properties files.
[2025-12-11 20:11:37] [build-stdout] [INFO] Copying 1 resource
[2025-12-11 20:11:37] [build-stdout] [INFO] Copying 2 resources
[2025-12-11 20:11:37] [build-stdout] [INFO] 
[2025-12-11 20:11:37] [build-stdout] [INFO] --- maven-compiler-plugin:3.10.1:compile (default-compile) @ xwiki-rendering-syntax-html5 ---
[2025-12-11 20:11:37] [build-stdout] [INFO] Loaded from the build cache, saving 110ms
[2025-12-11 20:11:37] [build-stdout] [INFO] 
[2025-12-11 20:11:37] [build-stdout] [INFO] --- maven-bundle-plugin:5.1.6:manifest (bundle-manifest) @ xwiki-rendering-syntax-html5 ---
[2025-12-11 20:11:37] [build-stdout] [INFO] No MANIFEST.MF file found, generating manifest.
[2025-12-11 20:11:37] [build-stdout] [INFO] Writing manifest: /data/iris_projects/xwiki__xwiki-rendering_CVE-2023-32070_14.6/xwiki-rendering-syntaxes/xwiki-rendering-syntax-html5/target/classes/META-INF/MANIFEST.MF
[2025-12-11 20:11:37] [build-stdout] [INFO] 
[2025-12-11 20:11:37] [build-stdout] [INFO] --- maven-resources-plugin:3.2.0:testResources (default-testResources) @ xwiki-rendering-syntax-html5 ---
[2025-12-11 20:11:37] [build-stdout] [INFO] Using 'UTF-8' encoding to copy filtered resources.
[2025-12-11 20:11:37] [build-stdout] [INFO] Using 'UTF-8' encoding to copy filtered properties files.
[2025-12-11 20:11:37] [build-stdout] [INFO] Copying 6 resources
[2025-12-11 20:11:37] [build-stdout] [INFO] Copying 2 resources
[2025-12-11 20:11:37] [build-stdout] [INFO] 
[2025-12-11 20:11:37] [build-stdout] [INFO] --- maven-compiler-plugin:3.10.1:testCompile (default-testCompile) @ xwiki-rendering-syntax-html5 ---
[2025-12-11 20:11:37] [build-stdout] [INFO] Loaded from the build cache, saving 122ms
[2025-12-11 20:11:37] [build-stdout] [INFO] 
[2025-12-11 20:11:37] [build-stdout] [INFO] --- maven-surefire-plugin:2.22.2:test (default-test) @ xwiki-rendering-syntax-html5 ---
[2025-12-11 20:11:37] [build-stdout] [INFO] Tests are skipped.
[2025-12-11 20:11:37] [build-stdout] [INFO] Skipped
[2025-12-11 20:11:37] [build-stdout] [INFO] 
[2025-12-11 20:11:37] [build-stdout] [INFO] --- maven-jar-plugin:3.2.2:jar (default-jar) @ xwiki-rendering-syntax-html5 ---
[2025-12-11 20:11:37] [build-stdout] [INFO] Building jar: /data/iris_projects/xwiki__xwiki-rendering_CVE-2023-32070_14.6/xwiki-rendering-syntaxes/xwiki-rendering-syntax-html5/target/xwiki-rendering-syntax-html5-14.6.jar
[2025-12-11 20:11:37] [build-stdout] [INFO] 
[2025-12-11 20:11:37] [build-stdout] [INFO] ------------------------------------------------------------------------
[2025-12-11 20:11:37] [build-stdout] [INFO] Building XWiki Rendering - Syntax - XDOM+XML 1.0 14.6
[2025-12-11 20:11:37] [build-stdout] [INFO] ------------------------------------------------------------------------
[2025-12-11 20:11:37] [build-stdout] [INFO] 
[2025-12-11 20:11:37] [build-stdout] [INFO] --- maven-clean-plugin:3.2.0:clean (default-clean) @ xwiki-rendering-syntax-xdomxml10 ---
[2025-12-11 20:11:37] [build-stdout] [INFO] Deleting /data/iris_projects/xwiki__xwiki-rendering_CVE-2023-32070_14.6/xwiki-rendering-syntaxes/xwiki-rendering-syntax-xdomxml10/target
[2025-12-11 20:11:37] [build-stdout] [INFO] 
[2025-12-11 20:11:37] [build-stdout] [INFO] --- maven-enforcer-plugin:1.4.1:enforce (enforce-plugins) @ xwiki-rendering-syntax-xdomxml10 ---
[2025-12-11 20:11:37] [build-stdout] [INFO] 
[2025-12-11 20:11:37] [build-stdout] [INFO] --- maven-enforcer-plugin:1.4.1:enforce (enforce-jcl-log4j-isolation) @ xwiki-rendering-syntax-xdomxml10 ---
[2025-12-11 20:11:37] [build-stdout] [INFO] 
[2025-12-11 20:11:37] [build-stdout] [INFO] --- maven-enforcer-plugin:1.4.1:enforce (enforce-jakarta.xml.bind-api) @ xwiki-rendering-syntax-xdomxml10 ---
[2025-12-11 20:11:37] [build-stdout] [INFO] 
[2025-12-11 20:11:37] [build-stdout] [INFO] --- maven-enforcer-plugin:1.4.1:enforce (enforce-glasshfish-jaxb) @ xwiki-rendering-syntax-xdomxml10 ---
[2025-12-11 20:11:37] [build-stdout] [INFO] 
[2025-12-11 20:11:37] [build-stdout] [INFO] --- maven-enforcer-plugin:1.4.1:enforce (enforce-jaxrs1) @ xwiki-rendering-syntax-xdomxml10 ---
[2025-12-11 20:11:37] [build-stdout] [INFO] 
[2025-12-11 20:11:37] [build-stdout] [INFO] --- maven-enforcer-plugin:1.4.1:enforce (enforce-open-json) @ xwiki-rendering-syntax-xdomxml10 ---
[2025-12-11 20:11:37] [build-stdout] [INFO] 
[2025-12-11 20:11:37] [build-stdout] [INFO] --- maven-enforcer-plugin:1.4.1:enforce (enforce-glassfish-el) @ xwiki-rendering-syntax-xdomxml10 ---
[2025-12-11 20:11:37] [build-stdout] [INFO] 
[2025-12-11 20:11:37] [build-stdout] [INFO] --- maven-enforcer-plugin:1.4.1:enforce (enforce-commons-lang3) @ xwiki-rendering-syntax-xdomxml10 ---
[2025-12-11 20:11:37] [build-stdout] [INFO] 
[2025-12-11 20:11:37] [build-stdout] [INFO] --- maven-enforcer-plugin:1.4.1:enforce (enforce-commons-configuration2) @ xwiki-rendering-syntax-xdomxml10 ---
[2025-12-11 20:11:37] [build-stdout] [INFO] 
[2025-12-11 20:11:37] [build-stdout] [INFO] --- maven-enforcer-plugin:1.4.1:enforce (enforce-jakarta.activation-api) @ xwiki-rendering-syntax-xdomxml10 ---
[2025-12-11 20:11:37] [build-stdout] [INFO] 
[2025-12-11 20:11:37] [build-stdout] [INFO] --- maven-enforcer-plugin:1.4.1:enforce (enforce-jakarta.activation) @ xwiki-rendering-syntax-xdomxml10 ---
[2025-12-11 20:11:37] [build-stdout] [INFO] 
[2025-12-11 20:11:37] [build-stdout] [INFO] --- maven-enforcer-plugin:1.4.1:enforce (enforce-jakarta.mail-api) @ xwiki-rendering-syntax-xdomxml10 ---
[2025-12-11 20:11:37] [build-stdout] [INFO] 
[2025-12-11 20:11:37] [build-stdout] [INFO] --- maven-enforcer-plugin:1.4.1:enforce (enforce-jakarta.mail) @ xwiki-rendering-syntax-xdomxml10 ---
[2025-12-11 20:11:37] [build-stdout] [INFO] 
[2025-12-11 20:11:37] [build-stdout] [INFO] --- maven-enforcer-plugin:1.4.1:enforce (enforce-jakarta.annotation-api) @ xwiki-rendering-syntax-xdomxml10 ---
[2025-12-11 20:11:37] [build-stdout] [INFO] 
[2025-12-11 20:11:37] [build-stdout] [INFO] --- maven-enforcer-plugin:1.4.1:enforce (enforce-bouncycastle-ids) @ xwiki-rendering-syntax-xdomxml10 ---
[2025-12-11 20:11:37] [build-stdout] [INFO] 
[2025-12-11 20:11:37] [build-stdout] [INFO] --- maven-enforcer-plugin:1.4.1:enforce (enforce-velocity-engine-core) @ xwiki-rendering-syntax-xdomxml10 ---
[2025-12-11 20:11:38] [build-stdout] [INFO] 
[2025-12-11 20:11:38] [build-stdout] [INFO] --- maven-enforcer-plugin:1.4.1:enforce (enforce-asm) @ xwiki-rendering-syntax-xdomxml10 ---
[2025-12-11 20:11:38] [build-stdout] [INFO] 
[2025-12-11 20:11:38] [build-stdout] [INFO] --- maven-enforcer-plugin:1.4.1:enforce (enforce-cglib) @ xwiki-rendering-syntax-xdomxml10 ---
[2025-12-11 20:11:38] [build-stdout] [INFO] 
[2025-12-11 20:11:38] [build-stdout] [INFO] --- maven-enforcer-plugin:1.4.1:enforce (enforce-javase-dependencies) @ xwiki-rendering-syntax-xdomxml10 ---
[2025-12-11 20:11:38] [build-stdout] [INFO] 
[2025-12-11 20:11:38] [build-stdout] [INFO] --- maven-enforcer-plugin:1.4.1:enforce (enforce-jsr305) @ xwiki-rendering-syntax-xdomxml10 ---
[2025-12-11 20:11:38] [build-stdout] [INFO] 
[2025-12-11 20:11:38] [build-stdout] [INFO] --- maven-enforcer-plugin:1.4.1:enforce (enforce-jta) @ xwiki-rendering-syntax-xdomxml10 ---
[2025-12-11 20:11:38] [build-stdout] [INFO] 
[2025-12-11 20:11:38] [build-stdout] [INFO] --- maven-enforcer-plugin:1.4.1:enforce (enforce-jakarta.validation-api) @ xwiki-rendering-syntax-xdomxml10 ---
[2025-12-11 20:11:38] [build-stdout] [INFO] 
[2025-12-11 20:11:38] [build-stdout] [INFO] --- maven-enforcer-plugin:1.4.1:enforce (enforce-hibernate-validator) @ xwiki-rendering-syntax-xdomxml10 ---
[2025-12-11 20:11:38] [build-stdout] [INFO] 
[2025-12-11 20:11:38] [build-stdout] [INFO] --- maven-enforcer-plugin:1.4.1:enforce (enforce-upper-bounds) @ xwiki-rendering-syntax-xdomxml10 ---
[2025-12-11 20:11:38] [build-stdout] [INFO] 
[2025-12-11 20:11:38] [build-stdout] [INFO] --- maven-enforcer-plugin:1.4.1:enforce (enforce-no-legacy-dependencies) @ xwiki-rendering-syntax-xdomxml10 ---
[2025-12-11 20:11:38] [build-stdout] [INFO] 
[2025-12-11 20:11:38] [build-stdout] [INFO] --- maven-enforcer-plugin:1.4.1:enforce (enforce-valid-poms) @ xwiki-rendering-syntax-xdomxml10 ---
[2025-12-11 20:11:38] [build-stdout] [INFO] 
[2025-12-11 20:11:38] [build-stdout] [INFO] --- maven-enforcer-plugin:1.4.1:enforce (enforce-platform-isolation) @ xwiki-rendering-syntax-xdomxml10 ---
[2025-12-11 20:11:38] [build-stdout] [INFO] 
[2025-12-11 20:11:38] [build-stdout] [INFO] --- maven-enforcer-plugin:1.4.1:enforce (check-dependency-version) @ xwiki-rendering-syntax-xdomxml10 ---
[2025-12-11 20:11:38] [build-stdout] [INFO] 
[2025-12-11 20:11:38] [build-stdout] [INFO] --- xwiki-commons-tool-remote-resource-plugin:14.6:process (xwiki-license-resources) @ xwiki-rendering-syntax-xdomxml10 ---
[2025-12-11 20:11:38] [build-stdout] [INFO] Preparing remote bundle org.xwiki.commons:xwiki-commons-tool-license-resources:14.6
[2025-12-11 20:11:38] [build-stdout] [INFO] Copying 2 resources from 1 bundle.
[2025-12-11 20:11:38] [build-stdout] [INFO] 
[2025-12-11 20:11:38] [build-stdout] [INFO] --- maven-resources-plugin:3.2.0:resources (default-resources) @ xwiki-rendering-syntax-xdomxml10 ---
[2025-12-11 20:11:38] [build-stdout] [INFO] Using 'UTF-8' encoding to copy filtered resources.
[2025-12-11 20:11:38] [build-stdout] [INFO] Using 'UTF-8' encoding to copy filtered properties files.
[2025-12-11 20:11:38] [build-stdout] [INFO] Copying 1 resource
[2025-12-11 20:11:38] [build-stdout] [INFO] Copying 2 resources
[2025-12-11 20:11:38] [build-stdout] [INFO] 
[2025-12-11 20:11:38] [build-stdout] [INFO] --- maven-compiler-plugin:3.10.1:compile (default-compile) @ xwiki-rendering-syntax-xdomxml10 ---
[2025-12-11 20:11:38] [build-stdout] [INFO] Loaded from the build cache, saving 193ms
[2025-12-11 20:11:38] [build-stdout] [INFO] 
[2025-12-11 20:11:38] [build-stdout] [INFO] --- maven-bundle-plugin:5.1.6:manifest (bundle-manifest) @ xwiki-rendering-syntax-xdomxml10 ---
[2025-12-11 20:11:38] [build-stdout] [INFO] No MANIFEST.MF file found, generating manifest.
[2025-12-11 20:11:38] [build-stdout] [INFO] Writing manifest: /data/iris_projects/xwiki__xwiki-rendering_CVE-2023-32070_14.6/xwiki-rendering-syntaxes/xwiki-rendering-syntax-xdomxml10/target/classes/META-INF/MANIFEST.MF
[2025-12-11 20:11:38] [build-stdout] [INFO] 
[2025-12-11 20:11:38] [build-stdout] [INFO] --- maven-resources-plugin:3.2.0:testResources (default-testResources) @ xwiki-rendering-syntax-xdomxml10 ---
[2025-12-11 20:11:38] [build-stdout] [INFO] Using 'UTF-8' encoding to copy filtered resources.
[2025-12-11 20:11:38] [build-stdout] [INFO] Using 'UTF-8' encoding to copy filtered properties files.
[2025-12-11 20:11:38] [build-stdout] [INFO] skip non existing resourceDirectory /data/iris_projects/xwiki__xwiki-rendering_CVE-2023-32070_14.6/xwiki-rendering-syntaxes/xwiki-rendering-syntax-xdomxml10/src/test/resources
[2025-12-11 20:11:38] [build-stdout] [INFO] Copying 2 resources
[2025-12-11 20:11:38] [build-stdout] [INFO] 
[2025-12-11 20:11:38] [build-stdout] [INFO] --- maven-compiler-plugin:3.10.1:testCompile (default-testCompile) @ xwiki-rendering-syntax-xdomxml10 ---
[2025-12-11 20:11:38] [build-stdout] [INFO] Loaded from the build cache
[2025-12-11 20:11:38] [build-stdout] [INFO] 
[2025-12-11 20:11:38] [build-stdout] [INFO] --- maven-surefire-plugin:2.22.2:test (default-test) @ xwiki-rendering-syntax-xdomxml10 ---
[2025-12-11 20:11:38] [build-stdout] [INFO] Tests are skipped.
[2025-12-11 20:11:38] [build-stdout] [INFO] Skipped
[2025-12-11 20:11:38] [build-stdout] [INFO] 
[2025-12-11 20:11:38] [build-stdout] [INFO] --- maven-jar-plugin:3.2.2:jar (default-jar) @ xwiki-rendering-syntax-xdomxml10 ---
[2025-12-11 20:11:38] [build-stdout] [INFO] Building jar: /data/iris_projects/xwiki__xwiki-rendering_CVE-2023-32070_14.6/xwiki-rendering-syntaxes/xwiki-rendering-syntax-xdomxml10/target/xwiki-rendering-syntax-xdomxml10-14.6.jar
[2025-12-11 20:11:38] [build-stdout] [INFO] 
[2025-12-11 20:11:38] [build-stdout] [INFO] ------------------------------------------------------------------------
[2025-12-11 20:11:38] [build-stdout] [INFO] Building XWiki Rendering - Macro - Box 14.6
[2025-12-11 20:11:38] [build-stdout] [INFO] ------------------------------------------------------------------------
[2025-12-11 20:11:38] [build-stdout] [INFO] 
[2025-12-11 20:11:38] [build-stdout] [INFO] --- maven-clean-plugin:3.2.0:clean (default-clean) @ xwiki-rendering-macro-box ---
[2025-12-11 20:11:38] [build-stdout] [INFO] Deleting /data/iris_projects/xwiki__xwiki-rendering_CVE-2023-32070_14.6/xwiki-rendering-macros/xwiki-rendering-macro-box/target
[2025-12-11 20:11:38] [build-stdout] [INFO] 
[2025-12-11 20:11:38] [build-stdout] [INFO] --- maven-enforcer-plugin:1.4.1:enforce (enforce-plugins) @ xwiki-rendering-macro-box ---
[2025-12-11 20:11:38] [build-stdout] [INFO] 
[2025-12-11 20:11:38] [build-stdout] [INFO] --- maven-enforcer-plugin:1.4.1:enforce (enforce-jcl-log4j-isolation) @ xwiki-rendering-macro-box ---
[2025-12-11 20:11:38] [build-stdout] [INFO] 
[2025-12-11 20:11:38] [build-stdout] [INFO] --- maven-enforcer-plugin:1.4.1:enforce (enforce-jakarta.xml.bind-api) @ xwiki-rendering-macro-box ---
[2025-12-11 20:11:38] [build-stdout] [INFO] 
[2025-12-11 20:11:38] [build-stdout] [INFO] --- maven-enforcer-plugin:1.4.1:enforce (enforce-glasshfish-jaxb) @ xwiki-rendering-macro-box ---
[2025-12-11 20:11:38] [build-stdout] [INFO] 
[2025-12-11 20:11:38] [build-stdout] [INFO] --- maven-enforcer-plugin:1.4.1:enforce (enforce-jaxrs1) @ xwiki-rendering-macro-box ---
[2025-12-11 20:11:38] [build-stdout] [INFO] 
[2025-12-11 20:11:38] [build-stdout] [INFO] --- maven-enforcer-plugin:1.4.1:enforce (enforce-open-json) @ xwiki-rendering-macro-box ---
[2025-12-11 20:11:38] [build-stdout] [INFO] 
[2025-12-11 20:11:38] [build-stdout] [INFO] --- maven-enforcer-plugin:1.4.1:enforce (enforce-glassfish-el) @ xwiki-rendering-macro-box ---
[2025-12-11 20:11:38] [build-stdout] [INFO] 
[2025-12-11 20:11:38] [build-stdout] [INFO] --- maven-enforcer-plugin:1.4.1:enforce (enforce-commons-lang3) @ xwiki-rendering-macro-box ---
[2025-12-11 20:11:38] [build-stdout] [INFO] 
[2025-12-11 20:11:38] [build-stdout] [INFO] --- maven-enforcer-plugin:1.4.1:enforce (enforce-commons-configuration2) @ xwiki-rendering-macro-box ---
[2025-12-11 20:11:38] [build-stdout] [INFO] 
[2025-12-11 20:11:38] [build-stdout] [INFO] --- maven-enforcer-plugin:1.4.1:enforce (enforce-jakarta.activation-api) @ xwiki-rendering-macro-box ---
[2025-12-11 20:11:38] [build-stdout] [INFO] 
[2025-12-11 20:11:38] [build-stdout] [INFO] --- maven-enforcer-plugin:1.4.1:enforce (enforce-jakarta.activation) @ xwiki-rendering-macro-box ---
[2025-12-11 20:11:38] [build-stdout] [INFO] 
[2025-12-11 20:11:38] [build-stdout] [INFO] --- maven-enforcer-plugin:1.4.1:enforce (enforce-jakarta.mail-api) @ xwiki-rendering-macro-box ---
[2025-12-11 20:11:38] [build-stdout] [INFO] 
[2025-12-11 20:11:38] [build-stdout] [INFO] --- maven-enforcer-plugin:1.4.1:enforce (enforce-jakarta.mail) @ xwiki-rendering-macro-box ---
[2025-12-11 20:11:38] [build-stdout] [INFO] 
[2025-12-11 20:11:38] [build-stdout] [INFO] --- maven-enforcer-plugin:1.4.1:enforce (enforce-jakarta.annotation-api) @ xwiki-rendering-macro-box ---
[2025-12-11 20:11:38] [build-stdout] [INFO] 
[2025-12-11 20:11:38] [build-stdout] [INFO] --- maven-enforcer-plugin:1.4.1:enforce (enforce-bouncycastle-ids) @ xwiki-rendering-macro-box ---
[2025-12-11 20:11:38] [build-stdout] [INFO] 
[2025-12-11 20:11:38] [build-stdout] [INFO] --- maven-enforcer-plugin:1.4.1:enforce (enforce-velocity-engine-core) @ xwiki-rendering-macro-box ---
[2025-12-11 20:11:38] [build-stdout] [INFO] 
[2025-12-11 20:11:38] [build-stdout] [INFO] --- maven-enforcer-plugin:1.4.1:enforce (enforce-asm) @ xwiki-rendering-macro-box ---
[2025-12-11 20:11:38] [build-stdout] [INFO] 
[2025-12-11 20:11:38] [build-stdout] [INFO] --- maven-enforcer-plugin:1.4.1:enforce (enforce-cglib) @ xwiki-rendering-macro-box ---
[2025-12-11 20:11:38] [build-stdout] [INFO] 
[2025-12-11 20:11:38] [build-stdout] [INFO] --- maven-enforcer-plugin:1.4.1:enforce (enforce-javase-dependencies) @ xwiki-rendering-macro-box ---
[2025-12-11 20:11:38] [build-stdout] [INFO] 
[2025-12-11 20:11:38] [build-stdout] [INFO] --- maven-enforcer-plugin:1.4.1:enforce (enforce-jsr305) @ xwiki-rendering-macro-box ---
[2025-12-11 20:11:38] [build-stdout] [INFO] 
[2025-12-11 20:11:38] [build-stdout] [INFO] --- maven-enforcer-plugin:1.4.1:enforce (enforce-jta) @ xwiki-rendering-macro-box ---
[2025-12-11 20:11:38] [build-stdout] [INFO] 
[2025-12-11 20:11:38] [build-stdout] [INFO] --- maven-enforcer-plugin:1.4.1:enforce (enforce-jakarta.validation-api) @ xwiki-rendering-macro-box ---
[2025-12-11 20:11:38] [build-stdout] [INFO] 
[2025-12-11 20:11:38] [build-stdout] [INFO] --- maven-enforcer-plugin:1.4.1:enforce (enforce-hibernate-validator) @ xwiki-rendering-macro-box ---
[2025-12-11 20:11:38] [build-stdout] [INFO] 
[2025-12-11 20:11:38] [build-stdout] [INFO] --- maven-enforcer-plugin:1.4.1:enforce (enforce-upper-bounds) @ xwiki-rendering-macro-box ---
[2025-12-11 20:11:38] [build-stdout] [INFO] 
[2025-12-11 20:11:38] [build-stdout] [INFO] --- maven-enforcer-plugin:1.4.1:enforce (enforce-no-legacy-dependencies) @ xwiki-rendering-macro-box ---
[2025-12-11 20:11:38] [build-stdout] [INFO] 
[2025-12-11 20:11:38] [build-stdout] [INFO] --- maven-enforcer-plugin:1.4.1:enforce (enforce-valid-poms) @ xwiki-rendering-macro-box ---
[2025-12-11 20:11:38] [build-stdout] [INFO] 
[2025-12-11 20:11:38] [build-stdout] [INFO] --- maven-enforcer-plugin:1.4.1:enforce (enforce-platform-isolation) @ xwiki-rendering-macro-box ---
[2025-12-11 20:11:38] [build-stdout] [INFO] 
[2025-12-11 20:11:38] [build-stdout] [INFO] --- maven-enforcer-plugin:1.4.1:enforce (check-dependency-version) @ xwiki-rendering-macro-box ---
[2025-12-11 20:11:38] [build-stdout] [INFO] 
[2025-12-11 20:11:38] [build-stdout] [INFO] --- maven-enforcer-plugin:1.4.1:enforce (enforce-banned-dependencies) @ xwiki-rendering-macro-box ---
[2025-12-11 20:11:38] [build-stdout] [INFO] 
[2025-12-11 20:11:38] [build-stdout] [INFO] --- xwiki-commons-tool-remote-resource-plugin:14.6:process (xwiki-license-resources) @ xwiki-rendering-macro-box ---
[2025-12-11 20:11:38] [build-stdout] [INFO] Preparing remote bundle org.xwiki.commons:xwiki-commons-tool-license-resources:14.6
[2025-12-11 20:11:38] [build-stdout] [INFO] Copying 2 resources from 1 bundle.
[2025-12-11 20:11:39] [build-stdout] [INFO] 
[2025-12-11 20:11:39] [build-stdout] [INFO] --- maven-resources-plugin:3.2.0:resources (default-resources) @ xwiki-rendering-macro-box ---
[2025-12-11 20:11:39] [build-stdout] [INFO] Using 'UTF-8' encoding to copy filtered resources.
[2025-12-11 20:11:39] [build-stdout] [INFO] Using 'UTF-8' encoding to copy filtered properties files.
[2025-12-11 20:11:39] [build-stdout] [INFO] Copying 1 resource
[2025-12-11 20:11:39] [build-stdout] [INFO] Copying 2 resources
[2025-12-11 20:11:39] [build-stdout] [INFO] 
[2025-12-11 20:11:39] [build-stdout] [INFO] --- maven-compiler-plugin:3.10.1:compile (default-compile) @ xwiki-rendering-macro-box ---
[2025-12-11 20:11:39] [build-stdout] [INFO] Loaded from the build cache, saving 88ms
[2025-12-11 20:11:39] [build-stdout] [INFO] 
[2025-12-11 20:11:39] [build-stdout] [INFO] --- maven-bundle-plugin:5.1.6:manifest (bundle-manifest) @ xwiki-rendering-macro-box ---
[2025-12-11 20:11:39] [build-stdout] [INFO] No MANIFEST.MF file found, generating manifest.
[2025-12-11 20:11:39] [build-stdout] [INFO] Writing manifest: /data/iris_projects/xwiki__xwiki-rendering_CVE-2023-32070_14.6/xwiki-rendering-macros/xwiki-rendering-macro-box/target/classes/META-INF/MANIFEST.MF
[2025-12-11 20:11:39] [build-stdout] [INFO] 
[2025-12-11 20:11:39] [build-stdout] [INFO] --- maven-resources-plugin:3.2.0:testResources (default-testResources) @ xwiki-rendering-macro-box ---
[2025-12-11 20:11:39] [build-stdout] [INFO] Using 'UTF-8' encoding to copy filtered resources.
[2025-12-11 20:11:39] [build-stdout] [INFO] Using 'UTF-8' encoding to copy filtered properties files.
[2025-12-11 20:11:39] [build-stdout] [INFO] Copying 11 resources
[2025-12-11 20:11:39] [build-stdout] [INFO] Copying 2 resources
[2025-12-11 20:11:39] [build-stdout] [INFO] 
[2025-12-11 20:11:39] [build-stdout] [INFO] --- maven-compiler-plugin:3.10.1:testCompile (default-testCompile) @ xwiki-rendering-macro-box ---
[2025-12-11 20:11:39] [build-stdout] [INFO] Loaded from the build cache, saving 140ms
[2025-12-11 20:11:39] [build-stdout] [INFO] 
[2025-12-11 20:11:39] [build-stdout] [INFO] --- maven-surefire-plugin:2.22.2:test (default-test) @ xwiki-rendering-macro-box ---
[2025-12-11 20:11:39] [build-stdout] [INFO] Tests are skipped.
[2025-12-11 20:11:39] [build-stdout] [INFO] Skipped
[2025-12-11 20:11:39] [build-stdout] [INFO] 
[2025-12-11 20:11:39] [build-stdout] [INFO] --- maven-jar-plugin:3.2.2:jar (default-jar) @ xwiki-rendering-macro-box ---
[2025-12-11 20:11:39] [build-stdout] [INFO] Building jar: /data/iris_projects/xwiki__xwiki-rendering_CVE-2023-32070_14.6/xwiki-rendering-macros/xwiki-rendering-macro-box/target/xwiki-rendering-macro-box-14.6.jar
[2025-12-11 20:11:39] [build-stdout] [INFO] 
[2025-12-11 20:11:39] [build-stdout] [INFO] ------------------------------------------------------------------------
[2025-12-11 20:11:39] [build-stdout] [INFO] Building XWiki Rendering - Integration Tests 14.6
[2025-12-11 20:11:39] [build-stdout] [INFO] ------------------------------------------------------------------------
[2025-12-11 20:11:39] [build-stdout] [INFO] 
[2025-12-11 20:11:39] [build-stdout] [INFO] --- maven-clean-plugin:3.2.0:clean (default-clean) @ xwiki-rendering-integration-tests ---
[2025-12-11 20:11:39] [build-stdout] [INFO] Deleting /data/iris_projects/xwiki__xwiki-rendering_CVE-2023-32070_14.6/xwiki-rendering-integration-tests/target
[2025-12-11 20:11:39] [build-stdout] [INFO] 
[2025-12-11 20:11:39] [build-stdout] [INFO] --- maven-enforcer-plugin:1.4.1:enforce (enforce-plugins) @ xwiki-rendering-integration-tests ---
[2025-12-11 20:11:39] [build-stdout] [INFO] 
[2025-12-11 20:11:39] [build-stdout] [INFO] --- maven-enforcer-plugin:1.4.1:enforce (enforce-jcl-log4j-isolation) @ xwiki-rendering-integration-tests ---
[2025-12-11 20:11:39] [build-stdout] [INFO] 
[2025-12-11 20:11:39] [build-stdout] [INFO] --- maven-enforcer-plugin:1.4.1:enforce (enforce-jakarta.xml.bind-api) @ xwiki-rendering-integration-tests ---
[2025-12-11 20:11:39] [build-stdout] [INFO] 
[2025-12-11 20:11:39] [build-stdout] [INFO] --- maven-enforcer-plugin:1.4.1:enforce (enforce-glasshfish-jaxb) @ xwiki-rendering-integration-tests ---
[2025-12-11 20:11:39] [build-stdout] [INFO] 
[2025-12-11 20:11:39] [build-stdout] [INFO] --- maven-enforcer-plugin:1.4.1:enforce (enforce-jaxrs1) @ xwiki-rendering-integration-tests ---
[2025-12-11 20:11:39] [build-stdout] [INFO] 
[2025-12-11 20:11:39] [build-stdout] [INFO] --- maven-enforcer-plugin:1.4.1:enforce (enforce-open-json) @ xwiki-rendering-integration-tests ---
[2025-12-11 20:11:39] [build-stdout] [INFO] 
[2025-12-11 20:11:39] [build-stdout] [INFO] --- maven-enforcer-plugin:1.4.1:enforce (enforce-glassfish-el) @ xwiki-rendering-integration-tests ---
[2025-12-11 20:11:39] [build-stdout] [INFO] 
[2025-12-11 20:11:39] [build-stdout] [INFO] --- maven-enforcer-plugin:1.4.1:enforce (enforce-commons-lang3) @ xwiki-rendering-integration-tests ---
[2025-12-11 20:11:39] [build-stdout] [INFO] 
[2025-12-11 20:11:39] [build-stdout] [INFO] --- maven-enforcer-plugin:1.4.1:enforce (enforce-commons-configuration2) @ xwiki-rendering-integration-tests ---
[2025-12-11 20:11:39] [build-stdout] [INFO] 
[2025-12-11 20:11:39] [build-stdout] [INFO] --- maven-enforcer-plugin:1.4.1:enforce (enforce-jakarta.activation-api) @ xwiki-rendering-integration-tests ---
[2025-12-11 20:11:39] [build-stdout] [INFO] 
[2025-12-11 20:11:39] [build-stdout] [INFO] --- maven-enforcer-plugin:1.4.1:enforce (enforce-jakarta.activation) @ xwiki-rendering-integration-tests ---
[2025-12-11 20:11:39] [build-stdout] [INFO] 
[2025-12-11 20:11:39] [build-stdout] [INFO] --- maven-enforcer-plugin:1.4.1:enforce (enforce-jakarta.mail-api) @ xwiki-rendering-integration-tests ---
[2025-12-11 20:11:39] [build-stdout] [INFO] 
[2025-12-11 20:11:39] [build-stdout] [INFO] --- maven-enforcer-plugin:1.4.1:enforce (enforce-jakarta.mail) @ xwiki-rendering-integration-tests ---
[2025-12-11 20:11:39] [build-stdout] [INFO] 
[2025-12-11 20:11:39] [build-stdout] [INFO] --- maven-enforcer-plugin:1.4.1:enforce (enforce-jakarta.annotation-api) @ xwiki-rendering-integration-tests ---
[2025-12-11 20:11:39] [build-stdout] [INFO] 
[2025-12-11 20:11:39] [build-stdout] [INFO] --- maven-enforcer-plugin:1.4.1:enforce (enforce-bouncycastle-ids) @ xwiki-rendering-integration-tests ---
[2025-12-11 20:11:39] [build-stdout] [INFO] 
[2025-12-11 20:11:39] [build-stdout] [INFO] --- maven-enforcer-plugin:1.4.1:enforce (enforce-velocity-engine-core) @ xwiki-rendering-integration-tests ---
[2025-12-11 20:11:39] [build-stdout] [INFO] 
[2025-12-11 20:11:39] [build-stdout] [INFO] --- maven-enforcer-plugin:1.4.1:enforce (enforce-asm) @ xwiki-rendering-integration-tests ---
[2025-12-11 20:11:39] [build-stdout] [INFO] 
[2025-12-11 20:11:39] [build-stdout] [INFO] --- maven-enforcer-plugin:1.4.1:enforce (enforce-cglib) @ xwiki-rendering-integration-tests ---
[2025-12-11 20:11:39] [build-stdout] [INFO] 
[2025-12-11 20:11:39] [build-stdout] [INFO] --- maven-enforcer-plugin:1.4.1:enforce (enforce-javase-dependencies) @ xwiki-rendering-integration-tests ---
[2025-12-11 20:11:39] [build-stdout] [INFO] 
[2025-12-11 20:11:39] [build-stdout] [INFO] --- maven-enforcer-plugin:1.4.1:enforce (enforce-jsr305) @ xwiki-rendering-integration-tests ---
[2025-12-11 20:11:39] [build-stdout] [INFO] 
[2025-12-11 20:11:39] [build-stdout] [INFO] --- maven-enforcer-plugin:1.4.1:enforce (enforce-jta) @ xwiki-rendering-integration-tests ---
[2025-12-11 20:11:39] [build-stdout] [INFO] 
[2025-12-11 20:11:39] [build-stdout] [INFO] --- maven-enforcer-plugin:1.4.1:enforce (enforce-jakarta.validation-api) @ xwiki-rendering-integration-tests ---
[2025-12-11 20:11:39] [build-stdout] [INFO] 
[2025-12-11 20:11:39] [build-stdout] [INFO] --- maven-enforcer-plugin:1.4.1:enforce (enforce-hibernate-validator) @ xwiki-rendering-integration-tests ---
[2025-12-11 20:11:39] [build-stdout] [INFO] 
[2025-12-11 20:11:39] [build-stdout] [INFO] --- maven-enforcer-plugin:1.4.1:enforce (enforce-upper-bounds) @ xwiki-rendering-integration-tests ---
[2025-12-11 20:11:40] [build-stdout] [INFO] 
[2025-12-11 20:11:40] [build-stdout] [INFO] --- maven-enforcer-plugin:1.4.1:enforce (enforce-no-legacy-dependencies) @ xwiki-rendering-integration-tests ---
[2025-12-11 20:11:40] [build-stdout] [INFO] 
[2025-12-11 20:11:40] [build-stdout] [INFO] --- maven-enforcer-plugin:1.4.1:enforce (enforce-valid-poms) @ xwiki-rendering-integration-tests ---
[2025-12-11 20:11:40] [build-stdout] [INFO] 
[2025-12-11 20:11:40] [build-stdout] [INFO] --- maven-enforcer-plugin:1.4.1:enforce (enforce-platform-isolation) @ xwiki-rendering-integration-tests ---
[2025-12-11 20:11:40] [build-stdout] [INFO] 
[2025-12-11 20:11:40] [build-stdout] [INFO] --- maven-enforcer-plugin:1.4.1:enforce (check-dependency-version) @ xwiki-rendering-integration-tests ---
[2025-12-11 20:11:40] [build-stdout] [INFO] 
[2025-12-11 20:11:40] [build-stdout] [INFO] --- xwiki-commons-tool-remote-resource-plugin:14.6:process (xwiki-license-resources) @ xwiki-rendering-integration-tests ---
[2025-12-11 20:11:40] [build-stdout] [INFO] Preparing remote bundle org.xwiki.commons:xwiki-commons-tool-license-resources:14.6
[2025-12-11 20:11:40] [build-stdout] [INFO] Copying 2 resources from 1 bundle.
[2025-12-11 20:11:40] [build-stdout] [INFO] 
[2025-12-11 20:11:40] [build-stdout] [INFO] --- maven-resources-plugin:3.2.0:resources (default-resources) @ xwiki-rendering-integration-tests ---
[2025-12-11 20:11:40] [build-stdout] [INFO] Using 'UTF-8' encoding to copy filtered resources.
[2025-12-11 20:11:40] [build-stdout] [INFO] Using 'UTF-8' encoding to copy filtered properties files.
[2025-12-11 20:11:40] [build-stdout] [INFO] skip non existing resourceDirectory /data/iris_projects/xwiki__xwiki-rendering_CVE-2023-32070_14.6/xwiki-rendering-integration-tests/src/main/resources
[2025-12-11 20:11:40] [build-stdout] [INFO] Copying 2 resources
[2025-12-11 20:11:40] [build-stdout] [INFO] 
[2025-12-11 20:11:40] [build-stdout] [INFO] --- maven-compiler-plugin:3.10.1:compile (default-compile) @ xwiki-rendering-integration-tests ---
[2025-12-11 20:11:40] [build-stdout] [INFO] Loaded from the build cache
[2025-12-11 20:11:40] [build-stdout] [INFO] 
[2025-12-11 20:11:40] [build-stdout] [INFO] --- maven-bundle-plugin:5.1.6:manifest (bundle-manifest) @ xwiki-rendering-integration-tests ---
[2025-12-11 20:11:40] [build-stdout] [INFO] No MANIFEST.MF file found, generating manifest.
[2025-12-11 20:11:40] [build-stdout] [INFO] Writing manifest: /data/iris_projects/xwiki__xwiki-rendering_CVE-2023-32070_14.6/xwiki-rendering-integration-tests/target/classes/META-INF/MANIFEST.MF
[2025-12-11 20:11:40] [build-stdout] [INFO] 
[2025-12-11 20:11:40] [build-stdout] [INFO] --- maven-resources-plugin:3.2.0:testResources (default-testResources) @ xwiki-rendering-integration-tests ---
[2025-12-11 20:11:40] [build-stdout] [INFO] Using 'UTF-8' encoding to copy filtered resources.
[2025-12-11 20:11:40] [build-stdout] [INFO] Using 'UTF-8' encoding to copy filtered properties files.
[2025-12-11 20:11:40] [build-stdout] [INFO] Copying 208 resources
[2025-12-11 20:11:40] [build-stdout] [INFO] Copying 2 resources
[2025-12-11 20:11:40] [build-stdout] [INFO] 
[2025-12-11 20:11:40] [build-stdout] [INFO] --- maven-resources-plugin:3.2.0:testResources (default) @ xwiki-rendering-integration-tests ---
[2025-12-11 20:11:40] [build-stdout] [INFO] Using 'UTF-8' encoding to copy filtered resources.
[2025-12-11 20:11:40] [build-stdout] [INFO] Using 'UTF-8' encoding to copy filtered properties files.
[2025-12-11 20:11:40] [build-stdout] [INFO] Copying 208 resources
[2025-12-11 20:11:40] [build-stdout] [INFO] Copying 2 resources
[2025-12-11 20:11:40] [build-stdout] [INFO] 
[2025-12-11 20:11:40] [build-stdout] [INFO] --- maven-compiler-plugin:3.10.1:testCompile (default-testCompile) @ xwiki-rendering-integration-tests ---
[2025-12-11 20:11:40] [build-stdout] [INFO] Loaded from the build cache, saving 99ms
[2025-12-11 20:11:40] [build-stdout] [INFO] 
[2025-12-11 20:11:40] [build-stdout] [INFO] --- maven-compiler-plugin:3.10.1:testCompile (default) @ xwiki-rendering-integration-tests ---
[2025-12-11 20:11:40] [build-stdout] [INFO] Loaded from the build cache, saving 65ms
[2025-12-11 20:11:40] [build-stdout] [INFO] 
[2025-12-11 20:11:40] [build-stdout] [INFO] --- maven-surefire-plugin:2.22.2:test (default-test) @ xwiki-rendering-integration-tests ---
[2025-12-11 20:11:40] [build-stdout] [INFO] Tests are skipped.
[2025-12-11 20:11:40] [build-stdout] [INFO] Skipped
[2025-12-11 20:11:40] [build-stdout] [INFO] 
[2025-12-11 20:11:40] [build-stdout] [INFO] --- maven-surefire-plugin:2.22.2:test (default) @ xwiki-rendering-integration-tests ---
[2025-12-11 20:11:40] [build-stdout] [INFO] Tests are skipped.
[2025-12-11 20:11:40] [build-stdout] [INFO] Skipped
[2025-12-11 20:11:40] [build-stdout] [INFO] 
[2025-12-11 20:11:40] [build-stdout] [INFO] --- maven-jar-plugin:3.2.2:jar (default-jar) @ xwiki-rendering-integration-tests ---
[2025-12-11 20:11:40] [build-stdout] [INFO] Building jar: /data/iris_projects/xwiki__xwiki-rendering_CVE-2023-32070_14.6/xwiki-rendering-integration-tests/target/xwiki-rendering-integration-tests-14.6.jar
[2025-12-11 20:11:40] [build-stdout] [INFO] 
[2025-12-11 20:11:40] [build-stdout] [INFO] ------------------------------------------------------------------------
[2025-12-11 20:11:40] [build-stdout] [INFO] Building XWiki Rendering - Macro - Comment 14.6
[2025-12-11 20:11:40] [build-stdout] [INFO] ------------------------------------------------------------------------
[2025-12-11 20:11:40] [build-stdout] [INFO] 
[2025-12-11 20:11:40] [build-stdout] [INFO] --- maven-clean-plugin:3.2.0:clean (default-clean) @ xwiki-rendering-macro-comment ---
[2025-12-11 20:11:40] [build-stdout] [INFO] Deleting /data/iris_projects/xwiki__xwiki-rendering_CVE-2023-32070_14.6/xwiki-rendering-macros/xwiki-rendering-macro-comment/target
[2025-12-11 20:11:40] [build-stdout] [INFO] 
[2025-12-11 20:11:40] [build-stdout] [INFO] --- maven-enforcer-plugin:1.4.1:enforce (enforce-plugins) @ xwiki-rendering-macro-comment ---
[2025-12-11 20:11:40] [build-stdout] [INFO] 
[2025-12-11 20:11:40] [build-stdout] [INFO] --- maven-enforcer-plugin:1.4.1:enforce (enforce-jcl-log4j-isolation) @ xwiki-rendering-macro-comment ---
[2025-12-11 20:11:40] [build-stdout] [INFO] 
[2025-12-11 20:11:40] [build-stdout] [INFO] --- maven-enforcer-plugin:1.4.1:enforce (enforce-jakarta.xml.bind-api) @ xwiki-rendering-macro-comment ---
[2025-12-11 20:11:40] [build-stdout] [INFO] 
[2025-12-11 20:11:40] [build-stdout] [INFO] --- maven-enforcer-plugin:1.4.1:enforce (enforce-glasshfish-jaxb) @ xwiki-rendering-macro-comment ---
[2025-12-11 20:11:40] [build-stdout] [INFO] 
[2025-12-11 20:11:40] [build-stdout] [INFO] --- maven-enforcer-plugin:1.4.1:enforce (enforce-jaxrs1) @ xwiki-rendering-macro-comment ---
[2025-12-11 20:11:40] [build-stdout] [INFO] 
[2025-12-11 20:11:40] [build-stdout] [INFO] --- maven-enforcer-plugin:1.4.1:enforce (enforce-open-json) @ xwiki-rendering-macro-comment ---
[2025-12-11 20:11:40] [build-stdout] [INFO] 
[2025-12-11 20:11:40] [build-stdout] [INFO] --- maven-enforcer-plugin:1.4.1:enforce (enforce-glassfish-el) @ xwiki-rendering-macro-comment ---
[2025-12-11 20:11:40] [build-stdout] [INFO] 
[2025-12-11 20:11:40] [build-stdout] [INFO] --- maven-enforcer-plugin:1.4.1:enforce (enforce-commons-lang3) @ xwiki-rendering-macro-comment ---
[2025-12-11 20:11:40] [build-stdout] [INFO] 
[2025-12-11 20:11:40] [build-stdout] [INFO] --- maven-enforcer-plugin:1.4.1:enforce (enforce-commons-configuration2) @ xwiki-rendering-macro-comment ---
[2025-12-11 20:11:40] [build-stdout] [INFO] 
[2025-12-11 20:11:40] [build-stdout] [INFO] --- maven-enforcer-plugin:1.4.1:enforce (enforce-jakarta.activation-api) @ xwiki-rendering-macro-comment ---
[2025-12-11 20:11:40] [build-stdout] [INFO] 
[2025-12-11 20:11:40] [build-stdout] [INFO] --- maven-enforcer-plugin:1.4.1:enforce (enforce-jakarta.activation) @ xwiki-rendering-macro-comment ---
[2025-12-11 20:11:40] [build-stdout] [INFO] 
[2025-12-11 20:11:40] [build-stdout] [INFO] --- maven-enforcer-plugin:1.4.1:enforce (enforce-jakarta.mail-api) @ xwiki-rendering-macro-comment ---
[2025-12-11 20:11:40] [build-stdout] [INFO] 
[2025-12-11 20:11:40] [build-stdout] [INFO] --- maven-enforcer-plugin:1.4.1:enforce (enforce-jakarta.mail) @ xwiki-rendering-macro-comment ---
[2025-12-11 20:11:40] [build-stdout] [INFO] 
[2025-12-11 20:11:40] [build-stdout] [INFO] --- maven-enforcer-plugin:1.4.1:enforce (enforce-jakarta.annotation-api) @ xwiki-rendering-macro-comment ---
[2025-12-11 20:11:40] [build-stdout] [INFO] 
[2025-12-11 20:11:40] [build-stdout] [INFO] --- maven-enforcer-plugin:1.4.1:enforce (enforce-bouncycastle-ids) @ xwiki-rendering-macro-comment ---
[2025-12-11 20:11:40] [build-stdout] [INFO] 
[2025-12-11 20:11:40] [build-stdout] [INFO] --- maven-enforcer-plugin:1.4.1:enforce (enforce-velocity-engine-core) @ xwiki-rendering-macro-comment ---
[2025-12-11 20:11:40] [build-stdout] [INFO] 
[2025-12-11 20:11:40] [build-stdout] [INFO] --- maven-enforcer-plugin:1.4.1:enforce (enforce-asm) @ xwiki-rendering-macro-comment ---
[2025-12-11 20:11:40] [build-stdout] [INFO] 
[2025-12-11 20:11:40] [build-stdout] [INFO] --- maven-enforcer-plugin:1.4.1:enforce (enforce-cglib) @ xwiki-rendering-macro-comment ---
[2025-12-11 20:11:40] [build-stdout] [INFO] 
[2025-12-11 20:11:40] [build-stdout] [INFO] --- maven-enforcer-plugin:1.4.1:enforce (enforce-javase-dependencies) @ xwiki-rendering-macro-comment ---
[2025-12-11 20:11:40] [build-stdout] [INFO] 
[2025-12-11 20:11:40] [build-stdout] [INFO] --- maven-enforcer-plugin:1.4.1:enforce (enforce-jsr305) @ xwiki-rendering-macro-comment ---
[2025-12-11 20:11:40] [build-stdout] [INFO] 
[2025-12-11 20:11:40] [build-stdout] [INFO] --- maven-enforcer-plugin:1.4.1:enforce (enforce-jta) @ xwiki-rendering-macro-comment ---
[2025-12-11 20:11:40] [build-stdout] [INFO] 
[2025-12-11 20:11:40] [build-stdout] [INFO] --- maven-enforcer-plugin:1.4.1:enforce (enforce-jakarta.validation-api) @ xwiki-rendering-macro-comment ---
[2025-12-11 20:11:40] [build-stdout] [INFO] 
[2025-12-11 20:11:40] [build-stdout] [INFO] --- maven-enforcer-plugin:1.4.1:enforce (enforce-hibernate-validator) @ xwiki-rendering-macro-comment ---
[2025-12-11 20:11:40] [build-stdout] [INFO] 
[2025-12-11 20:11:40] [build-stdout] [INFO] --- maven-enforcer-plugin:1.4.1:enforce (enforce-upper-bounds) @ xwiki-rendering-macro-comment ---
[2025-12-11 20:11:40] [build-stdout] [INFO] 
[2025-12-11 20:11:40] [build-stdout] [INFO] --- maven-enforcer-plugin:1.4.1:enforce (enforce-no-legacy-dependencies) @ xwiki-rendering-macro-comment ---
[2025-12-11 20:11:40] [build-stdout] [INFO] 
[2025-12-11 20:11:40] [build-stdout] [INFO] --- maven-enforcer-plugin:1.4.1:enforce (enforce-valid-poms) @ xwiki-rendering-macro-comment ---
[2025-12-11 20:11:40] [build-stdout] [INFO] 
[2025-12-11 20:11:40] [build-stdout] [INFO] --- maven-enforcer-plugin:1.4.1:enforce (enforce-platform-isolation) @ xwiki-rendering-macro-comment ---
[2025-12-11 20:11:40] [build-stdout] [INFO] 
[2025-12-11 20:11:40] [build-stdout] [INFO] --- maven-enforcer-plugin:1.4.1:enforce (check-dependency-version) @ xwiki-rendering-macro-comment ---
[2025-12-11 20:11:40] [build-stdout] [INFO] 
[2025-12-11 20:11:40] [build-stdout] [INFO] --- maven-enforcer-plugin:1.4.1:enforce (enforce-banned-dependencies) @ xwiki-rendering-macro-comment ---
[2025-12-11 20:11:40] [build-stdout] [INFO] 
[2025-12-11 20:11:40] [build-stdout] [INFO] --- xwiki-commons-tool-remote-resource-plugin:14.6:process (xwiki-license-resources) @ xwiki-rendering-macro-comment ---
[2025-12-11 20:11:40] [build-stdout] [INFO] Preparing remote bundle org.xwiki.commons:xwiki-commons-tool-license-resources:14.6
[2025-12-11 20:11:40] [build-stdout] [INFO] Copying 2 resources from 1 bundle.
[2025-12-11 20:11:40] [build-stdout] [INFO] 
[2025-12-11 20:11:40] [build-stdout] [INFO] --- maven-resources-plugin:3.2.0:resources (default-resources) @ xwiki-rendering-macro-comment ---
[2025-12-11 20:11:40] [build-stdout] [INFO] Using 'UTF-8' encoding to copy filtered resources.
[2025-12-11 20:11:40] [build-stdout] [INFO] Using 'UTF-8' encoding to copy filtered properties files.
[2025-12-11 20:11:40] [build-stdout] [INFO] Copying 1 resource
[2025-12-11 20:11:40] [build-stdout] [INFO] Copying 2 resources
[2025-12-11 20:11:40] [build-stdout] [INFO] 
[2025-12-11 20:11:40] [build-stdout] [INFO] --- maven-compiler-plugin:3.10.1:compile (default-compile) @ xwiki-rendering-macro-comment ---
[2025-12-11 20:11:40] [build-stdout] [INFO] Loaded from the build cache, saving 63ms
[2025-12-11 20:11:40] [build-stdout] [INFO] 
[2025-12-11 20:11:40] [build-stdout] [INFO] --- maven-bundle-plugin:5.1.6:manifest (bundle-manifest) @ xwiki-rendering-macro-comment ---
[2025-12-11 20:11:40] [build-stdout] [INFO] No MANIFEST.MF file found, generating manifest.
[2025-12-11 20:11:40] [build-stdout] [INFO] Writing manifest: /data/iris_projects/xwiki__xwiki-rendering_CVE-2023-32070_14.6/xwiki-rendering-macros/xwiki-rendering-macro-comment/target/classes/META-INF/MANIFEST.MF
[2025-12-11 20:11:40] [build-stdout] [INFO] 
[2025-12-11 20:11:40] [build-stdout] [INFO] --- maven-resources-plugin:3.2.0:testResources (default-testResources) @ xwiki-rendering-macro-comment ---
[2025-12-11 20:11:40] [build-stdout] [INFO] Using 'UTF-8' encoding to copy filtered resources.
[2025-12-11 20:11:40] [build-stdout] [INFO] Using 'UTF-8' encoding to copy filtered properties files.
[2025-12-11 20:11:40] [build-stdout] [INFO] Copying 2 resources
[2025-12-11 20:11:40] [build-stdout] [INFO] Copying 2 resources
[2025-12-11 20:11:40] [build-stdout] [INFO] 
[2025-12-11 20:11:40] [build-stdout] [INFO] --- maven-compiler-plugin:3.10.1:testCompile (default-testCompile) @ xwiki-rendering-macro-comment ---
[2025-12-11 20:11:40] [build-stdout] [INFO] Loaded from the build cache, saving 108ms
[2025-12-11 20:11:40] [build-stdout] [INFO] 
[2025-12-11 20:11:40] [build-stdout] [INFO] --- maven-surefire-plugin:2.22.2:test (default-test) @ xwiki-rendering-macro-comment ---
[2025-12-11 20:11:40] [build-stdout] [INFO] Tests are skipped.
[2025-12-11 20:11:40] [build-stdout] [INFO] Skipped
[2025-12-11 20:11:40] [build-stdout] [INFO] 
[2025-12-11 20:11:40] [build-stdout] [INFO] --- maven-jar-plugin:3.2.2:jar (default-jar) @ xwiki-rendering-macro-comment ---
[2025-12-11 20:11:40] [build-stdout] [INFO] Building jar: /data/iris_projects/xwiki__xwiki-rendering_CVE-2023-32070_14.6/xwiki-rendering-macros/xwiki-rendering-macro-comment/target/xwiki-rendering-macro-comment-14.6.jar
[2025-12-11 20:11:40] [build-stdout] [INFO] 
[2025-12-11 20:11:40] [build-stdout] [INFO] ------------------------------------------------------------------------
[2025-12-11 20:11:40] [build-stdout] [INFO] Building XWiki Rendering - Macro - Content 14.6
[2025-12-11 20:11:40] [build-stdout] [INFO] ------------------------------------------------------------------------
[2025-12-11 20:11:40] [build-stdout] [INFO] 
[2025-12-11 20:11:40] [build-stdout] [INFO] --- maven-clean-plugin:3.2.0:clean (default-clean) @ xwiki-rendering-macro-content ---
[2025-12-11 20:11:40] [build-stdout] [INFO] Deleting /data/iris_projects/xwiki__xwiki-rendering_CVE-2023-32070_14.6/xwiki-rendering-macros/xwiki-rendering-macro-content/target
[2025-12-11 20:11:40] [build-stdout] [INFO] 
[2025-12-11 20:11:40] [build-stdout] [INFO] --- maven-enforcer-plugin:1.4.1:enforce (enforce-plugins) @ xwiki-rendering-macro-content ---
[2025-12-11 20:11:40] [build-stdout] [INFO] 
[2025-12-11 20:11:40] [build-stdout] [INFO] --- maven-enforcer-plugin:1.4.1:enforce (enforce-jcl-log4j-isolation) @ xwiki-rendering-macro-content ---
[2025-12-11 20:11:40] [build-stdout] [INFO] 
[2025-12-11 20:11:40] [build-stdout] [INFO] --- maven-enforcer-plugin:1.4.1:enforce (enforce-jakarta.xml.bind-api) @ xwiki-rendering-macro-content ---
[2025-12-11 20:11:40] [build-stdout] [INFO] 
[2025-12-11 20:11:40] [build-stdout] [INFO] --- maven-enforcer-plugin:1.4.1:enforce (enforce-glasshfish-jaxb) @ xwiki-rendering-macro-content ---
[2025-12-11 20:11:40] [build-stdout] [INFO] 
[2025-12-11 20:11:40] [build-stdout] [INFO] --- maven-enforcer-plugin:1.4.1:enforce (enforce-jaxrs1) @ xwiki-rendering-macro-content ---
[2025-12-11 20:11:40] [build-stdout] [INFO] 
[2025-12-11 20:11:40] [build-stdout] [INFO] --- maven-enforcer-plugin:1.4.1:enforce (enforce-open-json) @ xwiki-rendering-macro-content ---
[2025-12-11 20:11:40] [build-stdout] [INFO] 
[2025-12-11 20:11:40] [build-stdout] [INFO] --- maven-enforcer-plugin:1.4.1:enforce (enforce-glassfish-el) @ xwiki-rendering-macro-content ---
[2025-12-11 20:11:40] [build-stdout] [INFO] 
[2025-12-11 20:11:40] [build-stdout] [INFO] --- maven-enforcer-plugin:1.4.1:enforce (enforce-commons-lang3) @ xwiki-rendering-macro-content ---
[2025-12-11 20:11:40] [build-stdout] [INFO] 
[2025-12-11 20:11:40] [build-stdout] [INFO] --- maven-enforcer-plugin:1.4.1:enforce (enforce-commons-configuration2) @ xwiki-rendering-macro-content ---
[2025-12-11 20:11:40] [build-stdout] [INFO] 
[2025-12-11 20:11:40] [build-stdout] [INFO] --- maven-enforcer-plugin:1.4.1:enforce (enforce-jakarta.activation-api) @ xwiki-rendering-macro-content ---
[2025-12-11 20:11:41] [build-stdout] [INFO] 
[2025-12-11 20:11:41] [build-stdout] [INFO] --- maven-enforcer-plugin:1.4.1:enforce (enforce-jakarta.activation) @ xwiki-rendering-macro-content ---
[2025-12-11 20:11:41] [build-stdout] [INFO] 
[2025-12-11 20:11:41] [build-stdout] [INFO] --- maven-enforcer-plugin:1.4.1:enforce (enforce-jakarta.mail-api) @ xwiki-rendering-macro-content ---
[2025-12-11 20:11:41] [build-stdout] [INFO] 
[2025-12-11 20:11:41] [build-stdout] [INFO] --- maven-enforcer-plugin:1.4.1:enforce (enforce-jakarta.mail) @ xwiki-rendering-macro-content ---
[2025-12-11 20:11:41] [build-stdout] [INFO] 
[2025-12-11 20:11:41] [build-stdout] [INFO] --- maven-enforcer-plugin:1.4.1:enforce (enforce-jakarta.annotation-api) @ xwiki-rendering-macro-content ---
[2025-12-11 20:11:41] [build-stdout] [INFO] 
[2025-12-11 20:11:41] [build-stdout] [INFO] --- maven-enforcer-plugin:1.4.1:enforce (enforce-bouncycastle-ids) @ xwiki-rendering-macro-content ---
[2025-12-11 20:11:41] [build-stdout] [INFO] 
[2025-12-11 20:11:41] [build-stdout] [INFO] --- maven-enforcer-plugin:1.4.1:enforce (enforce-velocity-engine-core) @ xwiki-rendering-macro-content ---
[2025-12-11 20:11:41] [build-stdout] [INFO] 
[2025-12-11 20:11:41] [build-stdout] [INFO] --- maven-enforcer-plugin:1.4.1:enforce (enforce-asm) @ xwiki-rendering-macro-content ---
[2025-12-11 20:11:41] [build-stdout] [INFO] 
[2025-12-11 20:11:41] [build-stdout] [INFO] --- maven-enforcer-plugin:1.4.1:enforce (enforce-cglib) @ xwiki-rendering-macro-content ---
[2025-12-11 20:11:41] [build-stdout] [INFO] 
[2025-12-11 20:11:41] [build-stdout] [INFO] --- maven-enforcer-plugin:1.4.1:enforce (enforce-javase-dependencies) @ xwiki-rendering-macro-content ---
[2025-12-11 20:11:41] [build-stdout] [INFO] 
[2025-12-11 20:11:41] [build-stdout] [INFO] --- maven-enforcer-plugin:1.4.1:enforce (enforce-jsr305) @ xwiki-rendering-macro-content ---
[2025-12-11 20:11:41] [build-stdout] [INFO] 
[2025-12-11 20:11:41] [build-stdout] [INFO] --- maven-enforcer-plugin:1.4.1:enforce (enforce-jta) @ xwiki-rendering-macro-content ---
[2025-12-11 20:11:41] [build-stdout] [INFO] 
[2025-12-11 20:11:41] [build-stdout] [INFO] --- maven-enforcer-plugin:1.4.1:enforce (enforce-jakarta.validation-api) @ xwiki-rendering-macro-content ---
[2025-12-11 20:11:41] [build-stdout] [INFO] 
[2025-12-11 20:11:41] [build-stdout] [INFO] --- maven-enforcer-plugin:1.4.1:enforce (enforce-hibernate-validator) @ xwiki-rendering-macro-content ---
[2025-12-11 20:11:41] [build-stdout] [INFO] 
[2025-12-11 20:11:41] [build-stdout] [INFO] --- maven-enforcer-plugin:1.4.1:enforce (enforce-upper-bounds) @ xwiki-rendering-macro-content ---
[2025-12-11 20:11:41] [build-stdout] [INFO] 
[2025-12-11 20:11:41] [build-stdout] [INFO] --- maven-enforcer-plugin:1.4.1:enforce (enforce-no-legacy-dependencies) @ xwiki-rendering-macro-content ---
[2025-12-11 20:11:41] [build-stdout] [INFO] 
[2025-12-11 20:11:41] [build-stdout] [INFO] --- maven-enforcer-plugin:1.4.1:enforce (enforce-valid-poms) @ xwiki-rendering-macro-content ---
[2025-12-11 20:11:41] [build-stdout] [INFO] 
[2025-12-11 20:11:41] [build-stdout] [INFO] --- maven-enforcer-plugin:1.4.1:enforce (enforce-platform-isolation) @ xwiki-rendering-macro-content ---
[2025-12-11 20:11:41] [build-stdout] [INFO] 
[2025-12-11 20:11:41] [build-stdout] [INFO] --- maven-enforcer-plugin:1.4.1:enforce (check-dependency-version) @ xwiki-rendering-macro-content ---
[2025-12-11 20:11:41] [build-stdout] [INFO] 
[2025-12-11 20:11:41] [build-stdout] [INFO] --- maven-enforcer-plugin:1.4.1:enforce (enforce-banned-dependencies) @ xwiki-rendering-macro-content ---
[2025-12-11 20:11:41] [build-stdout] [INFO] 
[2025-12-11 20:11:41] [build-stdout] [INFO] --- xwiki-commons-tool-remote-resource-plugin:14.6:process (xwiki-license-resources) @ xwiki-rendering-macro-content ---
[2025-12-11 20:11:41] [build-stdout] [INFO] Preparing remote bundle org.xwiki.commons:xwiki-commons-tool-license-resources:14.6
[2025-12-11 20:11:41] [build-stdout] [INFO] Copying 2 resources from 1 bundle.
[2025-12-11 20:11:41] [build-stdout] [INFO] 
[2025-12-11 20:11:41] [build-stdout] [INFO] --- maven-resources-plugin:3.2.0:resources (default-resources) @ xwiki-rendering-macro-content ---
[2025-12-11 20:11:41] [build-stdout] [INFO] Using 'UTF-8' encoding to copy filtered resources.
[2025-12-11 20:11:41] [build-stdout] [INFO] Using 'UTF-8' encoding to copy filtered properties files.
[2025-12-11 20:11:41] [build-stdout] [INFO] Copying 12 resources
[2025-12-11 20:11:41] [build-stdout] [INFO] Copying 2 resources
[2025-12-11 20:11:41] [build-stdout] [INFO] 
[2025-12-11 20:11:41] [build-stdout] [INFO] --- maven-compiler-plugin:3.10.1:compile (default-compile) @ xwiki-rendering-macro-content ---
[2025-12-11 20:11:41] [build-stdout] [INFO] Loaded from the build cache, saving 86ms
[2025-12-11 20:11:41] [build-stdout] [INFO] 
[2025-12-11 20:11:41] [build-stdout] [INFO] --- maven-bundle-plugin:5.1.6:manifest (bundle-manifest) @ xwiki-rendering-macro-content ---
[2025-12-11 20:11:41] [build-stdout] [INFO] No MANIFEST.MF file found, generating manifest.
[2025-12-11 20:11:41] [build-stdout] [INFO] Writing manifest: /data/iris_projects/xwiki__xwiki-rendering_CVE-2023-32070_14.6/xwiki-rendering-macros/xwiki-rendering-macro-content/target/classes/META-INF/MANIFEST.MF
[2025-12-11 20:11:41] [build-stdout] [INFO] 
[2025-12-11 20:11:41] [build-stdout] [INFO] --- maven-resources-plugin:3.2.0:testResources (default-testResources) @ xwiki-rendering-macro-content ---
[2025-12-11 20:11:41] [build-stdout] [INFO] Using 'UTF-8' encoding to copy filtered resources.
[2025-12-11 20:11:41] [build-stdout] [INFO] Using 'UTF-8' encoding to copy filtered properties files.
[2025-12-11 20:11:41] [build-stdout] [INFO] Copying 3 resources
[2025-12-11 20:11:41] [build-stdout] [INFO] Copying 2 resources
[2025-12-11 20:11:41] [build-stdout] [INFO] 
[2025-12-11 20:11:41] [build-stdout] [INFO] --- maven-compiler-plugin:3.10.1:testCompile (default-testCompile) @ xwiki-rendering-macro-content ---
[2025-12-11 20:11:41] [build-stdout] [INFO] Loaded from the build cache, saving 106ms
[2025-12-11 20:11:41] [build-stdout] [INFO] 
[2025-12-11 20:11:41] [build-stdout] [INFO] --- maven-surefire-plugin:2.22.2:test (default-test) @ xwiki-rendering-macro-content ---
[2025-12-11 20:11:41] [build-stdout] [INFO] Tests are skipped.
[2025-12-11 20:11:41] [build-stdout] [INFO] Skipped
[2025-12-11 20:11:41] [build-stdout] [INFO] 
[2025-12-11 20:11:41] [build-stdout] [INFO] --- maven-jar-plugin:3.2.2:jar (default-jar) @ xwiki-rendering-macro-content ---
[2025-12-11 20:11:41] [build-stdout] [INFO] Building jar: /data/iris_projects/xwiki__xwiki-rendering_CVE-2023-32070_14.6/xwiki-rendering-macros/xwiki-rendering-macro-content/target/xwiki-rendering-macro-content-14.6.jar
[2025-12-11 20:11:41] [build-stdout] [INFO] 
[2025-12-11 20:11:41] [build-stdout] [INFO] ------------------------------------------------------------------------
[2025-12-11 20:11:41] [build-stdout] [INFO] Building XWiki Rendering - Macro - CTS Report 14.6
[2025-12-11 20:11:41] [build-stdout] [INFO] ------------------------------------------------------------------------
[2025-12-11 20:11:41] [build-stdout] [INFO] 
[2025-12-11 20:11:41] [build-stdout] [INFO] --- maven-clean-plugin:3.2.0:clean (default-clean) @ xwiki-rendering-macro-ctsreport ---
[2025-12-11 20:11:41] [build-stdout] [INFO] Deleting /data/iris_projects/xwiki__xwiki-rendering_CVE-2023-32070_14.6/xwiki-rendering-macros/xwiki-rendering-macro-ctsreport/target
[2025-12-11 20:11:41] [build-stdout] [INFO] 
[2025-12-11 20:11:41] [build-stdout] [INFO] --- maven-enforcer-plugin:1.4.1:enforce (enforce-plugins) @ xwiki-rendering-macro-ctsreport ---
[2025-12-11 20:11:41] [build-stdout] [INFO] 
[2025-12-11 20:11:41] [build-stdout] [INFO] --- maven-enforcer-plugin:1.4.1:enforce (enforce-jcl-log4j-isolation) @ xwiki-rendering-macro-ctsreport ---
[2025-12-11 20:11:41] [build-stdout] [INFO] 
[2025-12-11 20:11:41] [build-stdout] [INFO] --- maven-enforcer-plugin:1.4.1:enforce (enforce-jakarta.xml.bind-api) @ xwiki-rendering-macro-ctsreport ---
[2025-12-11 20:11:41] [build-stdout] [INFO] 
[2025-12-11 20:11:41] [build-stdout] [INFO] --- maven-enforcer-plugin:1.4.1:enforce (enforce-glasshfish-jaxb) @ xwiki-rendering-macro-ctsreport ---
[2025-12-11 20:11:41] [build-stdout] [INFO] 
[2025-12-11 20:11:41] [build-stdout] [INFO] --- maven-enforcer-plugin:1.4.1:enforce (enforce-jaxrs1) @ xwiki-rendering-macro-ctsreport ---
[2025-12-11 20:11:41] [build-stdout] [INFO] 
[2025-12-11 20:11:41] [build-stdout] [INFO] --- maven-enforcer-plugin:1.4.1:enforce (enforce-open-json) @ xwiki-rendering-macro-ctsreport ---
[2025-12-11 20:11:41] [build-stdout] [INFO] 
[2025-12-11 20:11:41] [build-stdout] [INFO] --- maven-enforcer-plugin:1.4.1:enforce (enforce-glassfish-el) @ xwiki-rendering-macro-ctsreport ---
[2025-12-11 20:11:41] [build-stdout] [INFO] 
[2025-12-11 20:11:41] [build-stdout] [INFO] --- maven-enforcer-plugin:1.4.1:enforce (enforce-commons-lang3) @ xwiki-rendering-macro-ctsreport ---
[2025-12-11 20:11:41] [build-stdout] [INFO] 
[2025-12-11 20:11:41] [build-stdout] [INFO] --- maven-enforcer-plugin:1.4.1:enforce (enforce-commons-configuration2) @ xwiki-rendering-macro-ctsreport ---
[2025-12-11 20:11:41] [build-stdout] [INFO] 
[2025-12-11 20:11:41] [build-stdout] [INFO] --- maven-enforcer-plugin:1.4.1:enforce (enforce-jakarta.activation-api) @ xwiki-rendering-macro-ctsreport ---
[2025-12-11 20:11:41] [build-stdout] [INFO] 
[2025-12-11 20:11:41] [build-stdout] [INFO] --- maven-enforcer-plugin:1.4.1:enforce (enforce-jakarta.activation) @ xwiki-rendering-macro-ctsreport ---
[2025-12-11 20:11:41] [build-stdout] [INFO] 
[2025-12-11 20:11:41] [build-stdout] [INFO] --- maven-enforcer-plugin:1.4.1:enforce (enforce-jakarta.mail-api) @ xwiki-rendering-macro-ctsreport ---
[2025-12-11 20:11:41] [build-stdout] [INFO] 
[2025-12-11 20:11:41] [build-stdout] [INFO] --- maven-enforcer-plugin:1.4.1:enforce (enforce-jakarta.mail) @ xwiki-rendering-macro-ctsreport ---
[2025-12-11 20:11:41] [build-stdout] [INFO] 
[2025-12-11 20:11:41] [build-stdout] [INFO] --- maven-enforcer-plugin:1.4.1:enforce (enforce-jakarta.annotation-api) @ xwiki-rendering-macro-ctsreport ---
[2025-12-11 20:11:41] [build-stdout] [INFO] 
[2025-12-11 20:11:41] [build-stdout] [INFO] --- maven-enforcer-plugin:1.4.1:enforce (enforce-bouncycastle-ids) @ xwiki-rendering-macro-ctsreport ---
[2025-12-11 20:11:41] [build-stdout] [INFO] 
[2025-12-11 20:11:41] [build-stdout] [INFO] --- maven-enforcer-plugin:1.4.1:enforce (enforce-velocity-engine-core) @ xwiki-rendering-macro-ctsreport ---
[2025-12-11 20:11:41] [build-stdout] [INFO] 
[2025-12-11 20:11:41] [build-stdout] [INFO] --- maven-enforcer-plugin:1.4.1:enforce (enforce-asm) @ xwiki-rendering-macro-ctsreport ---
[2025-12-11 20:11:41] [build-stdout] [INFO] 
[2025-12-11 20:11:41] [build-stdout] [INFO] --- maven-enforcer-plugin:1.4.1:enforce (enforce-cglib) @ xwiki-rendering-macro-ctsreport ---
[2025-12-11 20:11:41] [build-stdout] [INFO] 
[2025-12-11 20:11:41] [build-stdout] [INFO] --- maven-enforcer-plugin:1.4.1:enforce (enforce-javase-dependencies) @ xwiki-rendering-macro-ctsreport ---
[2025-12-11 20:11:41] [build-stdout] [INFO] 
[2025-12-11 20:11:41] [build-stdout] [INFO] --- maven-enforcer-plugin:1.4.1:enforce (enforce-jsr305) @ xwiki-rendering-macro-ctsreport ---
[2025-12-11 20:11:41] [build-stdout] [INFO] 
[2025-12-11 20:11:41] [build-stdout] [INFO] --- maven-enforcer-plugin:1.4.1:enforce (enforce-jta) @ xwiki-rendering-macro-ctsreport ---
[2025-12-11 20:11:41] [build-stdout] [INFO] 
[2025-12-11 20:11:41] [build-stdout] [INFO] --- maven-enforcer-plugin:1.4.1:enforce (enforce-jakarta.validation-api) @ xwiki-rendering-macro-ctsreport ---
[2025-12-11 20:11:41] [build-stdout] [INFO] 
[2025-12-11 20:11:41] [build-stdout] [INFO] --- maven-enforcer-plugin:1.4.1:enforce (enforce-hibernate-validator) @ xwiki-rendering-macro-ctsreport ---
[2025-12-11 20:11:41] [build-stdout] [INFO] 
[2025-12-11 20:11:41] [build-stdout] [INFO] --- maven-enforcer-plugin:1.4.1:enforce (enforce-upper-bounds) @ xwiki-rendering-macro-ctsreport ---
[2025-12-11 20:11:41] [build-stdout] [INFO] 
[2025-12-11 20:11:41] [build-stdout] [INFO] --- maven-enforcer-plugin:1.4.1:enforce (enforce-no-legacy-dependencies) @ xwiki-rendering-macro-ctsreport ---
[2025-12-11 20:11:41] [build-stdout] [INFO] 
[2025-12-11 20:11:41] [build-stdout] [INFO] --- maven-enforcer-plugin:1.4.1:enforce (enforce-valid-poms) @ xwiki-rendering-macro-ctsreport ---
[2025-12-11 20:11:41] [build-stdout] [INFO] 
[2025-12-11 20:11:41] [build-stdout] [INFO] --- maven-enforcer-plugin:1.4.1:enforce (enforce-platform-isolation) @ xwiki-rendering-macro-ctsreport ---
[2025-12-11 20:11:41] [build-stdout] [INFO] 
[2025-12-11 20:11:41] [build-stdout] [INFO] --- maven-enforcer-plugin:1.4.1:enforce (check-dependency-version) @ xwiki-rendering-macro-ctsreport ---
[2025-12-11 20:11:41] [build-stdout] [INFO] 
[2025-12-11 20:11:41] [build-stdout] [INFO] --- maven-enforcer-plugin:1.4.1:enforce (enforce-banned-dependencies) @ xwiki-rendering-macro-ctsreport ---
[2025-12-11 20:11:41] [build-stdout] [INFO] 
[2025-12-11 20:11:41] [build-stdout] [INFO] --- xwiki-commons-tool-remote-resource-plugin:14.6:process (xwiki-license-resources) @ xwiki-rendering-macro-ctsreport ---
[2025-12-11 20:11:41] [build-stdout] [INFO] Preparing remote bundle org.xwiki.commons:xwiki-commons-tool-license-resources:14.6
[2025-12-11 20:11:41] [build-stdout] [INFO] Copying 2 resources from 1 bundle.
[2025-12-11 20:11:42] [build-stdout] [INFO] 
[2025-12-11 20:11:42] [build-stdout] [INFO] --- maven-resources-plugin:3.2.0:resources (default-resources) @ xwiki-rendering-macro-ctsreport ---
[2025-12-11 20:11:42] [build-stdout] [INFO] Using 'UTF-8' encoding to copy filtered resources.
[2025-12-11 20:11:42] [build-stdout] [INFO] Using 'UTF-8' encoding to copy filtered properties files.
[2025-12-11 20:11:42] [build-stdout] [INFO] Copying 1 resource
[2025-12-11 20:11:42] [build-stdout] [INFO] Copying 2 resources
[2025-12-11 20:11:42] [build-stdout] [INFO] 
[2025-12-11 20:11:42] [build-stdout] [INFO] --- maven-compiler-plugin:3.10.1:compile (default-compile) @ xwiki-rendering-macro-ctsreport ---
[2025-12-11 20:11:42] [build-stdout] [INFO] Loaded from the build cache, saving 83ms
[2025-12-11 20:11:42] [build-stdout] [INFO] 
[2025-12-11 20:11:42] [build-stdout] [INFO] --- maven-bundle-plugin:5.1.6:manifest (bundle-manifest) @ xwiki-rendering-macro-ctsreport ---
[2025-12-11 20:11:42] [build-stdout] [INFO] No MANIFEST.MF file found, generating manifest.
[2025-12-11 20:11:42] [build-stdout] [INFO] Writing manifest: /data/iris_projects/xwiki__xwiki-rendering_CVE-2023-32070_14.6/xwiki-rendering-macros/xwiki-rendering-macro-ctsreport/target/classes/META-INF/MANIFEST.MF
[2025-12-11 20:11:42] [build-stdout] [INFO] 
[2025-12-11 20:11:42] [build-stdout] [INFO] --- maven-resources-plugin:3.2.0:testResources (default-testResources) @ xwiki-rendering-macro-ctsreport ---
[2025-12-11 20:11:42] [build-stdout] [INFO] Using 'UTF-8' encoding to copy filtered resources.
[2025-12-11 20:11:42] [build-stdout] [INFO] Using 'UTF-8' encoding to copy filtered properties files.
[2025-12-11 20:11:42] [build-stdout] [INFO] Copying 1 resource
[2025-12-11 20:11:42] [build-stdout] [INFO] Copying 2 resources
[2025-12-11 20:11:42] [build-stdout] [INFO] 
[2025-12-11 20:11:42] [build-stdout] [INFO] --- maven-compiler-plugin:3.10.1:testCompile (default-testCompile) @ xwiki-rendering-macro-ctsreport ---
[2025-12-11 20:11:42] [build-stdout] [INFO] Loaded from the build cache, saving 105ms
[2025-12-11 20:11:42] [build-stdout] [INFO] 
[2025-12-11 20:11:42] [build-stdout] [INFO] --- maven-surefire-plugin:2.22.2:test (default-test) @ xwiki-rendering-macro-ctsreport ---
[2025-12-11 20:11:42] [build-stdout] [INFO] Tests are skipped.
[2025-12-11 20:11:42] [build-stdout] [INFO] Skipped
[2025-12-11 20:11:42] [build-stdout] [INFO] 
[2025-12-11 20:11:42] [build-stdout] [INFO] --- maven-jar-plugin:3.2.2:jar (default-jar) @ xwiki-rendering-macro-ctsreport ---
[2025-12-11 20:11:42] [build-stdout] [INFO] Building jar: /data/iris_projects/xwiki__xwiki-rendering_CVE-2023-32070_14.6/xwiki-rendering-macros/xwiki-rendering-macro-ctsreport/target/xwiki-rendering-macro-ctsreport-14.6.jar
[2025-12-11 20:11:42] [build-stdout] [INFO] 
[2025-12-11 20:11:42] [build-stdout] [INFO] ------------------------------------------------------------------------
[2025-12-11 20:11:42] [build-stdout] [INFO] Building XWiki Rendering - Macro - Message 14.6
[2025-12-11 20:11:42] [build-stdout] [INFO] ------------------------------------------------------------------------
[2025-12-11 20:11:42] [build-stdout] [INFO] 
[2025-12-11 20:11:42] [build-stdout] [INFO] --- maven-clean-plugin:3.2.0:clean (default-clean) @ xwiki-rendering-macro-message ---
[2025-12-11 20:11:42] [build-stdout] [INFO] Deleting /data/iris_projects/xwiki__xwiki-rendering_CVE-2023-32070_14.6/xwiki-rendering-macros/xwiki-rendering-macro-message/target
[2025-12-11 20:11:42] [build-stdout] [INFO] 
[2025-12-11 20:11:42] [build-stdout] [INFO] --- maven-enforcer-plugin:1.4.1:enforce (enforce-plugins) @ xwiki-rendering-macro-message ---
[2025-12-11 20:11:42] [build-stdout] [INFO] 
[2025-12-11 20:11:42] [build-stdout] [INFO] --- maven-enforcer-plugin:1.4.1:enforce (enforce-jcl-log4j-isolation) @ xwiki-rendering-macro-message ---
[2025-12-11 20:11:42] [build-stdout] [INFO] 
[2025-12-11 20:11:42] [build-stdout] [INFO] --- maven-enforcer-plugin:1.4.1:enforce (enforce-jakarta.xml.bind-api) @ xwiki-rendering-macro-message ---
[2025-12-11 20:11:42] [build-stdout] [INFO] 
[2025-12-11 20:11:42] [build-stdout] [INFO] --- maven-enforcer-plugin:1.4.1:enforce (enforce-glasshfish-jaxb) @ xwiki-rendering-macro-message ---
[2025-12-11 20:11:42] [build-stdout] [INFO] 
[2025-12-11 20:11:42] [build-stdout] [INFO] --- maven-enforcer-plugin:1.4.1:enforce (enforce-jaxrs1) @ xwiki-rendering-macro-message ---
[2025-12-11 20:11:42] [build-stdout] [INFO] 
[2025-12-11 20:11:42] [build-stdout] [INFO] --- maven-enforcer-plugin:1.4.1:enforce (enforce-open-json) @ xwiki-rendering-macro-message ---
[2025-12-11 20:11:42] [build-stdout] [INFO] 
[2025-12-11 20:11:42] [build-stdout] [INFO] --- maven-enforcer-plugin:1.4.1:enforce (enforce-glassfish-el) @ xwiki-rendering-macro-message ---
[2025-12-11 20:11:42] [build-stdout] [INFO] 
[2025-12-11 20:11:42] [build-stdout] [INFO] --- maven-enforcer-plugin:1.4.1:enforce (enforce-commons-lang3) @ xwiki-rendering-macro-message ---
[2025-12-11 20:11:42] [build-stdout] [INFO] 
[2025-12-11 20:11:42] [build-stdout] [INFO] --- maven-enforcer-plugin:1.4.1:enforce (enforce-commons-configuration2) @ xwiki-rendering-macro-message ---
[2025-12-11 20:11:42] [build-stdout] [INFO] 
[2025-12-11 20:11:42] [build-stdout] [INFO] --- maven-enforcer-plugin:1.4.1:enforce (enforce-jakarta.activation-api) @ xwiki-rendering-macro-message ---
[2025-12-11 20:11:42] [build-stdout] [INFO] 
[2025-12-11 20:11:42] [build-stdout] [INFO] --- maven-enforcer-plugin:1.4.1:enforce (enforce-jakarta.activation) @ xwiki-rendering-macro-message ---
[2025-12-11 20:11:42] [build-stdout] [INFO] 
[2025-12-11 20:11:42] [build-stdout] [INFO] --- maven-enforcer-plugin:1.4.1:enforce (enforce-jakarta.mail-api) @ xwiki-rendering-macro-message ---
[2025-12-11 20:11:42] [build-stdout] [INFO] 
[2025-12-11 20:11:42] [build-stdout] [INFO] --- maven-enforcer-plugin:1.4.1:enforce (enforce-jakarta.mail) @ xwiki-rendering-macro-message ---
[2025-12-11 20:11:42] [build-stdout] [INFO] 
[2025-12-11 20:11:42] [build-stdout] [INFO] --- maven-enforcer-plugin:1.4.1:enforce (enforce-jakarta.annotation-api) @ xwiki-rendering-macro-message ---
[2025-12-11 20:11:42] [build-stdout] [INFO] 
[2025-12-11 20:11:42] [build-stdout] [INFO] --- maven-enforcer-plugin:1.4.1:enforce (enforce-bouncycastle-ids) @ xwiki-rendering-macro-message ---
[2025-12-11 20:11:42] [build-stdout] [INFO] 
[2025-12-11 20:11:42] [build-stdout] [INFO] --- maven-enforcer-plugin:1.4.1:enforce (enforce-velocity-engine-core) @ xwiki-rendering-macro-message ---
[2025-12-11 20:11:42] [build-stdout] [INFO] 
[2025-12-11 20:11:42] [build-stdout] [INFO] --- maven-enforcer-plugin:1.4.1:enforce (enforce-asm) @ xwiki-rendering-macro-message ---
[2025-12-11 20:11:42] [build-stdout] [INFO] 
[2025-12-11 20:11:42] [build-stdout] [INFO] --- maven-enforcer-plugin:1.4.1:enforce (enforce-cglib) @ xwiki-rendering-macro-message ---
[2025-12-11 20:11:42] [build-stdout] [INFO] 
[2025-12-11 20:11:42] [build-stdout] [INFO] --- maven-enforcer-plugin:1.4.1:enforce (enforce-javase-dependencies) @ xwiki-rendering-macro-message ---
[2025-12-11 20:11:42] [build-stdout] [INFO] 
[2025-12-11 20:11:42] [build-stdout] [INFO] --- maven-enforcer-plugin:1.4.1:enforce (enforce-jsr305) @ xwiki-rendering-macro-message ---
[2025-12-11 20:11:42] [build-stdout] [INFO] 
[2025-12-11 20:11:42] [build-stdout] [INFO] --- maven-enforcer-plugin:1.4.1:enforce (enforce-jta) @ xwiki-rendering-macro-message ---
[2025-12-11 20:11:42] [build-stdout] [INFO] 
[2025-12-11 20:11:42] [build-stdout] [INFO] --- maven-enforcer-plugin:1.4.1:enforce (enforce-jakarta.validation-api) @ xwiki-rendering-macro-message ---
[2025-12-11 20:11:42] [build-stdout] [INFO] 
[2025-12-11 20:11:42] [build-stdout] [INFO] --- maven-enforcer-plugin:1.4.1:enforce (enforce-hibernate-validator) @ xwiki-rendering-macro-message ---
[2025-12-11 20:11:42] [build-stdout] [INFO] 
[2025-12-11 20:11:42] [build-stdout] [INFO] --- maven-enforcer-plugin:1.4.1:enforce (enforce-upper-bounds) @ xwiki-rendering-macro-message ---
[2025-12-11 20:11:42] [build-stdout] [INFO] 
[2025-12-11 20:11:42] [build-stdout] [INFO] --- maven-enforcer-plugin:1.4.1:enforce (enforce-no-legacy-dependencies) @ xwiki-rendering-macro-message ---
[2025-12-11 20:11:42] [build-stdout] [INFO] 
[2025-12-11 20:11:42] [build-stdout] [INFO] --- maven-enforcer-plugin:1.4.1:enforce (enforce-valid-poms) @ xwiki-rendering-macro-message ---
[2025-12-11 20:11:42] [build-stdout] [INFO] 
[2025-12-11 20:11:42] [build-stdout] [INFO] --- maven-enforcer-plugin:1.4.1:enforce (enforce-platform-isolation) @ xwiki-rendering-macro-message ---
[2025-12-11 20:11:42] [build-stdout] [INFO] 
[2025-12-11 20:11:42] [build-stdout] [INFO] --- maven-enforcer-plugin:1.4.1:enforce (check-dependency-version) @ xwiki-rendering-macro-message ---
[2025-12-11 20:11:42] [build-stdout] [INFO] 
[2025-12-11 20:11:42] [build-stdout] [INFO] --- maven-enforcer-plugin:1.4.1:enforce (enforce-banned-dependencies) @ xwiki-rendering-macro-message ---
[2025-12-11 20:11:42] [build-stdout] [INFO] 
[2025-12-11 20:11:42] [build-stdout] [INFO] --- xwiki-commons-tool-remote-resource-plugin:14.6:process (xwiki-license-resources) @ xwiki-rendering-macro-message ---
[2025-12-11 20:11:42] [build-stdout] [INFO] Preparing remote bundle org.xwiki.commons:xwiki-commons-tool-license-resources:14.6
[2025-12-11 20:11:42] [build-stdout] [INFO] Copying 2 resources from 1 bundle.
[2025-12-11 20:11:43] [build-stdout] [INFO] 
[2025-12-11 20:11:43] [build-stdout] [INFO] --- maven-resources-plugin:3.2.0:resources (default-resources) @ xwiki-rendering-macro-message ---
[2025-12-11 20:11:43] [build-stdout] [INFO] Using 'UTF-8' encoding to copy filtered resources.
[2025-12-11 20:11:43] [build-stdout] [INFO] Using 'UTF-8' encoding to copy filtered properties files.
[2025-12-11 20:11:43] [build-stdout] [INFO] Copying 1 resource
[2025-12-11 20:11:43] [build-stdout] [INFO] Copying 2 resources
[2025-12-11 20:11:43] [build-stdout] [INFO] 
[2025-12-11 20:11:43] [build-stdout] [INFO] --- maven-compiler-plugin:3.10.1:compile (default-compile) @ xwiki-rendering-macro-message ---
[2025-12-11 20:11:43] [build-stdout] [INFO] Loaded from the build cache, saving 86ms
[2025-12-11 20:11:43] [build-stdout] [INFO] 
[2025-12-11 20:11:43] [build-stdout] [INFO] --- maven-bundle-plugin:5.1.6:manifest (bundle-manifest) @ xwiki-rendering-macro-message ---
[2025-12-11 20:11:43] [build-stdout] [INFO] No MANIFEST.MF file found, generating manifest.
[2025-12-11 20:11:43] [build-stdout] [INFO] Writing manifest: /data/iris_projects/xwiki__xwiki-rendering_CVE-2023-32070_14.6/xwiki-rendering-macros/xwiki-rendering-macro-message/target/classes/META-INF/MANIFEST.MF
[2025-12-11 20:11:43] [build-stdout] [INFO] 
[2025-12-11 20:11:43] [build-stdout] [INFO] --- maven-resources-plugin:3.2.0:testResources (default-testResources) @ xwiki-rendering-macro-message ---
[2025-12-11 20:11:43] [build-stdout] [INFO] Using 'UTF-8' encoding to copy filtered resources.
[2025-12-11 20:11:43] [build-stdout] [INFO] Using 'UTF-8' encoding to copy filtered properties files.
[2025-12-11 20:11:43] [build-stdout] [INFO] Copying 4 resources
[2025-12-11 20:11:43] [build-stdout] [INFO] Copying 2 resources
[2025-12-11 20:11:43] [build-stdout] [INFO] 
[2025-12-11 20:11:43] [build-stdout] [INFO] --- maven-compiler-plugin:3.10.1:testCompile (default-testCompile) @ xwiki-rendering-macro-message ---
[2025-12-11 20:11:43] [build-stdout] [INFO] Loaded from the build cache, saving 104ms
[2025-12-11 20:11:43] [build-stdout] [INFO] 
[2025-12-11 20:11:43] [build-stdout] [INFO] --- maven-surefire-plugin:2.22.2:test (default-test) @ xwiki-rendering-macro-message ---
[2025-12-11 20:11:43] [build-stdout] [INFO] Tests are skipped.
[2025-12-11 20:11:43] [build-stdout] [INFO] Skipped
[2025-12-11 20:11:43] [build-stdout] [INFO] 
[2025-12-11 20:11:43] [build-stdout] [INFO] --- maven-jar-plugin:3.2.2:jar (default-jar) @ xwiki-rendering-macro-message ---
[2025-12-11 20:11:43] [build-stdout] [INFO] Building jar: /data/iris_projects/xwiki__xwiki-rendering_CVE-2023-32070_14.6/xwiki-rendering-macros/xwiki-rendering-macro-message/target/xwiki-rendering-macro-message-14.6.jar
[2025-12-11 20:11:43] [build-stdout] [INFO] 
[2025-12-11 20:11:43] [build-stdout] [INFO] ------------------------------------------------------------------------
[2025-12-11 20:11:43] [build-stdout] [INFO] Building XWiki Rendering - Macro - Footnotes 14.6
[2025-12-11 20:11:43] [build-stdout] [INFO] ------------------------------------------------------------------------
[2025-12-11 20:11:43] [build-stdout] [INFO] 
[2025-12-11 20:11:43] [build-stdout] [INFO] --- maven-clean-plugin:3.2.0:clean (default-clean) @ xwiki-rendering-macro-footnotes ---
[2025-12-11 20:11:43] [build-stdout] [INFO] Deleting /data/iris_projects/xwiki__xwiki-rendering_CVE-2023-32070_14.6/xwiki-rendering-macros/xwiki-rendering-macro-footnotes/target
[2025-12-11 20:11:43] [build-stdout] [INFO] 
[2025-12-11 20:11:43] [build-stdout] [INFO] --- maven-enforcer-plugin:1.4.1:enforce (enforce-plugins) @ xwiki-rendering-macro-footnotes ---
[2025-12-11 20:11:43] [build-stdout] [INFO] 
[2025-12-11 20:11:43] [build-stdout] [INFO] --- maven-enforcer-plugin:1.4.1:enforce (enforce-jcl-log4j-isolation) @ xwiki-rendering-macro-footnotes ---
[2025-12-11 20:11:43] [build-stdout] [INFO] 
[2025-12-11 20:11:43] [build-stdout] [INFO] --- maven-enforcer-plugin:1.4.1:enforce (enforce-jakarta.xml.bind-api) @ xwiki-rendering-macro-footnotes ---
[2025-12-11 20:11:43] [build-stdout] [INFO] 
[2025-12-11 20:11:43] [build-stdout] [INFO] --- maven-enforcer-plugin:1.4.1:enforce (enforce-glasshfish-jaxb) @ xwiki-rendering-macro-footnotes ---
[2025-12-11 20:11:43] [build-stdout] [INFO] 
[2025-12-11 20:11:43] [build-stdout] [INFO] --- maven-enforcer-plugin:1.4.1:enforce (enforce-jaxrs1) @ xwiki-rendering-macro-footnotes ---
[2025-12-11 20:11:43] [build-stdout] [INFO] 
[2025-12-11 20:11:43] [build-stdout] [INFO] --- maven-enforcer-plugin:1.4.1:enforce (enforce-open-json) @ xwiki-rendering-macro-footnotes ---
[2025-12-11 20:11:43] [build-stdout] [INFO] 
[2025-12-11 20:11:43] [build-stdout] [INFO] --- maven-enforcer-plugin:1.4.1:enforce (enforce-glassfish-el) @ xwiki-rendering-macro-footnotes ---
[2025-12-11 20:11:43] [build-stdout] [INFO] 
[2025-12-11 20:11:43] [build-stdout] [INFO] --- maven-enforcer-plugin:1.4.1:enforce (enforce-commons-lang3) @ xwiki-rendering-macro-footnotes ---
[2025-12-11 20:11:43] [build-stdout] [INFO] 
[2025-12-11 20:11:43] [build-stdout] [INFO] --- maven-enforcer-plugin:1.4.1:enforce (enforce-commons-configuration2) @ xwiki-rendering-macro-footnotes ---
[2025-12-11 20:11:43] [build-stdout] [INFO] 
[2025-12-11 20:11:43] [build-stdout] [INFO] --- maven-enforcer-plugin:1.4.1:enforce (enforce-jakarta.activation-api) @ xwiki-rendering-macro-footnotes ---
[2025-12-11 20:11:43] [build-stdout] [INFO] 
[2025-12-11 20:11:43] [build-stdout] [INFO] --- maven-enforcer-plugin:1.4.1:enforce (enforce-jakarta.activation) @ xwiki-rendering-macro-footnotes ---
[2025-12-11 20:11:43] [build-stdout] [INFO] 
[2025-12-11 20:11:43] [build-stdout] [INFO] --- maven-enforcer-plugin:1.4.1:enforce (enforce-jakarta.mail-api) @ xwiki-rendering-macro-footnotes ---
[2025-12-11 20:11:43] [build-stdout] [INFO] 
[2025-12-11 20:11:43] [build-stdout] [INFO] --- maven-enforcer-plugin:1.4.1:enforce (enforce-jakarta.mail) @ xwiki-rendering-macro-footnotes ---
[2025-12-11 20:11:43] [build-stdout] [INFO] 
[2025-12-11 20:11:43] [build-stdout] [INFO] --- maven-enforcer-plugin:1.4.1:enforce (enforce-jakarta.annotation-api) @ xwiki-rendering-macro-footnotes ---
[2025-12-11 20:11:43] [build-stdout] [INFO] 
[2025-12-11 20:11:43] [build-stdout] [INFO] --- maven-enforcer-plugin:1.4.1:enforce (enforce-bouncycastle-ids) @ xwiki-rendering-macro-footnotes ---
[2025-12-11 20:11:43] [build-stdout] [INFO] 
[2025-12-11 20:11:43] [build-stdout] [INFO] --- maven-enforcer-plugin:1.4.1:enforce (enforce-velocity-engine-core) @ xwiki-rendering-macro-footnotes ---
[2025-12-11 20:11:43] [build-stdout] [INFO] 
[2025-12-11 20:11:43] [build-stdout] [INFO] --- maven-enforcer-plugin:1.4.1:enforce (enforce-asm) @ xwiki-rendering-macro-footnotes ---
[2025-12-11 20:11:43] [build-stdout] [INFO] 
[2025-12-11 20:11:43] [build-stdout] [INFO] --- maven-enforcer-plugin:1.4.1:enforce (enforce-cglib) @ xwiki-rendering-macro-footnotes ---
[2025-12-11 20:11:43] [build-stdout] [INFO] 
[2025-12-11 20:11:43] [build-stdout] [INFO] --- maven-enforcer-plugin:1.4.1:enforce (enforce-javase-dependencies) @ xwiki-rendering-macro-footnotes ---
[2025-12-11 20:11:43] [build-stdout] [INFO] 
[2025-12-11 20:11:43] [build-stdout] [INFO] --- maven-enforcer-plugin:1.4.1:enforce (enforce-jsr305) @ xwiki-rendering-macro-footnotes ---
[2025-12-11 20:11:43] [build-stdout] [INFO] 
[2025-12-11 20:11:43] [build-stdout] [INFO] --- maven-enforcer-plugin:1.4.1:enforce (enforce-jta) @ xwiki-rendering-macro-footnotes ---
[2025-12-11 20:11:43] [build-stdout] [INFO] 
[2025-12-11 20:11:43] [build-stdout] [INFO] --- maven-enforcer-plugin:1.4.1:enforce (enforce-jakarta.validation-api) @ xwiki-rendering-macro-footnotes ---
[2025-12-11 20:11:43] [build-stdout] [INFO] 
[2025-12-11 20:11:43] [build-stdout] [INFO] --- maven-enforcer-plugin:1.4.1:enforce (enforce-hibernate-validator) @ xwiki-rendering-macro-footnotes ---
[2025-12-11 20:11:43] [build-stdout] [INFO] 
[2025-12-11 20:11:43] [build-stdout] [INFO] --- maven-enforcer-plugin:1.4.1:enforce (enforce-upper-bounds) @ xwiki-rendering-macro-footnotes ---
[2025-12-11 20:11:43] [build-stdout] [INFO] 
[2025-12-11 20:11:43] [build-stdout] [INFO] --- maven-enforcer-plugin:1.4.1:enforce (enforce-no-legacy-dependencies) @ xwiki-rendering-macro-footnotes ---
[2025-12-11 20:11:43] [build-stdout] [INFO] 
[2025-12-11 20:11:43] [build-stdout] [INFO] --- maven-enforcer-plugin:1.4.1:enforce (enforce-valid-poms) @ xwiki-rendering-macro-footnotes ---
[2025-12-11 20:11:43] [build-stdout] [INFO] 
[2025-12-11 20:11:43] [build-stdout] [INFO] --- maven-enforcer-plugin:1.4.1:enforce (enforce-platform-isolation) @ xwiki-rendering-macro-footnotes ---
[2025-12-11 20:11:43] [build-stdout] [INFO] 
[2025-12-11 20:11:43] [build-stdout] [INFO] --- maven-enforcer-plugin:1.4.1:enforce (check-dependency-version) @ xwiki-rendering-macro-footnotes ---
[2025-12-11 20:11:43] [build-stdout] [INFO] 
[2025-12-11 20:11:43] [build-stdout] [INFO] --- maven-enforcer-plugin:1.4.1:enforce (enforce-banned-dependencies) @ xwiki-rendering-macro-footnotes ---
[2025-12-11 20:11:43] [build-stdout] [INFO] 
[2025-12-11 20:11:43] [build-stdout] [INFO] --- xwiki-commons-tool-remote-resource-plugin:14.6:process (xwiki-license-resources) @ xwiki-rendering-macro-footnotes ---
[2025-12-11 20:11:43] [build-stdout] [INFO] Preparing remote bundle org.xwiki.commons:xwiki-commons-tool-license-resources:14.6
[2025-12-11 20:11:43] [build-stdout] [INFO] Copying 2 resources from 1 bundle.
[2025-12-11 20:11:43] [build-stdout] [INFO] 
[2025-12-11 20:11:43] [build-stdout] [INFO] --- maven-resources-plugin:3.2.0:resources (default-resources) @ xwiki-rendering-macro-footnotes ---
[2025-12-11 20:11:43] [build-stdout] [INFO] Using 'UTF-8' encoding to copy filtered resources.
[2025-12-11 20:11:43] [build-stdout] [INFO] Using 'UTF-8' encoding to copy filtered properties files.
[2025-12-11 20:11:43] [build-stdout] [INFO] Copying 1 resource
[2025-12-11 20:11:43] [build-stdout] [INFO] Copying 2 resources
[2025-12-11 20:11:43] [build-stdout] [INFO] 
[2025-12-11 20:11:43] [build-stdout] [INFO] --- maven-compiler-plugin:3.10.1:compile (default-compile) @ xwiki-rendering-macro-footnotes ---
[2025-12-11 20:11:43] [build-stdout] [INFO] Loaded from the build cache, saving 79ms
[2025-12-11 20:11:43] [build-stdout] [INFO] 
[2025-12-11 20:11:43] [build-stdout] [INFO] --- maven-bundle-plugin:5.1.6:manifest (bundle-manifest) @ xwiki-rendering-macro-footnotes ---
[2025-12-11 20:11:43] [build-stdout] [INFO] No MANIFEST.MF file found, generating manifest.
[2025-12-11 20:11:44] [build-stdout] [INFO] Writing manifest: /data/iris_projects/xwiki__xwiki-rendering_CVE-2023-32070_14.6/xwiki-rendering-macros/xwiki-rendering-macro-footnotes/target/classes/META-INF/MANIFEST.MF
[2025-12-11 20:11:44] [build-stdout] [INFO] 
[2025-12-11 20:11:44] [build-stdout] [INFO] --- maven-resources-plugin:3.2.0:testResources (default-testResources) @ xwiki-rendering-macro-footnotes ---
[2025-12-11 20:11:44] [build-stdout] [INFO] Using 'UTF-8' encoding to copy filtered resources.
[2025-12-11 20:11:44] [build-stdout] [INFO] Using 'UTF-8' encoding to copy filtered properties files.
[2025-12-11 20:11:44] [build-stdout] [INFO] Copying 5 resources
[2025-12-11 20:11:44] [build-stdout] [INFO] Copying 2 resources
[2025-12-11 20:11:44] [build-stdout] [INFO] 
[2025-12-11 20:11:44] [build-stdout] [INFO] --- maven-compiler-plugin:3.10.1:testCompile (default-testCompile) @ xwiki-rendering-macro-footnotes ---
[2025-12-11 20:11:44] [build-stdout] [INFO] Loaded from the build cache, saving 97ms
[2025-12-11 20:11:44] [build-stdout] [INFO] 
[2025-12-11 20:11:44] [build-stdout] [INFO] --- maven-surefire-plugin:2.22.2:test (default-test) @ xwiki-rendering-macro-footnotes ---
[2025-12-11 20:11:44] [build-stdout] [INFO] Tests are skipped.
[2025-12-11 20:11:44] [build-stdout] [INFO] Skipped
[2025-12-11 20:11:44] [build-stdout] [INFO] 
[2025-12-11 20:11:44] [build-stdout] [INFO] --- maven-jar-plugin:3.2.2:jar (default-jar) @ xwiki-rendering-macro-footnotes ---
[2025-12-11 20:11:44] [build-stdout] [INFO] Building jar: /data/iris_projects/xwiki__xwiki-rendering_CVE-2023-32070_14.6/xwiki-rendering-macros/xwiki-rendering-macro-footnotes/target/xwiki-rendering-macro-footnotes-14.6.jar
[2025-12-11 20:11:44] [build-stdout] [INFO] 
[2025-12-11 20:11:44] [build-stdout] [INFO] ------------------------------------------------------------------------
[2025-12-11 20:11:44] [build-stdout] [INFO] Building XWiki Rendering - Macro - Toc 14.6
[2025-12-11 20:11:44] [build-stdout] [INFO] ------------------------------------------------------------------------
[2025-12-11 20:11:44] [build-stdout] [INFO] 
[2025-12-11 20:11:44] [build-stdout] [INFO] --- maven-clean-plugin:3.2.0:clean (default-clean) @ xwiki-rendering-macro-toc ---
[2025-12-11 20:11:44] [build-stdout] [INFO] Deleting /data/iris_projects/xwiki__xwiki-rendering_CVE-2023-32070_14.6/xwiki-rendering-macros/xwiki-rendering-macro-toc/target
[2025-12-11 20:11:44] [build-stdout] [INFO] 
[2025-12-11 20:11:44] [build-stdout] [INFO] --- maven-enforcer-plugin:1.4.1:enforce (enforce-plugins) @ xwiki-rendering-macro-toc ---
[2025-12-11 20:11:44] [build-stdout] [INFO] 
[2025-12-11 20:11:44] [build-stdout] [INFO] --- maven-enforcer-plugin:1.4.1:enforce (enforce-jcl-log4j-isolation) @ xwiki-rendering-macro-toc ---
[2025-12-11 20:11:44] [build-stdout] [INFO] 
[2025-12-11 20:11:44] [build-stdout] [INFO] --- maven-enforcer-plugin:1.4.1:enforce (enforce-jakarta.xml.bind-api) @ xwiki-rendering-macro-toc ---
[2025-12-11 20:11:44] [build-stdout] [INFO] 
[2025-12-11 20:11:44] [build-stdout] [INFO] --- maven-enforcer-plugin:1.4.1:enforce (enforce-glasshfish-jaxb) @ xwiki-rendering-macro-toc ---
[2025-12-11 20:11:44] [build-stdout] [INFO] 
[2025-12-11 20:11:44] [build-stdout] [INFO] --- maven-enforcer-plugin:1.4.1:enforce (enforce-jaxrs1) @ xwiki-rendering-macro-toc ---
[2025-12-11 20:11:44] [build-stdout] [INFO] 
[2025-12-11 20:11:44] [build-stdout] [INFO] --- maven-enforcer-plugin:1.4.1:enforce (enforce-open-json) @ xwiki-rendering-macro-toc ---
[2025-12-11 20:11:44] [build-stdout] [INFO] 
[2025-12-11 20:11:44] [build-stdout] [INFO] --- maven-enforcer-plugin:1.4.1:enforce (enforce-glassfish-el) @ xwiki-rendering-macro-toc ---
[2025-12-11 20:11:44] [build-stdout] [INFO] 
[2025-12-11 20:11:44] [build-stdout] [INFO] --- maven-enforcer-plugin:1.4.1:enforce (enforce-commons-lang3) @ xwiki-rendering-macro-toc ---
[2025-12-11 20:11:44] [build-stdout] [INFO] 
[2025-12-11 20:11:44] [build-stdout] [INFO] --- maven-enforcer-plugin:1.4.1:enforce (enforce-commons-configuration2) @ xwiki-rendering-macro-toc ---
[2025-12-11 20:11:44] [build-stdout] [INFO] 
[2025-12-11 20:11:44] [build-stdout] [INFO] --- maven-enforcer-plugin:1.4.1:enforce (enforce-jakarta.activation-api) @ xwiki-rendering-macro-toc ---
[2025-12-11 20:11:44] [build-stdout] [INFO] 
[2025-12-11 20:11:44] [build-stdout] [INFO] --- maven-enforcer-plugin:1.4.1:enforce (enforce-jakarta.activation) @ xwiki-rendering-macro-toc ---
[2025-12-11 20:11:44] [build-stdout] [INFO] 
[2025-12-11 20:11:44] [build-stdout] [INFO] --- maven-enforcer-plugin:1.4.1:enforce (enforce-jakarta.mail-api) @ xwiki-rendering-macro-toc ---
[2025-12-11 20:11:44] [build-stdout] [INFO] 
[2025-12-11 20:11:44] [build-stdout] [INFO] --- maven-enforcer-plugin:1.4.1:enforce (enforce-jakarta.mail) @ xwiki-rendering-macro-toc ---
[2025-12-11 20:11:44] [build-stdout] [INFO] 
[2025-12-11 20:11:44] [build-stdout] [INFO] --- maven-enforcer-plugin:1.4.1:enforce (enforce-jakarta.annotation-api) @ xwiki-rendering-macro-toc ---
[2025-12-11 20:11:44] [build-stdout] [INFO] 
[2025-12-11 20:11:44] [build-stdout] [INFO] --- maven-enforcer-plugin:1.4.1:enforce (enforce-bouncycastle-ids) @ xwiki-rendering-macro-toc ---
[2025-12-11 20:11:44] [build-stdout] [INFO] 
[2025-12-11 20:11:44] [build-stdout] [INFO] --- maven-enforcer-plugin:1.4.1:enforce (enforce-velocity-engine-core) @ xwiki-rendering-macro-toc ---
[2025-12-11 20:11:44] [build-stdout] [INFO] 
[2025-12-11 20:11:44] [build-stdout] [INFO] --- maven-enforcer-plugin:1.4.1:enforce (enforce-asm) @ xwiki-rendering-macro-toc ---
[2025-12-11 20:11:44] [build-stdout] [INFO] 
[2025-12-11 20:11:44] [build-stdout] [INFO] --- maven-enforcer-plugin:1.4.1:enforce (enforce-cglib) @ xwiki-rendering-macro-toc ---
[2025-12-11 20:11:44] [build-stdout] [INFO] 
[2025-12-11 20:11:44] [build-stdout] [INFO] --- maven-enforcer-plugin:1.4.1:enforce (enforce-javase-dependencies) @ xwiki-rendering-macro-toc ---
[2025-12-11 20:11:44] [build-stdout] [INFO] 
[2025-12-11 20:11:44] [build-stdout] [INFO] --- maven-enforcer-plugin:1.4.1:enforce (enforce-jsr305) @ xwiki-rendering-macro-toc ---
[2025-12-11 20:11:44] [build-stdout] [INFO] 
[2025-12-11 20:11:44] [build-stdout] [INFO] --- maven-enforcer-plugin:1.4.1:enforce (enforce-jta) @ xwiki-rendering-macro-toc ---
[2025-12-11 20:11:44] [build-stdout] [INFO] 
[2025-12-11 20:11:44] [build-stdout] [INFO] --- maven-enforcer-plugin:1.4.1:enforce (enforce-jakarta.validation-api) @ xwiki-rendering-macro-toc ---
[2025-12-11 20:11:44] [build-stdout] [INFO] 
[2025-12-11 20:11:44] [build-stdout] [INFO] --- maven-enforcer-plugin:1.4.1:enforce (enforce-hibernate-validator) @ xwiki-rendering-macro-toc ---
[2025-12-11 20:11:44] [build-stdout] [INFO] 
[2025-12-11 20:11:44] [build-stdout] [INFO] --- maven-enforcer-plugin:1.4.1:enforce (enforce-upper-bounds) @ xwiki-rendering-macro-toc ---
[2025-12-11 20:11:44] [build-stdout] [INFO] 
[2025-12-11 20:11:44] [build-stdout] [INFO] --- maven-enforcer-plugin:1.4.1:enforce (enforce-no-legacy-dependencies) @ xwiki-rendering-macro-toc ---
[2025-12-11 20:11:44] [build-stdout] [INFO] 
[2025-12-11 20:11:44] [build-stdout] [INFO] --- maven-enforcer-plugin:1.4.1:enforce (enforce-valid-poms) @ xwiki-rendering-macro-toc ---
[2025-12-11 20:11:44] [build-stdout] [INFO] 
[2025-12-11 20:11:44] [build-stdout] [INFO] --- maven-enforcer-plugin:1.4.1:enforce (enforce-platform-isolation) @ xwiki-rendering-macro-toc ---
[2025-12-11 20:11:44] [build-stdout] [INFO] 
[2025-12-11 20:11:44] [build-stdout] [INFO] --- maven-enforcer-plugin:1.4.1:enforce (check-dependency-version) @ xwiki-rendering-macro-toc ---
[2025-12-11 20:11:44] [build-stdout] [INFO] 
[2025-12-11 20:11:44] [build-stdout] [INFO] --- maven-enforcer-plugin:1.4.1:enforce (enforce-banned-dependencies) @ xwiki-rendering-macro-toc ---
[2025-12-11 20:11:44] [build-stdout] [INFO] 
[2025-12-11 20:11:44] [build-stdout] [INFO] --- xwiki-commons-tool-remote-resource-plugin:14.6:process (xwiki-license-resources) @ xwiki-rendering-macro-toc ---
[2025-12-11 20:11:44] [build-stdout] [INFO] Preparing remote bundle org.xwiki.commons:xwiki-commons-tool-license-resources:14.6
[2025-12-11 20:11:44] [build-stdout] [INFO] Copying 2 resources from 1 bundle.
[2025-12-11 20:11:44] [build-stdout] [INFO] 
[2025-12-11 20:11:44] [build-stdout] [INFO] --- maven-resources-plugin:3.2.0:resources (default-resources) @ xwiki-rendering-macro-toc ---
[2025-12-11 20:11:44] [build-stdout] [INFO] Using 'UTF-8' encoding to copy filtered resources.
[2025-12-11 20:11:44] [build-stdout] [INFO] Using 'UTF-8' encoding to copy filtered properties files.
[2025-12-11 20:11:44] [build-stdout] [INFO] Copying 1 resource
[2025-12-11 20:11:44] [build-stdout] [INFO] Copying 2 resources
[2025-12-11 20:11:44] [build-stdout] [INFO] 
[2025-12-11 20:11:44] [build-stdout] [INFO] --- maven-compiler-plugin:3.10.1:compile (default-compile) @ xwiki-rendering-macro-toc ---
[2025-12-11 20:11:44] [build-stdout] [INFO] Loaded from the build cache, saving 60ms
[2025-12-11 20:11:44] [build-stdout] [INFO] 
[2025-12-11 20:11:44] [build-stdout] [INFO] --- maven-bundle-plugin:5.1.6:manifest (bundle-manifest) @ xwiki-rendering-macro-toc ---
[2025-12-11 20:11:44] [build-stdout] [INFO] No MANIFEST.MF file found, generating manifest.
[2025-12-11 20:11:44] [build-stdout] [INFO] Writing manifest: /data/iris_projects/xwiki__xwiki-rendering_CVE-2023-32070_14.6/xwiki-rendering-macros/xwiki-rendering-macro-toc/target/classes/META-INF/MANIFEST.MF
[2025-12-11 20:11:44] [build-stdout] [INFO] 
[2025-12-11 20:11:44] [build-stdout] [INFO] --- maven-resources-plugin:3.2.0:testResources (default-testResources) @ xwiki-rendering-macro-toc ---
[2025-12-11 20:11:44] [build-stdout] [INFO] Using 'UTF-8' encoding to copy filtered resources.
[2025-12-11 20:11:44] [build-stdout] [INFO] Using 'UTF-8' encoding to copy filtered properties files.
[2025-12-11 20:11:44] [build-stdout] [INFO] Copying 14 resources
[2025-12-11 20:11:44] [build-stdout] [INFO] Copying 2 resources
[2025-12-11 20:11:44] [build-stdout] [INFO] 
[2025-12-11 20:11:44] [build-stdout] [INFO] --- maven-compiler-plugin:3.10.1:testCompile (default-testCompile) @ xwiki-rendering-macro-toc ---
[2025-12-11 20:11:44] [build-stdout] [INFO] Loaded from the build cache, saving 114ms
[2025-12-11 20:11:44] [build-stdout] [INFO] 
[2025-12-11 20:11:44] [build-stdout] [INFO] --- maven-surefire-plugin:2.22.2:test (default-test) @ xwiki-rendering-macro-toc ---
[2025-12-11 20:11:44] [build-stdout] [INFO] Tests are skipped.
[2025-12-11 20:11:44] [build-stdout] [INFO] Skipped
[2025-12-11 20:11:44] [build-stdout] [INFO] 
[2025-12-11 20:11:44] [build-stdout] [INFO] --- maven-jar-plugin:3.2.2:jar (default-jar) @ xwiki-rendering-macro-toc ---
[2025-12-11 20:11:44] [build-stdout] [INFO] Building jar: /data/iris_projects/xwiki__xwiki-rendering_CVE-2023-32070_14.6/xwiki-rendering-macros/xwiki-rendering-macro-toc/target/xwiki-rendering-macro-toc-14.6.jar
[2025-12-11 20:11:44] [build-stdout] [INFO] 
[2025-12-11 20:11:44] [build-stdout] [INFO] ------------------------------------------------------------------------
[2025-12-11 20:11:44] [build-stdout] [INFO] Building XWiki Rendering - Syntax - Annotated HTML5 14.6
[2025-12-11 20:11:44] [build-stdout] [INFO] ------------------------------------------------------------------------
[2025-12-11 20:11:44] [build-stdout] [INFO] 
[2025-12-11 20:11:44] [build-stdout] [INFO] --- maven-clean-plugin:3.2.0:clean (default-clean) @ xwiki-rendering-syntax-annotatedhtml5 ---
[2025-12-11 20:11:44] [build-stdout] [INFO] Deleting /data/iris_projects/xwiki__xwiki-rendering_CVE-2023-32070_14.6/xwiki-rendering-syntaxes/xwiki-rendering-syntax-annotatedhtml5/target
[2025-12-11 20:11:44] [build-stdout] [INFO] 
[2025-12-11 20:11:44] [build-stdout] [INFO] --- maven-enforcer-plugin:1.4.1:enforce (enforce-plugins) @ xwiki-rendering-syntax-annotatedhtml5 ---
[2025-12-11 20:11:44] [build-stdout] [INFO] 
[2025-12-11 20:11:44] [build-stdout] [INFO] --- maven-enforcer-plugin:1.4.1:enforce (enforce-jcl-log4j-isolation) @ xwiki-rendering-syntax-annotatedhtml5 ---
[2025-12-11 20:11:44] [build-stdout] [INFO] 
[2025-12-11 20:11:44] [build-stdout] [INFO] --- maven-enforcer-plugin:1.4.1:enforce (enforce-jakarta.xml.bind-api) @ xwiki-rendering-syntax-annotatedhtml5 ---
[2025-12-11 20:11:44] [build-stdout] [INFO] 
[2025-12-11 20:11:44] [build-stdout] [INFO] --- maven-enforcer-plugin:1.4.1:enforce (enforce-glasshfish-jaxb) @ xwiki-rendering-syntax-annotatedhtml5 ---
[2025-12-11 20:11:44] [build-stdout] [INFO] 
[2025-12-11 20:11:44] [build-stdout] [INFO] --- maven-enforcer-plugin:1.4.1:enforce (enforce-jaxrs1) @ xwiki-rendering-syntax-annotatedhtml5 ---
[2025-12-11 20:11:44] [build-stdout] [INFO] 
[2025-12-11 20:11:44] [build-stdout] [INFO] --- maven-enforcer-plugin:1.4.1:enforce (enforce-open-json) @ xwiki-rendering-syntax-annotatedhtml5 ---
[2025-12-11 20:11:44] [build-stdout] [INFO] 
[2025-12-11 20:11:44] [build-stdout] [INFO] --- maven-enforcer-plugin:1.4.1:enforce (enforce-glassfish-el) @ xwiki-rendering-syntax-annotatedhtml5 ---
[2025-12-11 20:11:44] [build-stdout] [INFO] 
[2025-12-11 20:11:44] [build-stdout] [INFO] --- maven-enforcer-plugin:1.4.1:enforce (enforce-commons-lang3) @ xwiki-rendering-syntax-annotatedhtml5 ---
[2025-12-11 20:11:44] [build-stdout] [INFO] 
[2025-12-11 20:11:44] [build-stdout] [INFO] --- maven-enforcer-plugin:1.4.1:enforce (enforce-commons-configuration2) @ xwiki-rendering-syntax-annotatedhtml5 ---
[2025-12-11 20:11:44] [build-stdout] [INFO] 
[2025-12-11 20:11:44] [build-stdout] [INFO] --- maven-enforcer-plugin:1.4.1:enforce (enforce-jakarta.activation-api) @ xwiki-rendering-syntax-annotatedhtml5 ---
[2025-12-11 20:11:44] [build-stdout] [INFO] 
[2025-12-11 20:11:44] [build-stdout] [INFO] --- maven-enforcer-plugin:1.4.1:enforce (enforce-jakarta.activation) @ xwiki-rendering-syntax-annotatedhtml5 ---
[2025-12-11 20:11:45] [build-stdout] [INFO] 
[2025-12-11 20:11:45] [build-stdout] [INFO] --- maven-enforcer-plugin:1.4.1:enforce (enforce-jakarta.mail-api) @ xwiki-rendering-syntax-annotatedhtml5 ---
[2025-12-11 20:11:45] [build-stdout] [INFO] 
[2025-12-11 20:11:45] [build-stdout] [INFO] --- maven-enforcer-plugin:1.4.1:enforce (enforce-jakarta.mail) @ xwiki-rendering-syntax-annotatedhtml5 ---
[2025-12-11 20:11:45] [build-stdout] [INFO] 
[2025-12-11 20:11:45] [build-stdout] [INFO] --- maven-enforcer-plugin:1.4.1:enforce (enforce-jakarta.annotation-api) @ xwiki-rendering-syntax-annotatedhtml5 ---
[2025-12-11 20:11:45] [build-stdout] [INFO] 
[2025-12-11 20:11:45] [build-stdout] [INFO] --- maven-enforcer-plugin:1.4.1:enforce (enforce-bouncycastle-ids) @ xwiki-rendering-syntax-annotatedhtml5 ---
[2025-12-11 20:11:45] [build-stdout] [INFO] 
[2025-12-11 20:11:45] [build-stdout] [INFO] --- maven-enforcer-plugin:1.4.1:enforce (enforce-velocity-engine-core) @ xwiki-rendering-syntax-annotatedhtml5 ---
[2025-12-11 20:11:45] [build-stdout] [INFO] 
[2025-12-11 20:11:45] [build-stdout] [INFO] --- maven-enforcer-plugin:1.4.1:enforce (enforce-asm) @ xwiki-rendering-syntax-annotatedhtml5 ---
[2025-12-11 20:11:45] [build-stdout] [INFO] 
[2025-12-11 20:11:45] [build-stdout] [INFO] --- maven-enforcer-plugin:1.4.1:enforce (enforce-cglib) @ xwiki-rendering-syntax-annotatedhtml5 ---
[2025-12-11 20:11:45] [build-stdout] [INFO] 
[2025-12-11 20:11:45] [build-stdout] [INFO] --- maven-enforcer-plugin:1.4.1:enforce (enforce-javase-dependencies) @ xwiki-rendering-syntax-annotatedhtml5 ---
[2025-12-11 20:11:45] [build-stdout] [INFO] 
[2025-12-11 20:11:45] [build-stdout] [INFO] --- maven-enforcer-plugin:1.4.1:enforce (enforce-jsr305) @ xwiki-rendering-syntax-annotatedhtml5 ---
[2025-12-11 20:11:45] [build-stdout] [INFO] 
[2025-12-11 20:11:45] [build-stdout] [INFO] --- maven-enforcer-plugin:1.4.1:enforce (enforce-jta) @ xwiki-rendering-syntax-annotatedhtml5 ---
[2025-12-11 20:11:45] [build-stdout] [INFO] 
[2025-12-11 20:11:45] [build-stdout] [INFO] --- maven-enforcer-plugin:1.4.1:enforce (enforce-jakarta.validation-api) @ xwiki-rendering-syntax-annotatedhtml5 ---
[2025-12-11 20:11:45] [build-stdout] [INFO] 
[2025-12-11 20:11:45] [build-stdout] [INFO] --- maven-enforcer-plugin:1.4.1:enforce (enforce-hibernate-validator) @ xwiki-rendering-syntax-annotatedhtml5 ---
[2025-12-11 20:11:45] [build-stdout] [INFO] 
[2025-12-11 20:11:45] [build-stdout] [INFO] --- maven-enforcer-plugin:1.4.1:enforce (enforce-upper-bounds) @ xwiki-rendering-syntax-annotatedhtml5 ---
[2025-12-11 20:11:45] [build-stdout] [INFO] 
[2025-12-11 20:11:45] [build-stdout] [INFO] --- maven-enforcer-plugin:1.4.1:enforce (enforce-no-legacy-dependencies) @ xwiki-rendering-syntax-annotatedhtml5 ---
[2025-12-11 20:11:45] [build-stdout] [INFO] 
[2025-12-11 20:11:45] [build-stdout] [INFO] --- maven-enforcer-plugin:1.4.1:enforce (enforce-valid-poms) @ xwiki-rendering-syntax-annotatedhtml5 ---
[2025-12-11 20:11:45] [build-stdout] [INFO] 
[2025-12-11 20:11:45] [build-stdout] [INFO] --- maven-enforcer-plugin:1.4.1:enforce (enforce-platform-isolation) @ xwiki-rendering-syntax-annotatedhtml5 ---
[2025-12-11 20:11:45] [build-stdout] [INFO] 
[2025-12-11 20:11:45] [build-stdout] [INFO] --- maven-enforcer-plugin:1.4.1:enforce (check-dependency-version) @ xwiki-rendering-syntax-annotatedhtml5 ---
[2025-12-11 20:11:45] [build-stdout] [INFO] 
[2025-12-11 20:11:45] [build-stdout] [INFO] --- xwiki-commons-tool-remote-resource-plugin:14.6:process (xwiki-license-resources) @ xwiki-rendering-syntax-annotatedhtml5 ---
[2025-12-11 20:11:45] [build-stdout] [INFO] Preparing remote bundle org.xwiki.commons:xwiki-commons-tool-license-resources:14.6
[2025-12-11 20:11:45] [build-stdout] [INFO] Copying 2 resources from 1 bundle.
[2025-12-11 20:11:45] [build-stdout] [INFO] 
[2025-12-11 20:11:45] [build-stdout] [INFO] --- maven-resources-plugin:3.2.0:resources (default-resources) @ xwiki-rendering-syntax-annotatedhtml5 ---
[2025-12-11 20:11:45] [build-stdout] [INFO] Using 'UTF-8' encoding to copy filtered resources.
[2025-12-11 20:11:45] [build-stdout] [INFO] Using 'UTF-8' encoding to copy filtered properties files.
[2025-12-11 20:11:45] [build-stdout] [INFO] Copying 1 resource
[2025-12-11 20:11:45] [build-stdout] [INFO] Copying 2 resources
[2025-12-11 20:11:45] [build-stdout] [INFO] 
[2025-12-11 20:11:45] [build-stdout] [INFO] --- maven-compiler-plugin:3.10.1:compile (default-compile) @ xwiki-rendering-syntax-annotatedhtml5 ---
[2025-12-11 20:11:45] [build-stdout] [INFO] Loaded from the build cache, saving 90ms
[2025-12-11 20:11:45] [build-stdout] [INFO] 
[2025-12-11 20:11:45] [build-stdout] [INFO] --- maven-bundle-plugin:5.1.6:manifest (bundle-manifest) @ xwiki-rendering-syntax-annotatedhtml5 ---
[2025-12-11 20:11:45] [build-stdout] [INFO] No MANIFEST.MF file found, generating manifest.
[2025-12-11 20:11:45] [build-stdout] [INFO] Writing manifest: /data/iris_projects/xwiki__xwiki-rendering_CVE-2023-32070_14.6/xwiki-rendering-syntaxes/xwiki-rendering-syntax-annotatedhtml5/target/classes/META-INF/MANIFEST.MF
[2025-12-11 20:11:45] [build-stdout] [INFO] 
[2025-12-11 20:11:45] [build-stdout] [INFO] --- maven-resources-plugin:3.2.0:testResources (default-testResources) @ xwiki-rendering-syntax-annotatedhtml5 ---
[2025-12-11 20:11:45] [build-stdout] [INFO] Using 'UTF-8' encoding to copy filtered resources.
[2025-12-11 20:11:45] [build-stdout] [INFO] Using 'UTF-8' encoding to copy filtered properties files.
[2025-12-11 20:11:45] [build-stdout] [INFO] Copying 15 resources
[2025-12-11 20:11:45] [build-stdout] [INFO] Copying 2 resources
[2025-12-11 20:11:45] [build-stdout] [INFO] 
[2025-12-11 20:11:45] [build-stdout] [INFO] --- maven-compiler-plugin:3.10.1:testCompile (default-testCompile) @ xwiki-rendering-syntax-annotatedhtml5 ---
[2025-12-11 20:11:45] [build-stdout] [INFO] Loaded from the build cache, saving 93ms
[2025-12-11 20:11:45] [build-stdout] [INFO] 
[2025-12-11 20:11:45] [build-stdout] [INFO] --- maven-surefire-plugin:2.22.2:test (default-test) @ xwiki-rendering-syntax-annotatedhtml5 ---
[2025-12-11 20:11:45] [build-stdout] [INFO] Tests are skipped.
[2025-12-11 20:11:45] [build-stdout] [INFO] Skipped
[2025-12-11 20:11:45] [build-stdout] [INFO] 
[2025-12-11 20:11:45] [build-stdout] [INFO] --- maven-jar-plugin:3.2.2:jar (default-jar) @ xwiki-rendering-syntax-annotatedhtml5 ---
[2025-12-11 20:11:45] [build-stdout] [INFO] Building jar: /data/iris_projects/xwiki__xwiki-rendering_CVE-2023-32070_14.6/xwiki-rendering-syntaxes/xwiki-rendering-syntax-annotatedhtml5/target/xwiki-rendering-syntax-annotatedhtml5-14.6.jar
[2025-12-11 20:11:45] [build-stdout] [INFO] 
[2025-12-11 20:11:45] [build-stdout] [INFO] ------------------------------------------------------------------------
[2025-12-11 20:11:45] [build-stdout] [INFO] Building XWiki Rendering - Macro - HTML 14.6
[2025-12-11 20:11:45] [build-stdout] [INFO] ------------------------------------------------------------------------
[2025-12-11 20:11:45] [build-stdout] [INFO] 
[2025-12-11 20:11:45] [build-stdout] [INFO] --- maven-clean-plugin:3.2.0:clean (default-clean) @ xwiki-rendering-macro-html ---
[2025-12-11 20:11:45] [build-stdout] [INFO] Deleting /data/iris_projects/xwiki__xwiki-rendering_CVE-2023-32070_14.6/xwiki-rendering-macros/xwiki-rendering-macro-html/target
[2025-12-11 20:11:45] [build-stdout] [INFO] 
[2025-12-11 20:11:45] [build-stdout] [INFO] --- maven-enforcer-plugin:1.4.1:enforce (enforce-plugins) @ xwiki-rendering-macro-html ---
[2025-12-11 20:11:45] [build-stdout] [INFO] 
[2025-12-11 20:11:45] [build-stdout] [INFO] --- maven-enforcer-plugin:1.4.1:enforce (enforce-jcl-log4j-isolation) @ xwiki-rendering-macro-html ---
[2025-12-11 20:11:45] [build-stdout] [INFO] 
[2025-12-11 20:11:45] [build-stdout] [INFO] --- maven-enforcer-plugin:1.4.1:enforce (enforce-jakarta.xml.bind-api) @ xwiki-rendering-macro-html ---
[2025-12-11 20:11:46] [build-stdout] [INFO] 
[2025-12-11 20:11:46] [build-stdout] [INFO] --- maven-enforcer-plugin:1.4.1:enforce (enforce-glasshfish-jaxb) @ xwiki-rendering-macro-html ---
[2025-12-11 20:11:46] [build-stdout] [INFO] 
[2025-12-11 20:11:46] [build-stdout] [INFO] --- maven-enforcer-plugin:1.4.1:enforce (enforce-jaxrs1) @ xwiki-rendering-macro-html ---
[2025-12-11 20:11:46] [build-stdout] [INFO] 
[2025-12-11 20:11:46] [build-stdout] [INFO] --- maven-enforcer-plugin:1.4.1:enforce (enforce-open-json) @ xwiki-rendering-macro-html ---
[2025-12-11 20:11:46] [build-stdout] [INFO] 
[2025-12-11 20:11:46] [build-stdout] [INFO] --- maven-enforcer-plugin:1.4.1:enforce (enforce-glassfish-el) @ xwiki-rendering-macro-html ---
[2025-12-11 20:11:46] [build-stdout] [INFO] 
[2025-12-11 20:11:46] [build-stdout] [INFO] --- maven-enforcer-plugin:1.4.1:enforce (enforce-commons-lang3) @ xwiki-rendering-macro-html ---
[2025-12-11 20:11:46] [build-stdout] [INFO] 
[2025-12-11 20:11:46] [build-stdout] [INFO] --- maven-enforcer-plugin:1.4.1:enforce (enforce-commons-configuration2) @ xwiki-rendering-macro-html ---
[2025-12-11 20:11:46] [build-stdout] [INFO] 
[2025-12-11 20:11:46] [build-stdout] [INFO] --- maven-enforcer-plugin:1.4.1:enforce (enforce-jakarta.activation-api) @ xwiki-rendering-macro-html ---
[2025-12-11 20:11:46] [build-stdout] [INFO] 
[2025-12-11 20:11:46] [build-stdout] [INFO] --- maven-enforcer-plugin:1.4.1:enforce (enforce-jakarta.activation) @ xwiki-rendering-macro-html ---
[2025-12-11 20:11:46] [build-stdout] [INFO] 
[2025-12-11 20:11:46] [build-stdout] [INFO] --- maven-enforcer-plugin:1.4.1:enforce (enforce-jakarta.mail-api) @ xwiki-rendering-macro-html ---
[2025-12-11 20:11:46] [build-stdout] [INFO] 
[2025-12-11 20:11:46] [build-stdout] [INFO] --- maven-enforcer-plugin:1.4.1:enforce (enforce-jakarta.mail) @ xwiki-rendering-macro-html ---
[2025-12-11 20:11:46] [build-stdout] [INFO] 
[2025-12-11 20:11:46] [build-stdout] [INFO] --- maven-enforcer-plugin:1.4.1:enforce (enforce-jakarta.annotation-api) @ xwiki-rendering-macro-html ---
[2025-12-11 20:11:46] [build-stdout] [INFO] 
[2025-12-11 20:11:46] [build-stdout] [INFO] --- maven-enforcer-plugin:1.4.1:enforce (enforce-bouncycastle-ids) @ xwiki-rendering-macro-html ---
[2025-12-11 20:11:46] [build-stdout] [INFO] 
[2025-12-11 20:11:46] [build-stdout] [INFO] --- maven-enforcer-plugin:1.4.1:enforce (enforce-velocity-engine-core) @ xwiki-rendering-macro-html ---
[2025-12-11 20:11:46] [build-stdout] [INFO] 
[2025-12-11 20:11:46] [build-stdout] [INFO] --- maven-enforcer-plugin:1.4.1:enforce (enforce-asm) @ xwiki-rendering-macro-html ---
[2025-12-11 20:11:46] [build-stdout] [INFO] 
[2025-12-11 20:11:46] [build-stdout] [INFO] --- maven-enforcer-plugin:1.4.1:enforce (enforce-cglib) @ xwiki-rendering-macro-html ---
[2025-12-11 20:11:46] [build-stdout] [INFO] 
[2025-12-11 20:11:46] [build-stdout] [INFO] --- maven-enforcer-plugin:1.4.1:enforce (enforce-javase-dependencies) @ xwiki-rendering-macro-html ---
[2025-12-11 20:11:46] [build-stdout] [INFO] 
[2025-12-11 20:11:46] [build-stdout] [INFO] --- maven-enforcer-plugin:1.4.1:enforce (enforce-jsr305) @ xwiki-rendering-macro-html ---
[2025-12-11 20:11:46] [build-stdout] [INFO] 
[2025-12-11 20:11:46] [build-stdout] [INFO] --- maven-enforcer-plugin:1.4.1:enforce (enforce-jta) @ xwiki-rendering-macro-html ---
[2025-12-11 20:11:46] [build-stdout] [INFO] 
[2025-12-11 20:11:46] [build-stdout] [INFO] --- maven-enforcer-plugin:1.4.1:enforce (enforce-jakarta.validation-api) @ xwiki-rendering-macro-html ---
[2025-12-11 20:11:46] [build-stdout] [INFO] 
[2025-12-11 20:11:46] [build-stdout] [INFO] --- maven-enforcer-plugin:1.4.1:enforce (enforce-hibernate-validator) @ xwiki-rendering-macro-html ---
[2025-12-11 20:11:46] [build-stdout] [INFO] 
[2025-12-11 20:11:46] [build-stdout] [INFO] --- maven-enforcer-plugin:1.4.1:enforce (enforce-upper-bounds) @ xwiki-rendering-macro-html ---
[2025-12-11 20:11:46] [build-stdout] [INFO] 
[2025-12-11 20:11:46] [build-stdout] [INFO] --- maven-enforcer-plugin:1.4.1:enforce (enforce-no-legacy-dependencies) @ xwiki-rendering-macro-html ---
[2025-12-11 20:11:46] [build-stdout] [INFO] 
[2025-12-11 20:11:46] [build-stdout] [INFO] --- maven-enforcer-plugin:1.4.1:enforce (enforce-valid-poms) @ xwiki-rendering-macro-html ---
[2025-12-11 20:11:46] [build-stdout] [INFO] 
[2025-12-11 20:11:46] [build-stdout] [INFO] --- maven-enforcer-plugin:1.4.1:enforce (enforce-platform-isolation) @ xwiki-rendering-macro-html ---
[2025-12-11 20:11:46] [build-stdout] [INFO] 
[2025-12-11 20:11:46] [build-stdout] [INFO] --- maven-enforcer-plugin:1.4.1:enforce (check-dependency-version) @ xwiki-rendering-macro-html ---
[2025-12-11 20:11:46] [build-stdout] [INFO] 
[2025-12-11 20:11:46] [build-stdout] [INFO] --- maven-enforcer-plugin:1.4.1:enforce (enforce-banned-dependencies) @ xwiki-rendering-macro-html ---
[2025-12-11 20:11:46] [build-stdout] [INFO] 
[2025-12-11 20:11:46] [build-stdout] [INFO] --- xwiki-commons-tool-remote-resource-plugin:14.6:process (xwiki-license-resources) @ xwiki-rendering-macro-html ---
[2025-12-11 20:11:46] [build-stdout] [INFO] Preparing remote bundle org.xwiki.commons:xwiki-commons-tool-license-resources:14.6
[2025-12-11 20:11:46] [build-stdout] [INFO] Copying 2 resources from 1 bundle.
[2025-12-11 20:11:46] [build-stdout] [INFO] 
[2025-12-11 20:11:46] [build-stdout] [INFO] --- maven-resources-plugin:3.2.0:resources (default-resources) @ xwiki-rendering-macro-html ---
[2025-12-11 20:11:46] [build-stdout] [INFO] Using 'UTF-8' encoding to copy filtered resources.
[2025-12-11 20:11:46] [build-stdout] [INFO] Using 'UTF-8' encoding to copy filtered properties files.
[2025-12-11 20:11:46] [build-stdout] [INFO] Copying 1 resource
[2025-12-11 20:11:46] [build-stdout] [INFO] Copying 2 resources
[2025-12-11 20:11:46] [build-stdout] [INFO] 
[2025-12-11 20:11:46] [build-stdout] [INFO] --- maven-compiler-plugin:3.10.1:compile (default-compile) @ xwiki-rendering-macro-html ---
[2025-12-11 20:11:46] [build-stdout] [INFO] Loaded from the build cache, saving 130ms
[2025-12-11 20:11:46] [build-stdout] [INFO] 
[2025-12-11 20:11:46] [build-stdout] [INFO] --- maven-bundle-plugin:5.1.6:manifest (bundle-manifest) @ xwiki-rendering-macro-html ---
[2025-12-11 20:11:46] [build-stdout] [INFO] No MANIFEST.MF file found, generating manifest.
[2025-12-11 20:11:47] [build-stdout] [INFO] Writing manifest: /data/iris_projects/xwiki__xwiki-rendering_CVE-2023-32070_14.6/xwiki-rendering-macros/xwiki-rendering-macro-html/target/classes/META-INF/MANIFEST.MF
[2025-12-11 20:11:47] [build-stdout] [INFO] 
[2025-12-11 20:11:47] [build-stdout] [INFO] --- maven-resources-plugin:3.2.0:testResources (default-testResources) @ xwiki-rendering-macro-html ---
[2025-12-11 20:11:47] [build-stdout] [INFO] Using 'UTF-8' encoding to copy filtered resources.
[2025-12-11 20:11:47] [build-stdout] [INFO] Using 'UTF-8' encoding to copy filtered properties files.
[2025-12-11 20:11:47] [build-stdout] [INFO] Copying 20 resources
[2025-12-11 20:11:47] [build-stdout] [INFO] Copying 2 resources
[2025-12-11 20:11:47] [build-stdout] [INFO] 
[2025-12-11 20:11:47] [build-stdout] [INFO] --- maven-compiler-plugin:3.10.1:testCompile (default-testCompile) @ xwiki-rendering-macro-html ---
[2025-12-11 20:11:47] [build-stdout] [INFO] Loaded from the build cache, saving 114ms
[2025-12-11 20:11:47] [build-stdout] [INFO] 
[2025-12-11 20:11:47] [build-stdout] [INFO] --- maven-surefire-plugin:2.22.2:test (default-test) @ xwiki-rendering-macro-html ---
[2025-12-11 20:11:47] [build-stdout] [INFO] Tests are skipped.
[2025-12-11 20:11:47] [build-stdout] [INFO] Skipped
[2025-12-11 20:11:47] [build-stdout] [INFO] 
[2025-12-11 20:11:47] [build-stdout] [INFO] --- maven-jar-plugin:3.2.2:jar (default-jar) @ xwiki-rendering-macro-html ---
[2025-12-11 20:11:47] [build-stdout] [INFO] Building jar: /data/iris_projects/xwiki__xwiki-rendering_CVE-2023-32070_14.6/xwiki-rendering-macros/xwiki-rendering-macro-html/target/xwiki-rendering-macro-html-14.6.jar
[2025-12-11 20:11:47] [build-stdout] [INFO] 
[2025-12-11 20:11:47] [build-stdout] [INFO] ------------------------------------------------------------------------
[2025-12-11 20:11:47] [build-stdout] [INFO] Building XWiki Rendering - Macro - Id 14.6
[2025-12-11 20:11:47] [build-stdout] [INFO] ------------------------------------------------------------------------
[2025-12-11 20:11:47] [build-stdout] [INFO] 
[2025-12-11 20:11:47] [build-stdout] [INFO] --- maven-clean-plugin:3.2.0:clean (default-clean) @ xwiki-rendering-macro-id ---
[2025-12-11 20:11:47] [build-stdout] [INFO] Deleting /data/iris_projects/xwiki__xwiki-rendering_CVE-2023-32070_14.6/xwiki-rendering-macros/xwiki-rendering-macro-id/target
[2025-12-11 20:11:47] [build-stdout] [INFO] 
[2025-12-11 20:11:47] [build-stdout] [INFO] --- maven-enforcer-plugin:1.4.1:enforce (enforce-plugins) @ xwiki-rendering-macro-id ---
[2025-12-11 20:11:47] [build-stdout] [INFO] 
[2025-12-11 20:11:47] [build-stdout] [INFO] --- maven-enforcer-plugin:1.4.1:enforce (enforce-jcl-log4j-isolation) @ xwiki-rendering-macro-id ---
[2025-12-11 20:11:47] [build-stdout] [INFO] 
[2025-12-11 20:11:47] [build-stdout] [INFO] --- maven-enforcer-plugin:1.4.1:enforce (enforce-jakarta.xml.bind-api) @ xwiki-rendering-macro-id ---
[2025-12-11 20:11:47] [build-stdout] [INFO] 
[2025-12-11 20:11:47] [build-stdout] [INFO] --- maven-enforcer-plugin:1.4.1:enforce (enforce-glasshfish-jaxb) @ xwiki-rendering-macro-id ---
[2025-12-11 20:11:47] [build-stdout] [INFO] 
[2025-12-11 20:11:47] [build-stdout] [INFO] --- maven-enforcer-plugin:1.4.1:enforce (enforce-jaxrs1) @ xwiki-rendering-macro-id ---
[2025-12-11 20:11:47] [build-stdout] [INFO] 
[2025-12-11 20:11:47] [build-stdout] [INFO] --- maven-enforcer-plugin:1.4.1:enforce (enforce-open-json) @ xwiki-rendering-macro-id ---
[2025-12-11 20:11:47] [build-stdout] [INFO] 
[2025-12-11 20:11:47] [build-stdout] [INFO] --- maven-enforcer-plugin:1.4.1:enforce (enforce-glassfish-el) @ xwiki-rendering-macro-id ---
[2025-12-11 20:11:47] [build-stdout] [INFO] 
[2025-12-11 20:11:47] [build-stdout] [INFO] --- maven-enforcer-plugin:1.4.1:enforce (enforce-commons-lang3) @ xwiki-rendering-macro-id ---
[2025-12-11 20:11:47] [build-stdout] [INFO] 
[2025-12-11 20:11:47] [build-stdout] [INFO] --- maven-enforcer-plugin:1.4.1:enforce (enforce-commons-configuration2) @ xwiki-rendering-macro-id ---
[2025-12-11 20:11:47] [build-stdout] [INFO] 
[2025-12-11 20:11:47] [build-stdout] [INFO] --- maven-enforcer-plugin:1.4.1:enforce (enforce-jakarta.activation-api) @ xwiki-rendering-macro-id ---
[2025-12-11 20:11:47] [build-stdout] [INFO] 
[2025-12-11 20:11:47] [build-stdout] [INFO] --- maven-enforcer-plugin:1.4.1:enforce (enforce-jakarta.activation) @ xwiki-rendering-macro-id ---
[2025-12-11 20:11:47] [build-stdout] [INFO] 
[2025-12-11 20:11:47] [build-stdout] [INFO] --- maven-enforcer-plugin:1.4.1:enforce (enforce-jakarta.mail-api) @ xwiki-rendering-macro-id ---
[2025-12-11 20:11:47] [build-stdout] [INFO] 
[2025-12-11 20:11:47] [build-stdout] [INFO] --- maven-enforcer-plugin:1.4.1:enforce (enforce-jakarta.mail) @ xwiki-rendering-macro-id ---
[2025-12-11 20:11:47] [build-stdout] [INFO] 
[2025-12-11 20:11:47] [build-stdout] [INFO] --- maven-enforcer-plugin:1.4.1:enforce (enforce-jakarta.annotation-api) @ xwiki-rendering-macro-id ---
[2025-12-11 20:11:47] [build-stdout] [INFO] 
[2025-12-11 20:11:47] [build-stdout] [INFO] --- maven-enforcer-plugin:1.4.1:enforce (enforce-bouncycastle-ids) @ xwiki-rendering-macro-id ---
[2025-12-11 20:11:47] [build-stdout] [INFO] 
[2025-12-11 20:11:47] [build-stdout] [INFO] --- maven-enforcer-plugin:1.4.1:enforce (enforce-velocity-engine-core) @ xwiki-rendering-macro-id ---
[2025-12-11 20:11:47] [build-stdout] [INFO] 
[2025-12-11 20:11:47] [build-stdout] [INFO] --- maven-enforcer-plugin:1.4.1:enforce (enforce-asm) @ xwiki-rendering-macro-id ---
[2025-12-11 20:11:47] [build-stdout] [INFO] 
[2025-12-11 20:11:47] [build-stdout] [INFO] --- maven-enforcer-plugin:1.4.1:enforce (enforce-cglib) @ xwiki-rendering-macro-id ---
[2025-12-11 20:11:47] [build-stdout] [INFO] 
[2025-12-11 20:11:47] [build-stdout] [INFO] --- maven-enforcer-plugin:1.4.1:enforce (enforce-javase-dependencies) @ xwiki-rendering-macro-id ---
[2025-12-11 20:11:47] [build-stdout] [INFO] 
[2025-12-11 20:11:47] [build-stdout] [INFO] --- maven-enforcer-plugin:1.4.1:enforce (enforce-jsr305) @ xwiki-rendering-macro-id ---
[2025-12-11 20:11:47] [build-stdout] [INFO] 
[2025-12-11 20:11:47] [build-stdout] [INFO] --- maven-enforcer-plugin:1.4.1:enforce (enforce-jta) @ xwiki-rendering-macro-id ---
[2025-12-11 20:11:47] [build-stdout] [INFO] 
[2025-12-11 20:11:47] [build-stdout] [INFO] --- maven-enforcer-plugin:1.4.1:enforce (enforce-jakarta.validation-api) @ xwiki-rendering-macro-id ---
[2025-12-11 20:11:47] [build-stdout] [INFO] 
[2025-12-11 20:11:47] [build-stdout] [INFO] --- maven-enforcer-plugin:1.4.1:enforce (enforce-hibernate-validator) @ xwiki-rendering-macro-id ---
[2025-12-11 20:11:47] [build-stdout] [INFO] 
[2025-12-11 20:11:47] [build-stdout] [INFO] --- maven-enforcer-plugin:1.4.1:enforce (enforce-upper-bounds) @ xwiki-rendering-macro-id ---
[2025-12-11 20:11:47] [build-stdout] [INFO] 
[2025-12-11 20:11:47] [build-stdout] [INFO] --- maven-enforcer-plugin:1.4.1:enforce (enforce-no-legacy-dependencies) @ xwiki-rendering-macro-id ---
[2025-12-11 20:11:47] [build-stdout] [INFO] 
[2025-12-11 20:11:47] [build-stdout] [INFO] --- maven-enforcer-plugin:1.4.1:enforce (enforce-valid-poms) @ xwiki-rendering-macro-id ---
[2025-12-11 20:11:47] [build-stdout] [INFO] 
[2025-12-11 20:11:47] [build-stdout] [INFO] --- maven-enforcer-plugin:1.4.1:enforce (enforce-platform-isolation) @ xwiki-rendering-macro-id ---
[2025-12-11 20:11:47] [build-stdout] [INFO] 
[2025-12-11 20:11:47] [build-stdout] [INFO] --- maven-enforcer-plugin:1.4.1:enforce (check-dependency-version) @ xwiki-rendering-macro-id ---
[2025-12-11 20:11:47] [build-stdout] [INFO] 
[2025-12-11 20:11:47] [build-stdout] [INFO] --- maven-enforcer-plugin:1.4.1:enforce (enforce-banned-dependencies) @ xwiki-rendering-macro-id ---
[2025-12-11 20:11:47] [build-stdout] [INFO] 
[2025-12-11 20:11:47] [build-stdout] [INFO] --- xwiki-commons-tool-remote-resource-plugin:14.6:process (xwiki-license-resources) @ xwiki-rendering-macro-id ---
[2025-12-11 20:11:47] [build-stdout] [INFO] Preparing remote bundle org.xwiki.commons:xwiki-commons-tool-license-resources:14.6
[2025-12-11 20:11:47] [build-stdout] [INFO] Copying 2 resources from 1 bundle.
[2025-12-11 20:11:47] [build-stdout] [INFO] 
[2025-12-11 20:11:47] [build-stdout] [INFO] --- maven-resources-plugin:3.2.0:resources (default-resources) @ xwiki-rendering-macro-id ---
[2025-12-11 20:11:47] [build-stdout] [INFO] Using 'UTF-8' encoding to copy filtered resources.
[2025-12-11 20:11:47] [build-stdout] [INFO] Using 'UTF-8' encoding to copy filtered properties files.
[2025-12-11 20:11:47] [build-stdout] [INFO] Copying 1 resource
[2025-12-11 20:11:47] [build-stdout] [INFO] Copying 2 resources
[2025-12-11 20:11:47] [build-stdout] [INFO] 
[2025-12-11 20:11:47] [build-stdout] [INFO] --- maven-compiler-plugin:3.10.1:compile (default-compile) @ xwiki-rendering-macro-id ---
[2025-12-11 20:11:47] [build-stdout] [INFO] Loaded from the build cache, saving 88ms
[2025-12-11 20:11:47] [build-stdout] [INFO] 
[2025-12-11 20:11:47] [build-stdout] [INFO] --- maven-bundle-plugin:5.1.6:manifest (bundle-manifest) @ xwiki-rendering-macro-id ---
[2025-12-11 20:11:47] [build-stdout] [INFO] No MANIFEST.MF file found, generating manifest.
[2025-12-11 20:11:47] [build-stdout] [INFO] Writing manifest: /data/iris_projects/xwiki__xwiki-rendering_CVE-2023-32070_14.6/xwiki-rendering-macros/xwiki-rendering-macro-id/target/classes/META-INF/MANIFEST.MF
[2025-12-11 20:11:47] [build-stdout] [INFO] 
[2025-12-11 20:11:47] [build-stdout] [INFO] --- maven-resources-plugin:3.2.0:testResources (default-testResources) @ xwiki-rendering-macro-id ---
[2025-12-11 20:11:47] [build-stdout] [INFO] Using 'UTF-8' encoding to copy filtered resources.
[2025-12-11 20:11:47] [build-stdout] [INFO] Using 'UTF-8' encoding to copy filtered properties files.
[2025-12-11 20:11:47] [build-stdout] [INFO] Copying 3 resources
[2025-12-11 20:11:47] [build-stdout] [INFO] Copying 2 resources
[2025-12-11 20:11:47] [build-stdout] [INFO] 
[2025-12-11 20:11:47] [build-stdout] [INFO] --- maven-compiler-plugin:3.10.1:testCompile (default-testCompile) @ xwiki-rendering-macro-id ---
[2025-12-11 20:11:47] [build-stdout] [INFO] Loaded from the build cache, saving 108ms
[2025-12-11 20:11:47] [build-stdout] [INFO] 
[2025-12-11 20:11:47] [build-stdout] [INFO] --- maven-surefire-plugin:2.22.2:test (default-test) @ xwiki-rendering-macro-id ---
[2025-12-11 20:11:47] [build-stdout] [INFO] Tests are skipped.
[2025-12-11 20:11:47] [build-stdout] [INFO] Skipped
[2025-12-11 20:11:47] [build-stdout] [INFO] 
[2025-12-11 20:11:47] [build-stdout] [INFO] --- maven-jar-plugin:3.2.2:jar (default-jar) @ xwiki-rendering-macro-id ---
[2025-12-11 20:11:47] [build-stdout] [INFO] Building jar: /data/iris_projects/xwiki__xwiki-rendering_CVE-2023-32070_14.6/xwiki-rendering-macros/xwiki-rendering-macro-id/target/xwiki-rendering-macro-id-14.6.jar
[2025-12-11 20:11:47] [build-stdout] [INFO] 
[2025-12-11 20:11:47] [build-stdout] [INFO] ------------------------------------------------------------------------
[2025-12-11 20:11:47] [build-stdout] [INFO] Building XWiki Rendering - Macro - Raw 14.6
[2025-12-11 20:11:47] [build-stdout] [INFO] ------------------------------------------------------------------------
[2025-12-11 20:11:47] [build-stdout] [INFO] 
[2025-12-11 20:11:47] [build-stdout] [INFO] --- maven-clean-plugin:3.2.0:clean (default-clean) @ xwiki-rendering-macro-raw ---
[2025-12-11 20:11:47] [build-stdout] [INFO] Deleting /data/iris_projects/xwiki__xwiki-rendering_CVE-2023-32070_14.6/xwiki-rendering-macros/xwiki-rendering-macro-raw/target
[2025-12-11 20:11:47] [build-stdout] [INFO] 
[2025-12-11 20:11:47] [build-stdout] [INFO] --- maven-enforcer-plugin:1.4.1:enforce (enforce-plugins) @ xwiki-rendering-macro-raw ---
[2025-12-11 20:11:47] [build-stdout] [INFO] 
[2025-12-11 20:11:47] [build-stdout] [INFO] --- maven-enforcer-plugin:1.4.1:enforce (enforce-jcl-log4j-isolation) @ xwiki-rendering-macro-raw ---
[2025-12-11 20:11:47] [build-stdout] [INFO] 
[2025-12-11 20:11:47] [build-stdout] [INFO] --- maven-enforcer-plugin:1.4.1:enforce (enforce-jakarta.xml.bind-api) @ xwiki-rendering-macro-raw ---
[2025-12-11 20:11:47] [build-stdout] [INFO] 
[2025-12-11 20:11:47] [build-stdout] [INFO] --- maven-enforcer-plugin:1.4.1:enforce (enforce-glasshfish-jaxb) @ xwiki-rendering-macro-raw ---
[2025-12-11 20:11:47] [build-stdout] [INFO] 
[2025-12-11 20:11:47] [build-stdout] [INFO] --- maven-enforcer-plugin:1.4.1:enforce (enforce-jaxrs1) @ xwiki-rendering-macro-raw ---
[2025-12-11 20:11:47] [build-stdout] [INFO] 
[2025-12-11 20:11:47] [build-stdout] [INFO] --- maven-enforcer-plugin:1.4.1:enforce (enforce-open-json) @ xwiki-rendering-macro-raw ---
[2025-12-11 20:11:47] [build-stdout] [INFO] 
[2025-12-11 20:11:47] [build-stdout] [INFO] --- maven-enforcer-plugin:1.4.1:enforce (enforce-glassfish-el) @ xwiki-rendering-macro-raw ---
[2025-12-11 20:11:47] [build-stdout] [INFO] 
[2025-12-11 20:11:47] [build-stdout] [INFO] --- maven-enforcer-plugin:1.4.1:enforce (enforce-commons-lang3) @ xwiki-rendering-macro-raw ---
[2025-12-11 20:11:47] [build-stdout] [INFO] 
[2025-12-11 20:11:47] [build-stdout] [INFO] --- maven-enforcer-plugin:1.4.1:enforce (enforce-commons-configuration2) @ xwiki-rendering-macro-raw ---
[2025-12-11 20:11:47] [build-stdout] [INFO] 
[2025-12-11 20:11:47] [build-stdout] [INFO] --- maven-enforcer-plugin:1.4.1:enforce (enforce-jakarta.activation-api) @ xwiki-rendering-macro-raw ---
[2025-12-11 20:11:47] [build-stdout] [INFO] 
[2025-12-11 20:11:47] [build-stdout] [INFO] --- maven-enforcer-plugin:1.4.1:enforce (enforce-jakarta.activation) @ xwiki-rendering-macro-raw ---
[2025-12-11 20:11:47] [build-stdout] [INFO] 
[2025-12-11 20:11:47] [build-stdout] [INFO] --- maven-enforcer-plugin:1.4.1:enforce (enforce-jakarta.mail-api) @ xwiki-rendering-macro-raw ---
[2025-12-11 20:11:47] [build-stdout] [INFO] 
[2025-12-11 20:11:47] [build-stdout] [INFO] --- maven-enforcer-plugin:1.4.1:enforce (enforce-jakarta.mail) @ xwiki-rendering-macro-raw ---
[2025-12-11 20:11:48] [build-stdout] [INFO] 
[2025-12-11 20:11:48] [build-stdout] [INFO] --- maven-enforcer-plugin:1.4.1:enforce (enforce-jakarta.annotation-api) @ xwiki-rendering-macro-raw ---
[2025-12-11 20:11:48] [build-stdout] [INFO] 
[2025-12-11 20:11:48] [build-stdout] [INFO] --- maven-enforcer-plugin:1.4.1:enforce (enforce-bouncycastle-ids) @ xwiki-rendering-macro-raw ---
[2025-12-11 20:11:48] [build-stdout] [INFO] 
[2025-12-11 20:11:48] [build-stdout] [INFO] --- maven-enforcer-plugin:1.4.1:enforce (enforce-velocity-engine-core) @ xwiki-rendering-macro-raw ---
[2025-12-11 20:11:48] [build-stdout] [INFO] 
[2025-12-11 20:11:48] [build-stdout] [INFO] --- maven-enforcer-plugin:1.4.1:enforce (enforce-asm) @ xwiki-rendering-macro-raw ---
[2025-12-11 20:11:48] [build-stdout] [INFO] 
[2025-12-11 20:11:48] [build-stdout] [INFO] --- maven-enforcer-plugin:1.4.1:enforce (enforce-cglib) @ xwiki-rendering-macro-raw ---
[2025-12-11 20:11:48] [build-stdout] [INFO] 
[2025-12-11 20:11:48] [build-stdout] [INFO] --- maven-enforcer-plugin:1.4.1:enforce (enforce-javase-dependencies) @ xwiki-rendering-macro-raw ---
[2025-12-11 20:11:48] [build-stdout] [INFO] 
[2025-12-11 20:11:48] [build-stdout] [INFO] --- maven-enforcer-plugin:1.4.1:enforce (enforce-jsr305) @ xwiki-rendering-macro-raw ---
[2025-12-11 20:11:48] [build-stdout] [INFO] 
[2025-12-11 20:11:48] [build-stdout] [INFO] --- maven-enforcer-plugin:1.4.1:enforce (enforce-jta) @ xwiki-rendering-macro-raw ---
[2025-12-11 20:11:48] [build-stdout] [INFO] 
[2025-12-11 20:11:48] [build-stdout] [INFO] --- maven-enforcer-plugin:1.4.1:enforce (enforce-jakarta.validation-api) @ xwiki-rendering-macro-raw ---
[2025-12-11 20:11:48] [build-stdout] [INFO] 
[2025-12-11 20:11:48] [build-stdout] [INFO] --- maven-enforcer-plugin:1.4.1:enforce (enforce-hibernate-validator) @ xwiki-rendering-macro-raw ---
[2025-12-11 20:11:48] [build-stdout] [INFO] 
[2025-12-11 20:11:48] [build-stdout] [INFO] --- maven-enforcer-plugin:1.4.1:enforce (enforce-upper-bounds) @ xwiki-rendering-macro-raw ---
[2025-12-11 20:11:48] [build-stdout] [INFO] 
[2025-12-11 20:11:48] [build-stdout] [INFO] --- maven-enforcer-plugin:1.4.1:enforce (enforce-no-legacy-dependencies) @ xwiki-rendering-macro-raw ---
[2025-12-11 20:11:48] [build-stdout] [INFO] 
[2025-12-11 20:11:48] [build-stdout] [INFO] --- maven-enforcer-plugin:1.4.1:enforce (enforce-valid-poms) @ xwiki-rendering-macro-raw ---
[2025-12-11 20:11:48] [build-stdout] [INFO] 
[2025-12-11 20:11:48] [build-stdout] [INFO] --- maven-enforcer-plugin:1.4.1:enforce (enforce-platform-isolation) @ xwiki-rendering-macro-raw ---
[2025-12-11 20:11:48] [build-stdout] [INFO] 
[2025-12-11 20:11:48] [build-stdout] [INFO] --- maven-enforcer-plugin:1.4.1:enforce (check-dependency-version) @ xwiki-rendering-macro-raw ---
[2025-12-11 20:11:48] [build-stdout] [INFO] 
[2025-12-11 20:11:48] [build-stdout] [INFO] --- maven-enforcer-plugin:1.4.1:enforce (enforce-banned-dependencies) @ xwiki-rendering-macro-raw ---
[2025-12-11 20:11:48] [build-stdout] [INFO] 
[2025-12-11 20:11:48] [build-stdout] [INFO] --- xwiki-commons-tool-remote-resource-plugin:14.6:process (xwiki-license-resources) @ xwiki-rendering-macro-raw ---
[2025-12-11 20:11:48] [build-stdout] [INFO] Preparing remote bundle org.xwiki.commons:xwiki-commons-tool-license-resources:14.6
[2025-12-11 20:11:48] [build-stdout] [INFO] Copying 2 resources from 1 bundle.
[2025-12-11 20:11:48] [build-stdout] [INFO] 
[2025-12-11 20:11:48] [build-stdout] [INFO] --- maven-resources-plugin:3.2.0:resources (default-resources) @ xwiki-rendering-macro-raw ---
[2025-12-11 20:11:48] [build-stdout] [INFO] Using 'UTF-8' encoding to copy filtered resources.
[2025-12-11 20:11:48] [build-stdout] [INFO] Using 'UTF-8' encoding to copy filtered properties files.
[2025-12-11 20:11:48] [build-stdout] [INFO] Copying 2 resources
[2025-12-11 20:11:48] [build-stdout] [INFO] Copying 2 resources
[2025-12-11 20:11:48] [build-stdout] [INFO] 
[2025-12-11 20:11:48] [build-stdout] [INFO] --- maven-compiler-plugin:3.10.1:compile (default-compile) @ xwiki-rendering-macro-raw ---
[2025-12-11 20:11:48] [build-stdout] [INFO] Loaded from the build cache, saving 70ms
[2025-12-11 20:11:48] [build-stdout] [INFO] 
[2025-12-11 20:11:48] [build-stdout] [INFO] --- maven-bundle-plugin:5.1.6:manifest (bundle-manifest) @ xwiki-rendering-macro-raw ---
[2025-12-11 20:11:48] [build-stdout] [INFO] No MANIFEST.MF file found, generating manifest.
[2025-12-11 20:11:48] [build-stdout] [INFO] Writing manifest: /data/iris_projects/xwiki__xwiki-rendering_CVE-2023-32070_14.6/xwiki-rendering-macros/xwiki-rendering-macro-raw/target/classes/META-INF/MANIFEST.MF
[2025-12-11 20:11:48] [build-stdout] [INFO] 
[2025-12-11 20:11:48] [build-stdout] [INFO] --- maven-resources-plugin:3.2.0:testResources (default-testResources) @ xwiki-rendering-macro-raw ---
[2025-12-11 20:11:48] [build-stdout] [INFO] Using 'UTF-8' encoding to copy filtered resources.
[2025-12-11 20:11:48] [build-stdout] [INFO] Using 'UTF-8' encoding to copy filtered properties files.
[2025-12-11 20:11:48] [build-stdout] [INFO] Copying 2 resources
[2025-12-11 20:11:48] [build-stdout] [INFO] Copying 2 resources
[2025-12-11 20:11:48] [build-stdout] [INFO] 
[2025-12-11 20:11:48] [build-stdout] [INFO] --- maven-compiler-plugin:3.10.1:testCompile (default-testCompile) @ xwiki-rendering-macro-raw ---
[2025-12-11 20:11:48] [build-stdout] [INFO] Loaded from the build cache, saving 107ms
[2025-12-11 20:11:48] [build-stdout] [INFO] 
[2025-12-11 20:11:48] [build-stdout] [INFO] --- maven-surefire-plugin:2.22.2:test (default-test) @ xwiki-rendering-macro-raw ---
[2025-12-11 20:11:48] [build-stdout] [INFO] Tests are skipped.
[2025-12-11 20:11:48] [build-stdout] [INFO] Skipped
[2025-12-11 20:11:48] [build-stdout] [INFO] 
[2025-12-11 20:11:48] [build-stdout] [INFO] --- maven-jar-plugin:3.2.2:jar (default-jar) @ xwiki-rendering-macro-raw ---
[2025-12-11 20:11:48] [build-stdout] [INFO] Building jar: /data/iris_projects/xwiki__xwiki-rendering_CVE-2023-32070_14.6/xwiki-rendering-macros/xwiki-rendering-macro-raw/target/xwiki-rendering-macro-raw-14.6.jar
[2025-12-11 20:11:48] [build-stdout] [INFO] 
[2025-12-11 20:11:48] [build-stdout] [INFO] ------------------------------------------------------------------------
[2025-12-11 20:11:48] [build-stdout] [INFO] Building XWiki Rendering - Syntax - APT 14.6
[2025-12-11 20:11:48] [build-stdout] [INFO] ------------------------------------------------------------------------
[2025-12-11 20:11:48] [build-stdout] [INFO] 
[2025-12-11 20:11:48] [build-stdout] [INFO] --- maven-clean-plugin:3.2.0:clean (default-clean) @ xwiki-rendering-syntax-apt ---
[2025-12-11 20:11:48] [build-stdout] [INFO] Deleting /data/iris_projects/xwiki__xwiki-rendering_CVE-2023-32070_14.6/xwiki-rendering-syntaxes/xwiki-rendering-syntax-apt/target
[2025-12-11 20:11:48] [build-stdout] [INFO] 
[2025-12-11 20:11:48] [build-stdout] [INFO] --- maven-enforcer-plugin:1.4.1:enforce (enforce-plugins) @ xwiki-rendering-syntax-apt ---
[2025-12-11 20:11:48] [build-stdout] [INFO] 
[2025-12-11 20:11:48] [build-stdout] [INFO] --- maven-enforcer-plugin:1.4.1:enforce (enforce-jcl-log4j-isolation) @ xwiki-rendering-syntax-apt ---
[2025-12-11 20:11:48] [build-stdout] [INFO] 
[2025-12-11 20:11:48] [build-stdout] [INFO] --- maven-enforcer-plugin:1.4.1:enforce (enforce-jakarta.xml.bind-api) @ xwiki-rendering-syntax-apt ---
[2025-12-11 20:11:48] [build-stdout] [INFO] 
[2025-12-11 20:11:48] [build-stdout] [INFO] --- maven-enforcer-plugin:1.4.1:enforce (enforce-glasshfish-jaxb) @ xwiki-rendering-syntax-apt ---
[2025-12-11 20:11:48] [build-stdout] [INFO] 
[2025-12-11 20:11:48] [build-stdout] [INFO] --- maven-enforcer-plugin:1.4.1:enforce (enforce-jaxrs1) @ xwiki-rendering-syntax-apt ---
[2025-12-11 20:11:48] [build-stdout] [INFO] 
[2025-12-11 20:11:48] [build-stdout] [INFO] --- maven-enforcer-plugin:1.4.1:enforce (enforce-open-json) @ xwiki-rendering-syntax-apt ---
[2025-12-11 20:11:48] [build-stdout] [INFO] 
[2025-12-11 20:11:48] [build-stdout] [INFO] --- maven-enforcer-plugin:1.4.1:enforce (enforce-glassfish-el) @ xwiki-rendering-syntax-apt ---
[2025-12-11 20:11:48] [build-stdout] [INFO] 
[2025-12-11 20:11:48] [build-stdout] [INFO] --- maven-enforcer-plugin:1.4.1:enforce (enforce-commons-lang3) @ xwiki-rendering-syntax-apt ---
[2025-12-11 20:11:48] [build-stdout] [INFO] 
[2025-12-11 20:11:48] [build-stdout] [INFO] --- maven-enforcer-plugin:1.4.1:enforce (enforce-commons-configuration2) @ xwiki-rendering-syntax-apt ---
[2025-12-11 20:11:48] [build-stdout] [INFO] 
[2025-12-11 20:11:48] [build-stdout] [INFO] --- maven-enforcer-plugin:1.4.1:enforce (enforce-jakarta.activation-api) @ xwiki-rendering-syntax-apt ---
[2025-12-11 20:11:48] [build-stdout] [INFO] 
[2025-12-11 20:11:48] [build-stdout] [INFO] --- maven-enforcer-plugin:1.4.1:enforce (enforce-jakarta.activation) @ xwiki-rendering-syntax-apt ---
[2025-12-11 20:11:48] [build-stdout] [INFO] 
[2025-12-11 20:11:48] [build-stdout] [INFO] --- maven-enforcer-plugin:1.4.1:enforce (enforce-jakarta.mail-api) @ xwiki-rendering-syntax-apt ---
[2025-12-11 20:11:48] [build-stdout] [INFO] 
[2025-12-11 20:11:48] [build-stdout] [INFO] --- maven-enforcer-plugin:1.4.1:enforce (enforce-jakarta.mail) @ xwiki-rendering-syntax-apt ---
[2025-12-11 20:11:48] [build-stdout] [INFO] 
[2025-12-11 20:11:48] [build-stdout] [INFO] --- maven-enforcer-plugin:1.4.1:enforce (enforce-jakarta.annotation-api) @ xwiki-rendering-syntax-apt ---
[2025-12-11 20:11:48] [build-stdout] [INFO] 
[2025-12-11 20:11:48] [build-stdout] [INFO] --- maven-enforcer-plugin:1.4.1:enforce (enforce-bouncycastle-ids) @ xwiki-rendering-syntax-apt ---
[2025-12-11 20:11:48] [build-stdout] [INFO] 
[2025-12-11 20:11:48] [build-stdout] [INFO] --- maven-enforcer-plugin:1.4.1:enforce (enforce-velocity-engine-core) @ xwiki-rendering-syntax-apt ---
[2025-12-11 20:11:48] [build-stdout] [INFO] 
[2025-12-11 20:11:48] [build-stdout] [INFO] --- maven-enforcer-plugin:1.4.1:enforce (enforce-asm) @ xwiki-rendering-syntax-apt ---
[2025-12-11 20:11:48] [build-stdout] [INFO] 
[2025-12-11 20:11:48] [build-stdout] [INFO] --- maven-enforcer-plugin:1.4.1:enforce (enforce-cglib) @ xwiki-rendering-syntax-apt ---
[2025-12-11 20:11:48] [build-stdout] [INFO] 
[2025-12-11 20:11:48] [build-stdout] [INFO] --- maven-enforcer-plugin:1.4.1:enforce (enforce-javase-dependencies) @ xwiki-rendering-syntax-apt ---
[2025-12-11 20:11:48] [build-stdout] [INFO] 
[2025-12-11 20:11:48] [build-stdout] [INFO] --- maven-enforcer-plugin:1.4.1:enforce (enforce-jsr305) @ xwiki-rendering-syntax-apt ---
[2025-12-11 20:11:48] [build-stdout] [INFO] 
[2025-12-11 20:11:48] [build-stdout] [INFO] --- maven-enforcer-plugin:1.4.1:enforce (enforce-jta) @ xwiki-rendering-syntax-apt ---
[2025-12-11 20:11:48] [build-stdout] [INFO] 
[2025-12-11 20:11:48] [build-stdout] [INFO] --- maven-enforcer-plugin:1.4.1:enforce (enforce-jakarta.validation-api) @ xwiki-rendering-syntax-apt ---
[2025-12-11 20:11:48] [build-stdout] [INFO] 
[2025-12-11 20:11:48] [build-stdout] [INFO] --- maven-enforcer-plugin:1.4.1:enforce (enforce-hibernate-validator) @ xwiki-rendering-syntax-apt ---
[2025-12-11 20:11:48] [build-stdout] [INFO] 
[2025-12-11 20:11:48] [build-stdout] [INFO] --- maven-enforcer-plugin:1.4.1:enforce (enforce-upper-bounds) @ xwiki-rendering-syntax-apt ---
[2025-12-11 20:11:48] [build-stdout] [INFO] 
[2025-12-11 20:11:48] [build-stdout] [INFO] --- maven-enforcer-plugin:1.4.1:enforce (enforce-no-legacy-dependencies) @ xwiki-rendering-syntax-apt ---
[2025-12-11 20:11:48] [build-stdout] [INFO] 
[2025-12-11 20:11:48] [build-stdout] [INFO] --- maven-enforcer-plugin:1.4.1:enforce (enforce-valid-poms) @ xwiki-rendering-syntax-apt ---
[2025-12-11 20:11:48] [build-stdout] [INFO] 
[2025-12-11 20:11:48] [build-stdout] [INFO] --- maven-enforcer-plugin:1.4.1:enforce (enforce-platform-isolation) @ xwiki-rendering-syntax-apt ---
[2025-12-11 20:11:48] [build-stdout] [INFO] 
[2025-12-11 20:11:48] [build-stdout] [INFO] --- maven-enforcer-plugin:1.4.1:enforce (check-dependency-version) @ xwiki-rendering-syntax-apt ---
[2025-12-11 20:11:48] [build-stdout] [INFO] 
[2025-12-11 20:11:48] [build-stdout] [INFO] --- xwiki-commons-tool-remote-resource-plugin:14.6:process (xwiki-license-resources) @ xwiki-rendering-syntax-apt ---
[2025-12-11 20:11:48] [build-stdout] [INFO] Preparing remote bundle org.xwiki.commons:xwiki-commons-tool-license-resources:14.6
[2025-12-11 20:11:48] [build-stdout] [INFO] Copying 2 resources from 1 bundle.
[2025-12-11 20:11:49] [build-stdout] [INFO] 
[2025-12-11 20:11:49] [build-stdout] [INFO] --- maven-resources-plugin:3.2.0:resources (default-resources) @ xwiki-rendering-syntax-apt ---
[2025-12-11 20:11:49] [build-stdout] [INFO] Using 'UTF-8' encoding to copy filtered resources.
[2025-12-11 20:11:49] [build-stdout] [INFO] Using 'UTF-8' encoding to copy filtered properties files.
[2025-12-11 20:11:49] [build-stdout] [INFO] Copying 1 resource
[2025-12-11 20:11:49] [build-stdout] [INFO] Copying 2 resources
[2025-12-11 20:11:49] [build-stdout] [INFO] 
[2025-12-11 20:11:49] [build-stdout] [INFO] --- maven-compiler-plugin:3.10.1:compile (default-compile) @ xwiki-rendering-syntax-apt ---
[2025-12-11 20:11:49] [build-stdout] [INFO] Loaded from the build cache, saving 99ms
[2025-12-11 20:11:49] [build-stdout] [INFO] 
[2025-12-11 20:11:49] [build-stdout] [INFO] --- maven-bundle-plugin:5.1.6:manifest (bundle-manifest) @ xwiki-rendering-syntax-apt ---
[2025-12-11 20:11:49] [build-stdout] [INFO] No MANIFEST.MF file found, generating manifest.
[2025-12-11 20:11:49] [build-stdout] [INFO] Writing manifest: /data/iris_projects/xwiki__xwiki-rendering_CVE-2023-32070_14.6/xwiki-rendering-syntaxes/xwiki-rendering-syntax-apt/target/classes/META-INF/MANIFEST.MF
[2025-12-11 20:11:49] [build-stdout] [INFO] 
[2025-12-11 20:11:49] [build-stdout] [INFO] --- maven-resources-plugin:3.2.0:testResources (default-testResources) @ xwiki-rendering-syntax-apt ---
[2025-12-11 20:11:49] [build-stdout] [INFO] Using 'UTF-8' encoding to copy filtered resources.
[2025-12-11 20:11:49] [build-stdout] [INFO] Using 'UTF-8' encoding to copy filtered properties files.
[2025-12-11 20:11:49] [build-stdout] [INFO] Copying 18 resources
[2025-12-11 20:11:49] [build-stdout] [INFO] Copying 2 resources
[2025-12-11 20:11:49] [build-stdout] [INFO] 
[2025-12-11 20:11:49] [build-stdout] [INFO] --- maven-compiler-plugin:3.10.1:testCompile (default-testCompile) @ xwiki-rendering-syntax-apt ---
[2025-12-11 20:11:49] [build-stdout] [INFO] Loaded from the build cache, saving 115ms
[2025-12-11 20:11:49] [build-stdout] [INFO] 
[2025-12-11 20:11:49] [build-stdout] [INFO] --- maven-surefire-plugin:2.22.2:test (default-test) @ xwiki-rendering-syntax-apt ---
[2025-12-11 20:11:49] [build-stdout] [INFO] Tests are skipped.
[2025-12-11 20:11:49] [build-stdout] [INFO] Skipped
[2025-12-11 20:11:49] [build-stdout] [INFO] 
[2025-12-11 20:11:49] [build-stdout] [INFO] --- maven-jar-plugin:3.2.2:jar (default-jar) @ xwiki-rendering-syntax-apt ---
[2025-12-11 20:11:49] [build-stdout] [INFO] Building jar: /data/iris_projects/xwiki__xwiki-rendering_CVE-2023-32070_14.6/xwiki-rendering-syntaxes/xwiki-rendering-syntax-apt/target/xwiki-rendering-syntax-apt-14.6.jar
[2025-12-11 20:11:49] [build-stdout] [INFO] 
[2025-12-11 20:11:49] [build-stdout] [INFO] ------------------------------------------------------------------------
[2025-12-11 20:11:49] [build-stdout] [INFO] Building XWiki Rendering - Transformation - Icon 14.6
[2025-12-11 20:11:49] [build-stdout] [INFO] ------------------------------------------------------------------------
[2025-12-11 20:11:49] [build-stdout] [INFO] 
[2025-12-11 20:11:49] [build-stdout] [INFO] --- maven-clean-plugin:3.2.0:clean (default-clean) @ xwiki-rendering-transformation-icon ---
[2025-12-11 20:11:49] [build-stdout] [INFO] Deleting /data/iris_projects/xwiki__xwiki-rendering_CVE-2023-32070_14.6/xwiki-rendering-transformations/xwiki-rendering-transformation-icon/target
[2025-12-11 20:11:49] [build-stdout] [INFO] 
[2025-12-11 20:11:49] [build-stdout] [INFO] --- maven-enforcer-plugin:1.4.1:enforce (enforce-plugins) @ xwiki-rendering-transformation-icon ---
[2025-12-11 20:11:49] [build-stdout] [INFO] 
[2025-12-11 20:11:49] [build-stdout] [INFO] --- maven-enforcer-plugin:1.4.1:enforce (enforce-jcl-log4j-isolation) @ xwiki-rendering-transformation-icon ---
[2025-12-11 20:11:49] [build-stdout] [INFO] 
[2025-12-11 20:11:49] [build-stdout] [INFO] --- maven-enforcer-plugin:1.4.1:enforce (enforce-jakarta.xml.bind-api) @ xwiki-rendering-transformation-icon ---
[2025-12-11 20:11:49] [build-stdout] [INFO] 
[2025-12-11 20:11:49] [build-stdout] [INFO] --- maven-enforcer-plugin:1.4.1:enforce (enforce-glasshfish-jaxb) @ xwiki-rendering-transformation-icon ---
[2025-12-11 20:11:49] [build-stdout] [INFO] 
[2025-12-11 20:11:49] [build-stdout] [INFO] --- maven-enforcer-plugin:1.4.1:enforce (enforce-jaxrs1) @ xwiki-rendering-transformation-icon ---
[2025-12-11 20:11:49] [build-stdout] [INFO] 
[2025-12-11 20:11:49] [build-stdout] [INFO] --- maven-enforcer-plugin:1.4.1:enforce (enforce-open-json) @ xwiki-rendering-transformation-icon ---
[2025-12-11 20:11:49] [build-stdout] [INFO] 
[2025-12-11 20:11:49] [build-stdout] [INFO] --- maven-enforcer-plugin:1.4.1:enforce (enforce-glassfish-el) @ xwiki-rendering-transformation-icon ---
[2025-12-11 20:11:49] [build-stdout] [INFO] 
[2025-12-11 20:11:49] [build-stdout] [INFO] --- maven-enforcer-plugin:1.4.1:enforce (enforce-commons-lang3) @ xwiki-rendering-transformation-icon ---
[2025-12-11 20:11:49] [build-stdout] [INFO] 
[2025-12-11 20:11:49] [build-stdout] [INFO] --- maven-enforcer-plugin:1.4.1:enforce (enforce-commons-configuration2) @ xwiki-rendering-transformation-icon ---
[2025-12-11 20:11:49] [build-stdout] [INFO] 
[2025-12-11 20:11:49] [build-stdout] [INFO] --- maven-enforcer-plugin:1.4.1:enforce (enforce-jakarta.activation-api) @ xwiki-rendering-transformation-icon ---
[2025-12-11 20:11:49] [build-stdout] [INFO] 
[2025-12-11 20:11:49] [build-stdout] [INFO] --- maven-enforcer-plugin:1.4.1:enforce (enforce-jakarta.activation) @ xwiki-rendering-transformation-icon ---
[2025-12-11 20:11:49] [build-stdout] [INFO] 
[2025-12-11 20:11:49] [build-stdout] [INFO] --- maven-enforcer-plugin:1.4.1:enforce (enforce-jakarta.mail-api) @ xwiki-rendering-transformation-icon ---
[2025-12-11 20:11:49] [build-stdout] [INFO] 
[2025-12-11 20:11:49] [build-stdout] [INFO] --- maven-enforcer-plugin:1.4.1:enforce (enforce-jakarta.mail) @ xwiki-rendering-transformation-icon ---
[2025-12-11 20:11:49] [build-stdout] [INFO] 
[2025-12-11 20:11:49] [build-stdout] [INFO] --- maven-enforcer-plugin:1.4.1:enforce (enforce-jakarta.annotation-api) @ xwiki-rendering-transformation-icon ---
[2025-12-11 20:11:49] [build-stdout] [INFO] 
[2025-12-11 20:11:49] [build-stdout] [INFO] --- maven-enforcer-plugin:1.4.1:enforce (enforce-bouncycastle-ids) @ xwiki-rendering-transformation-icon ---
[2025-12-11 20:11:49] [build-stdout] [INFO] 
[2025-12-11 20:11:49] [build-stdout] [INFO] --- maven-enforcer-plugin:1.4.1:enforce (enforce-velocity-engine-core) @ xwiki-rendering-transformation-icon ---
[2025-12-11 20:11:49] [build-stdout] [INFO] 
[2025-12-11 20:11:49] [build-stdout] [INFO] --- maven-enforcer-plugin:1.4.1:enforce (enforce-asm) @ xwiki-rendering-transformation-icon ---
[2025-12-11 20:11:49] [build-stdout] [INFO] 
[2025-12-11 20:11:49] [build-stdout] [INFO] --- maven-enforcer-plugin:1.4.1:enforce (enforce-cglib) @ xwiki-rendering-transformation-icon ---
[2025-12-11 20:11:49] [build-stdout] [INFO] 
[2025-12-11 20:11:49] [build-stdout] [INFO] --- maven-enforcer-plugin:1.4.1:enforce (enforce-javase-dependencies) @ xwiki-rendering-transformation-icon ---
[2025-12-11 20:11:49] [build-stdout] [INFO] 
[2025-12-11 20:11:49] [build-stdout] [INFO] --- maven-enforcer-plugin:1.4.1:enforce (enforce-jsr305) @ xwiki-rendering-transformation-icon ---
[2025-12-11 20:11:49] [build-stdout] [INFO] 
[2025-12-11 20:11:49] [build-stdout] [INFO] --- maven-enforcer-plugin:1.4.1:enforce (enforce-jta) @ xwiki-rendering-transformation-icon ---
[2025-12-11 20:11:49] [build-stdout] [INFO] 
[2025-12-11 20:11:49] [build-stdout] [INFO] --- maven-enforcer-plugin:1.4.1:enforce (enforce-jakarta.validation-api) @ xwiki-rendering-transformation-icon ---
[2025-12-11 20:11:49] [build-stdout] [INFO] 
[2025-12-11 20:11:49] [build-stdout] [INFO] --- maven-enforcer-plugin:1.4.1:enforce (enforce-hibernate-validator) @ xwiki-rendering-transformation-icon ---
[2025-12-11 20:11:49] [build-stdout] [INFO] 
[2025-12-11 20:11:49] [build-stdout] [INFO] --- maven-enforcer-plugin:1.4.1:enforce (enforce-upper-bounds) @ xwiki-rendering-transformation-icon ---
[2025-12-11 20:11:49] [build-stdout] [INFO] 
[2025-12-11 20:11:49] [build-stdout] [INFO] --- maven-enforcer-plugin:1.4.1:enforce (enforce-no-legacy-dependencies) @ xwiki-rendering-transformation-icon ---
[2025-12-11 20:11:49] [build-stdout] [INFO] 
[2025-12-11 20:11:49] [build-stdout] [INFO] --- maven-enforcer-plugin:1.4.1:enforce (enforce-valid-poms) @ xwiki-rendering-transformation-icon ---
[2025-12-11 20:11:49] [build-stdout] [INFO] 
[2025-12-11 20:11:49] [build-stdout] [INFO] --- maven-enforcer-plugin:1.4.1:enforce (enforce-platform-isolation) @ xwiki-rendering-transformation-icon ---
[2025-12-11 20:11:49] [build-stdout] [INFO] 
[2025-12-11 20:11:49] [build-stdout] [INFO] --- maven-enforcer-plugin:1.4.1:enforce (check-dependency-version) @ xwiki-rendering-transformation-icon ---
[2025-12-11 20:11:49] [build-stdout] [INFO] 
[2025-12-11 20:11:49] [build-stdout] [INFO] --- xwiki-commons-tool-remote-resource-plugin:14.6:process (xwiki-license-resources) @ xwiki-rendering-transformation-icon ---
[2025-12-11 20:11:49] [build-stdout] [INFO] Preparing remote bundle org.xwiki.commons:xwiki-commons-tool-license-resources:14.6
[2025-12-11 20:11:49] [build-stdout] [INFO] Copying 2 resources from 1 bundle.
[2025-12-11 20:11:50] [build-stdout] [INFO] 
[2025-12-11 20:11:50] [build-stdout] [INFO] --- maven-resources-plugin:3.2.0:resources (default-resources) @ xwiki-rendering-transformation-icon ---
[2025-12-11 20:11:50] [build-stdout] [INFO] Using 'UTF-8' encoding to copy filtered resources.
[2025-12-11 20:11:50] [build-stdout] [INFO] Using 'UTF-8' encoding to copy filtered properties files.
[2025-12-11 20:11:50] [build-stdout] [INFO] Copying 1 resource
[2025-12-11 20:11:50] [build-stdout] [INFO] Copying 2 resources
[2025-12-11 20:11:50] [build-stdout] [INFO] 
[2025-12-11 20:11:50] [build-stdout] [INFO] --- maven-compiler-plugin:3.10.1:compile (default-compile) @ xwiki-rendering-transformation-icon ---
[2025-12-11 20:11:50] [build-stdout] [INFO] Loaded from the build cache, saving 82ms
[2025-12-11 20:11:50] [build-stdout] [INFO] 
[2025-12-11 20:11:50] [build-stdout] [INFO] --- maven-bundle-plugin:5.1.6:manifest (bundle-manifest) @ xwiki-rendering-transformation-icon ---
[2025-12-11 20:11:50] [build-stdout] [INFO] No MANIFEST.MF file found, generating manifest.
[2025-12-11 20:11:50] [build-stdout] [INFO] Writing manifest: /data/iris_projects/xwiki__xwiki-rendering_CVE-2023-32070_14.6/xwiki-rendering-transformations/xwiki-rendering-transformation-icon/target/classes/META-INF/MANIFEST.MF
[2025-12-11 20:11:50] [build-stdout] [INFO] 
[2025-12-11 20:11:50] [build-stdout] [INFO] --- maven-resources-plugin:3.2.0:testResources (default-testResources) @ xwiki-rendering-transformation-icon ---
[2025-12-11 20:11:50] [build-stdout] [INFO] Using 'UTF-8' encoding to copy filtered resources.
[2025-12-11 20:11:50] [build-stdout] [INFO] Using 'UTF-8' encoding to copy filtered properties files.
[2025-12-11 20:11:50] [build-stdout] [INFO] skip non existing resourceDirectory /data/iris_projects/xwiki__xwiki-rendering_CVE-2023-32070_14.6/xwiki-rendering-transformations/xwiki-rendering-transformation-icon/src/test/resources
[2025-12-11 20:11:50] [build-stdout] [INFO] Copying 2 resources
[2025-12-11 20:11:50] [build-stdout] [INFO] 
[2025-12-11 20:11:50] [build-stdout] [INFO] --- maven-compiler-plugin:3.10.1:testCompile (default-testCompile) @ xwiki-rendering-transformation-icon ---
[2025-12-11 20:11:50] [build-stdout] [INFO] Loaded from the build cache, saving 114ms
[2025-12-11 20:11:50] [build-stdout] [INFO] 
[2025-12-11 20:11:50] [build-stdout] [INFO] --- maven-surefire-plugin:2.22.2:test (default-test) @ xwiki-rendering-transformation-icon ---
[2025-12-11 20:11:50] [build-stdout] [INFO] Tests are skipped.
[2025-12-11 20:11:50] [build-stdout] [INFO] Skipped
[2025-12-11 20:11:50] [build-stdout] [INFO] 
[2025-12-11 20:11:50] [build-stdout] [INFO] --- maven-jar-plugin:3.2.2:jar (default-jar) @ xwiki-rendering-transformation-icon ---
[2025-12-11 20:11:50] [build-stdout] [INFO] Building jar: /data/iris_projects/xwiki__xwiki-rendering_CVE-2023-32070_14.6/xwiki-rendering-transformations/xwiki-rendering-transformation-icon/target/xwiki-rendering-transformation-icon-14.6.jar
[2025-12-11 20:11:50] [build-stdout] [INFO] 
[2025-12-11 20:11:50] [build-stdout] [INFO] ------------------------------------------------------------------------
[2025-12-11 20:11:50] [build-stdout] [INFO] Building XWiki Rendering - Transformation - WikiWord 14.6
[2025-12-11 20:11:50] [build-stdout] [INFO] ------------------------------------------------------------------------
[2025-12-11 20:11:50] [build-stdout] [INFO] 
[2025-12-11 20:11:50] [build-stdout] [INFO] --- maven-clean-plugin:3.2.0:clean (default-clean) @ xwiki-rendering-transformation-wikiword ---
[2025-12-11 20:11:50] [build-stdout] [INFO] Deleting /data/iris_projects/xwiki__xwiki-rendering_CVE-2023-32070_14.6/xwiki-rendering-transformations/xwiki-rendering-transformation-wikiword/target
[2025-12-11 20:11:50] [build-stdout] [INFO] 
[2025-12-11 20:11:50] [build-stdout] [INFO] --- maven-enforcer-plugin:1.4.1:enforce (enforce-plugins) @ xwiki-rendering-transformation-wikiword ---
[2025-12-11 20:11:50] [build-stdout] [INFO] 
[2025-12-11 20:11:50] [build-stdout] [INFO] --- maven-enforcer-plugin:1.4.1:enforce (enforce-jcl-log4j-isolation) @ xwiki-rendering-transformation-wikiword ---
[2025-12-11 20:11:50] [build-stdout] [INFO] 
[2025-12-11 20:11:50] [build-stdout] [INFO] --- maven-enforcer-plugin:1.4.1:enforce (enforce-jakarta.xml.bind-api) @ xwiki-rendering-transformation-wikiword ---
[2025-12-11 20:11:50] [build-stdout] [INFO] 
[2025-12-11 20:11:50] [build-stdout] [INFO] --- maven-enforcer-plugin:1.4.1:enforce (enforce-glasshfish-jaxb) @ xwiki-rendering-transformation-wikiword ---
[2025-12-11 20:11:50] [build-stdout] [INFO] 
[2025-12-11 20:11:50] [build-stdout] [INFO] --- maven-enforcer-plugin:1.4.1:enforce (enforce-jaxrs1) @ xwiki-rendering-transformation-wikiword ---
[2025-12-11 20:11:50] [build-stdout] [INFO] 
[2025-12-11 20:11:50] [build-stdout] [INFO] --- maven-enforcer-plugin:1.4.1:enforce (enforce-open-json) @ xwiki-rendering-transformation-wikiword ---
[2025-12-11 20:11:50] [build-stdout] [INFO] 
[2025-12-11 20:11:50] [build-stdout] [INFO] --- maven-enforcer-plugin:1.4.1:enforce (enforce-glassfish-el) @ xwiki-rendering-transformation-wikiword ---
[2025-12-11 20:11:50] [build-stdout] [INFO] 
[2025-12-11 20:11:50] [build-stdout] [INFO] --- maven-enforcer-plugin:1.4.1:enforce (enforce-commons-lang3) @ xwiki-rendering-transformation-wikiword ---
[2025-12-11 20:11:50] [build-stdout] [INFO] 
[2025-12-11 20:11:50] [build-stdout] [INFO] --- maven-enforcer-plugin:1.4.1:enforce (enforce-commons-configuration2) @ xwiki-rendering-transformation-wikiword ---
[2025-12-11 20:11:50] [build-stdout] [INFO] 
[2025-12-11 20:11:50] [build-stdout] [INFO] --- maven-enforcer-plugin:1.4.1:enforce (enforce-jakarta.activation-api) @ xwiki-rendering-transformation-wikiword ---
[2025-12-11 20:11:50] [build-stdout] [INFO] 
[2025-12-11 20:11:50] [build-stdout] [INFO] --- maven-enforcer-plugin:1.4.1:enforce (enforce-jakarta.activation) @ xwiki-rendering-transformation-wikiword ---
[2025-12-11 20:11:50] [build-stdout] [INFO] 
[2025-12-11 20:11:50] [build-stdout] [INFO] --- maven-enforcer-plugin:1.4.1:enforce (enforce-jakarta.mail-api) @ xwiki-rendering-transformation-wikiword ---
[2025-12-11 20:11:50] [build-stdout] [INFO] 
[2025-12-11 20:11:50] [build-stdout] [INFO] --- maven-enforcer-plugin:1.4.1:enforce (enforce-jakarta.mail) @ xwiki-rendering-transformation-wikiword ---
[2025-12-11 20:11:50] [build-stdout] [INFO] 
[2025-12-11 20:11:50] [build-stdout] [INFO] --- maven-enforcer-plugin:1.4.1:enforce (enforce-jakarta.annotation-api) @ xwiki-rendering-transformation-wikiword ---
[2025-12-11 20:11:50] [build-stdout] [INFO] 
[2025-12-11 20:11:50] [build-stdout] [INFO] --- maven-enforcer-plugin:1.4.1:enforce (enforce-bouncycastle-ids) @ xwiki-rendering-transformation-wikiword ---
[2025-12-11 20:11:50] [build-stdout] [INFO] 
[2025-12-11 20:11:50] [build-stdout] [INFO] --- maven-enforcer-plugin:1.4.1:enforce (enforce-velocity-engine-core) @ xwiki-rendering-transformation-wikiword ---
[2025-12-11 20:11:50] [build-stdout] [INFO] 
[2025-12-11 20:11:50] [build-stdout] [INFO] --- maven-enforcer-plugin:1.4.1:enforce (enforce-asm) @ xwiki-rendering-transformation-wikiword ---
[2025-12-11 20:11:50] [build-stdout] [INFO] 
[2025-12-11 20:11:50] [build-stdout] [INFO] --- maven-enforcer-plugin:1.4.1:enforce (enforce-cglib) @ xwiki-rendering-transformation-wikiword ---
[2025-12-11 20:11:50] [build-stdout] [INFO] 
[2025-12-11 20:11:50] [build-stdout] [INFO] --- maven-enforcer-plugin:1.4.1:enforce (enforce-javase-dependencies) @ xwiki-rendering-transformation-wikiword ---
[2025-12-11 20:11:50] [build-stdout] [INFO] 
[2025-12-11 20:11:50] [build-stdout] [INFO] --- maven-enforcer-plugin:1.4.1:enforce (enforce-jsr305) @ xwiki-rendering-transformation-wikiword ---
[2025-12-11 20:11:50] [build-stdout] [INFO] 
[2025-12-11 20:11:50] [build-stdout] [INFO] --- maven-enforcer-plugin:1.4.1:enforce (enforce-jta) @ xwiki-rendering-transformation-wikiword ---
[2025-12-11 20:11:50] [build-stdout] [INFO] 
[2025-12-11 20:11:50] [build-stdout] [INFO] --- maven-enforcer-plugin:1.4.1:enforce (enforce-jakarta.validation-api) @ xwiki-rendering-transformation-wikiword ---
[2025-12-11 20:11:50] [build-stdout] [INFO] 
[2025-12-11 20:11:50] [build-stdout] [INFO] --- maven-enforcer-plugin:1.4.1:enforce (enforce-hibernate-validator) @ xwiki-rendering-transformation-wikiword ---
[2025-12-11 20:11:50] [build-stdout] [INFO] 
[2025-12-11 20:11:50] [build-stdout] [INFO] --- maven-enforcer-plugin:1.4.1:enforce (enforce-upper-bounds) @ xwiki-rendering-transformation-wikiword ---
[2025-12-11 20:11:50] [build-stdout] [INFO] 
[2025-12-11 20:11:50] [build-stdout] [INFO] --- maven-enforcer-plugin:1.4.1:enforce (enforce-no-legacy-dependencies) @ xwiki-rendering-transformation-wikiword ---
[2025-12-11 20:11:50] [build-stdout] [INFO] 
[2025-12-11 20:11:50] [build-stdout] [INFO] --- maven-enforcer-plugin:1.4.1:enforce (enforce-valid-poms) @ xwiki-rendering-transformation-wikiword ---
[2025-12-11 20:11:50] [build-stdout] [INFO] 
[2025-12-11 20:11:50] [build-stdout] [INFO] --- maven-enforcer-plugin:1.4.1:enforce (enforce-platform-isolation) @ xwiki-rendering-transformation-wikiword ---
[2025-12-11 20:11:50] [build-stdout] [INFO] 
[2025-12-11 20:11:50] [build-stdout] [INFO] --- maven-enforcer-plugin:1.4.1:enforce (check-dependency-version) @ xwiki-rendering-transformation-wikiword ---
[2025-12-11 20:11:50] [build-stdout] [INFO] 
[2025-12-11 20:11:50] [build-stdout] [INFO] --- xwiki-commons-tool-remote-resource-plugin:14.6:process (xwiki-license-resources) @ xwiki-rendering-transformation-wikiword ---
[2025-12-11 20:11:50] [build-stdout] [INFO] Preparing remote bundle org.xwiki.commons:xwiki-commons-tool-license-resources:14.6
[2025-12-11 20:11:50] [build-stdout] [INFO] Copying 2 resources from 1 bundle.
[2025-12-11 20:11:50] [build-stdout] [INFO] 
[2025-12-11 20:11:50] [build-stdout] [INFO] --- maven-resources-plugin:3.2.0:resources (default-resources) @ xwiki-rendering-transformation-wikiword ---
[2025-12-11 20:11:50] [build-stdout] [INFO] Using 'UTF-8' encoding to copy filtered resources.
[2025-12-11 20:11:50] [build-stdout] [INFO] Using 'UTF-8' encoding to copy filtered properties files.
[2025-12-11 20:11:50] [build-stdout] [INFO] Copying 1 resource
[2025-12-11 20:11:50] [build-stdout] [INFO] Copying 2 resources
[2025-12-11 20:11:50] [build-stdout] [INFO] 
[2025-12-11 20:11:50] [build-stdout] [INFO] --- maven-compiler-plugin:3.10.1:compile (default-compile) @ xwiki-rendering-transformation-wikiword ---
[2025-12-11 20:11:50] [build-stdout] [INFO] Loaded from the build cache, saving 69ms
[2025-12-11 20:11:50] [build-stdout] [INFO] 
[2025-12-11 20:11:50] [build-stdout] [INFO] --- maven-bundle-plugin:5.1.6:manifest (bundle-manifest) @ xwiki-rendering-transformation-wikiword ---
[2025-12-11 20:11:50] [build-stdout] [INFO] No MANIFEST.MF file found, generating manifest.
[2025-12-11 20:11:50] [build-stdout] [INFO] Writing manifest: /data/iris_projects/xwiki__xwiki-rendering_CVE-2023-32070_14.6/xwiki-rendering-transformations/xwiki-rendering-transformation-wikiword/target/classes/META-INF/MANIFEST.MF
[2025-12-11 20:11:50] [build-stdout] [INFO] 
[2025-12-11 20:11:50] [build-stdout] [INFO] --- maven-resources-plugin:3.2.0:testResources (default-testResources) @ xwiki-rendering-transformation-wikiword ---
[2025-12-11 20:11:50] [build-stdout] [INFO] Using 'UTF-8' encoding to copy filtered resources.
[2025-12-11 20:11:50] [build-stdout] [INFO] Using 'UTF-8' encoding to copy filtered properties files.
[2025-12-11 20:11:50] [build-stdout] [INFO] skip non existing resourceDirectory /data/iris_projects/xwiki__xwiki-rendering_CVE-2023-32070_14.6/xwiki-rendering-transformations/xwiki-rendering-transformation-wikiword/src/test/resources
[2025-12-11 20:11:50] [build-stdout] [INFO] Copying 2 resources
[2025-12-11 20:11:50] [build-stdout] [INFO] 
[2025-12-11 20:11:50] [build-stdout] [INFO] --- maven-compiler-plugin:3.10.1:testCompile (default-testCompile) @ xwiki-rendering-transformation-wikiword ---
[2025-12-11 20:11:50] [build-stdout] [INFO] Loaded from the build cache, saving 113ms
[2025-12-11 20:11:50] [build-stdout] [INFO] 
[2025-12-11 20:11:50] [build-stdout] [INFO] --- maven-surefire-plugin:2.22.2:test (default-test) @ xwiki-rendering-transformation-wikiword ---
[2025-12-11 20:11:50] [build-stdout] [INFO] Tests are skipped.
[2025-12-11 20:11:50] [build-stdout] [INFO] Skipped
[2025-12-11 20:11:50] [build-stdout] [INFO] 
[2025-12-11 20:11:50] [build-stdout] [INFO] --- maven-jar-plugin:3.2.2:jar (default-jar) @ xwiki-rendering-transformation-wikiword ---
[2025-12-11 20:11:50] [build-stdout] [INFO] Building jar: /data/iris_projects/xwiki__xwiki-rendering_CVE-2023-32070_14.6/xwiki-rendering-transformations/xwiki-rendering-transformation-wikiword/target/xwiki-rendering-transformation-wikiword-14.6.jar
[2025-12-11 20:11:50] [build-stdout] [INFO] 
[2025-12-11 20:11:50] [build-stdout] [INFO] ------------------------------------------------------------------------
[2025-12-11 20:11:50] [build-stdout] [INFO] Building XWiki Rendering - Transformation - Link Checker 14.6
[2025-12-11 20:11:50] [build-stdout] [INFO] ------------------------------------------------------------------------
[2025-12-11 20:11:50] [build-stdout] [INFO] 
[2025-12-11 20:11:50] [build-stdout] [INFO] --- maven-clean-plugin:3.2.0:clean (default-clean) @ xwiki-rendering-transformation-linkchecker ---
[2025-12-11 20:11:50] [build-stdout] [INFO] Deleting /data/iris_projects/xwiki__xwiki-rendering_CVE-2023-32070_14.6/xwiki-rendering-transformations/xwiki-rendering-transformation-linkchecker/target
[2025-12-11 20:11:50] [build-stdout] [INFO] 
[2025-12-11 20:11:50] [build-stdout] [INFO] --- maven-enforcer-plugin:1.4.1:enforce (enforce-plugins) @ xwiki-rendering-transformation-linkchecker ---
[2025-12-11 20:11:50] [build-stdout] [INFO] 
[2025-12-11 20:11:50] [build-stdout] [INFO] --- maven-enforcer-plugin:1.4.1:enforce (enforce-jcl-log4j-isolation) @ xwiki-rendering-transformation-linkchecker ---
[2025-12-11 20:11:50] [build-stdout] [INFO] 
[2025-12-11 20:11:50] [build-stdout] [INFO] --- maven-enforcer-plugin:1.4.1:enforce (enforce-jakarta.xml.bind-api) @ xwiki-rendering-transformation-linkchecker ---
[2025-12-11 20:11:50] [build-stdout] [INFO] 
[2025-12-11 20:11:50] [build-stdout] [INFO] --- maven-enforcer-plugin:1.4.1:enforce (enforce-glasshfish-jaxb) @ xwiki-rendering-transformation-linkchecker ---
[2025-12-11 20:11:50] [build-stdout] [INFO] 
[2025-12-11 20:11:50] [build-stdout] [INFO] --- maven-enforcer-plugin:1.4.1:enforce (enforce-jaxrs1) @ xwiki-rendering-transformation-linkchecker ---
[2025-12-11 20:11:50] [build-stdout] [INFO] 
[2025-12-11 20:11:50] [build-stdout] [INFO] --- maven-enforcer-plugin:1.4.1:enforce (enforce-open-json) @ xwiki-rendering-transformation-linkchecker ---
[2025-12-11 20:11:50] [build-stdout] [INFO] 
[2025-12-11 20:11:50] [build-stdout] [INFO] --- maven-enforcer-plugin:1.4.1:enforce (enforce-glassfish-el) @ xwiki-rendering-transformation-linkchecker ---
[2025-12-11 20:11:50] [build-stdout] [INFO] 
[2025-12-11 20:11:50] [build-stdout] [INFO] --- maven-enforcer-plugin:1.4.1:enforce (enforce-commons-lang3) @ xwiki-rendering-transformation-linkchecker ---
[2025-12-11 20:11:50] [build-stdout] [INFO] 
[2025-12-11 20:11:50] [build-stdout] [INFO] --- maven-enforcer-plugin:1.4.1:enforce (enforce-commons-configuration2) @ xwiki-rendering-transformation-linkchecker ---
[2025-12-11 20:11:50] [build-stdout] [INFO] 
[2025-12-11 20:11:50] [build-stdout] [INFO] --- maven-enforcer-plugin:1.4.1:enforce (enforce-jakarta.activation-api) @ xwiki-rendering-transformation-linkchecker ---
[2025-12-11 20:11:50] [build-stdout] [INFO] 
[2025-12-11 20:11:50] [build-stdout] [INFO] --- maven-enforcer-plugin:1.4.1:enforce (enforce-jakarta.activation) @ xwiki-rendering-transformation-linkchecker ---
[2025-12-11 20:11:50] [build-stdout] [INFO] 
[2025-12-11 20:11:50] [build-stdout] [INFO] --- maven-enforcer-plugin:1.4.1:enforce (enforce-jakarta.mail-api) @ xwiki-rendering-transformation-linkchecker ---
[2025-12-11 20:11:50] [build-stdout] [INFO] 
[2025-12-11 20:11:50] [build-stdout] [INFO] --- maven-enforcer-plugin:1.4.1:enforce (enforce-jakarta.mail) @ xwiki-rendering-transformation-linkchecker ---
[2025-12-11 20:11:50] [build-stdout] [INFO] 
[2025-12-11 20:11:50] [build-stdout] [INFO] --- maven-enforcer-plugin:1.4.1:enforce (enforce-jakarta.annotation-api) @ xwiki-rendering-transformation-linkchecker ---
[2025-12-11 20:11:50] [build-stdout] [INFO] 
[2025-12-11 20:11:50] [build-stdout] [INFO] --- maven-enforcer-plugin:1.4.1:enforce (enforce-bouncycastle-ids) @ xwiki-rendering-transformation-linkchecker ---
[2025-12-11 20:11:51] [build-stdout] [INFO] 
[2025-12-11 20:11:51] [build-stdout] [INFO] --- maven-enforcer-plugin:1.4.1:enforce (enforce-velocity-engine-core) @ xwiki-rendering-transformation-linkchecker ---
[2025-12-11 20:11:51] [build-stdout] [INFO] 
[2025-12-11 20:11:51] [build-stdout] [INFO] --- maven-enforcer-plugin:1.4.1:enforce (enforce-asm) @ xwiki-rendering-transformation-linkchecker ---
[2025-12-11 20:11:51] [build-stdout] [INFO] 
[2025-12-11 20:11:51] [build-stdout] [INFO] --- maven-enforcer-plugin:1.4.1:enforce (enforce-cglib) @ xwiki-rendering-transformation-linkchecker ---
[2025-12-11 20:11:51] [build-stdout] [INFO] 
[2025-12-11 20:11:51] [build-stdout] [INFO] --- maven-enforcer-plugin:1.4.1:enforce (enforce-javase-dependencies) @ xwiki-rendering-transformation-linkchecker ---
[2025-12-11 20:11:51] [build-stdout] [INFO] 
[2025-12-11 20:11:51] [build-stdout] [INFO] --- maven-enforcer-plugin:1.4.1:enforce (enforce-jsr305) @ xwiki-rendering-transformation-linkchecker ---
[2025-12-11 20:11:51] [build-stdout] [INFO] 
[2025-12-11 20:11:51] [build-stdout] [INFO] --- maven-enforcer-plugin:1.4.1:enforce (enforce-jta) @ xwiki-rendering-transformation-linkchecker ---
[2025-12-11 20:11:51] [build-stdout] [INFO] 
[2025-12-11 20:11:51] [build-stdout] [INFO] --- maven-enforcer-plugin:1.4.1:enforce (enforce-jakarta.validation-api) @ xwiki-rendering-transformation-linkchecker ---
[2025-12-11 20:11:51] [build-stdout] [INFO] 
[2025-12-11 20:11:51] [build-stdout] [INFO] --- maven-enforcer-plugin:1.4.1:enforce (enforce-hibernate-validator) @ xwiki-rendering-transformation-linkchecker ---
[2025-12-11 20:11:51] [build-stdout] [INFO] 
[2025-12-11 20:11:51] [build-stdout] [INFO] --- maven-enforcer-plugin:1.4.1:enforce (enforce-upper-bounds) @ xwiki-rendering-transformation-linkchecker ---
[2025-12-11 20:11:51] [build-stdout] [INFO] 
[2025-12-11 20:11:51] [build-stdout] [INFO] --- maven-enforcer-plugin:1.4.1:enforce (enforce-no-legacy-dependencies) @ xwiki-rendering-transformation-linkchecker ---
[2025-12-11 20:11:51] [build-stdout] [INFO] 
[2025-12-11 20:11:51] [build-stdout] [INFO] --- maven-enforcer-plugin:1.4.1:enforce (enforce-valid-poms) @ xwiki-rendering-transformation-linkchecker ---
[2025-12-11 20:11:51] [build-stdout] [INFO] 
[2025-12-11 20:11:51] [build-stdout] [INFO] --- maven-enforcer-plugin:1.4.1:enforce (enforce-platform-isolation) @ xwiki-rendering-transformation-linkchecker ---
[2025-12-11 20:11:51] [build-stdout] [INFO] 
[2025-12-11 20:11:51] [build-stdout] [INFO] --- maven-enforcer-plugin:1.4.1:enforce (check-dependency-version) @ xwiki-rendering-transformation-linkchecker ---
[2025-12-11 20:11:51] [build-stdout] [INFO] 
[2025-12-11 20:11:51] [build-stdout] [INFO] --- xwiki-commons-tool-remote-resource-plugin:14.6:process (xwiki-license-resources) @ xwiki-rendering-transformation-linkchecker ---
[2025-12-11 20:11:51] [build-stdout] [INFO] Preparing remote bundle org.xwiki.commons:xwiki-commons-tool-license-resources:14.6
[2025-12-11 20:11:51] [build-stdout] [INFO] Copying 2 resources from 1 bundle.
[2025-12-11 20:11:51] [build-stdout] [INFO] 
[2025-12-11 20:11:51] [build-stdout] [INFO] --- maven-resources-plugin:3.2.0:resources (default-resources) @ xwiki-rendering-transformation-linkchecker ---
[2025-12-11 20:11:51] [build-stdout] [INFO] Using 'UTF-8' encoding to copy filtered resources.
[2025-12-11 20:11:51] [build-stdout] [INFO] Using 'UTF-8' encoding to copy filtered properties files.
[2025-12-11 20:11:51] [build-stdout] [INFO] Copying 1 resource
[2025-12-11 20:11:51] [build-stdout] [INFO] Copying 2 resources
[2025-12-11 20:11:51] [build-stdout] [INFO] 
[2025-12-11 20:11:51] [build-stdout] [INFO] --- maven-compiler-plugin:3.10.1:compile (default-compile) @ xwiki-rendering-transformation-linkchecker ---
[2025-12-11 20:11:51] [build-stdout] [INFO] Loaded from the build cache, saving 153ms
[2025-12-11 20:11:51] [build-stdout] [INFO] 
[2025-12-11 20:11:51] [build-stdout] [INFO] --- maven-bundle-plugin:5.1.6:manifest (bundle-manifest) @ xwiki-rendering-transformation-linkchecker ---
[2025-12-11 20:11:51] [build-stdout] [INFO] No MANIFEST.MF file found, generating manifest.
[2025-12-11 20:11:51] [build-stdout] [INFO] Writing manifest: /data/iris_projects/xwiki__xwiki-rendering_CVE-2023-32070_14.6/xwiki-rendering-transformations/xwiki-rendering-transformation-linkchecker/target/classes/META-INF/MANIFEST.MF
[2025-12-11 20:11:51] [build-stdout] [INFO] 
[2025-12-11 20:11:51] [build-stdout] [INFO] --- maven-resources-plugin:3.2.0:testResources (default-testResources) @ xwiki-rendering-transformation-linkchecker ---
[2025-12-11 20:11:51] [build-stdout] [INFO] Using 'UTF-8' encoding to copy filtered resources.
[2025-12-11 20:11:51] [build-stdout] [INFO] Using 'UTF-8' encoding to copy filtered properties files.
[2025-12-11 20:11:51] [build-stdout] [INFO] skip non existing resourceDirectory /data/iris_projects/xwiki__xwiki-rendering_CVE-2023-32070_14.6/xwiki-rendering-transformations/xwiki-rendering-transformation-linkchecker/src/test/resources
[2025-12-11 20:11:51] [build-stdout] [INFO] Copying 2 resources
[2025-12-11 20:11:51] [build-stdout] [INFO] 
[2025-12-11 20:11:51] [build-stdout] [INFO] --- maven-compiler-plugin:3.10.1:testCompile (default-testCompile) @ xwiki-rendering-transformation-linkchecker ---
[2025-12-11 20:11:51] [build-stdout] [INFO] Loaded from the build cache, saving 177ms
[2025-12-11 20:11:51] [build-stdout] [INFO] 
[2025-12-11 20:11:51] [build-stdout] [INFO] --- maven-surefire-plugin:2.22.2:test (default-test) @ xwiki-rendering-transformation-linkchecker ---
[2025-12-11 20:11:51] [build-stdout] [INFO] Tests are skipped.
[2025-12-11 20:11:51] [build-stdout] [INFO] Skipped
[2025-12-11 20:11:51] [build-stdout] [INFO] 
[2025-12-11 20:11:51] [build-stdout] [INFO] --- maven-jar-plugin:3.2.2:jar (default-jar) @ xwiki-rendering-transformation-linkchecker ---
[2025-12-11 20:11:51] [build-stdout] [INFO] Building jar: /data/iris_projects/xwiki__xwiki-rendering_CVE-2023-32070_14.6/xwiki-rendering-transformations/xwiki-rendering-transformation-linkchecker/target/xwiki-rendering-transformation-linkchecker-14.6.jar
[2025-12-11 20:11:51] [build-stdout] [INFO] ------------------------------------------------------------------------
[2025-12-11 20:11:51] [build-stdout] [INFO] Reactor Summary:
[2025-12-11 20:11:51] [build-stdout] [INFO] 
[2025-12-11 20:11:51] [build-stdout] [INFO] XWiki Rendering - Parent POM ....................... SUCCESS [  1.552 s]
[2025-12-11 20:11:51] [build-stdout] [INFO] XWiki Rendering - Api .............................. SUCCESS [  3.302 s]
[2025-12-11 20:11:51] [build-stdout] [INFO] XWiki Rendering - XML .............................. SUCCESS [  0.986 s]
[2025-12-11 20:11:51] [build-stdout] [INFO] XWiki Rendering - WikiModel ........................ SUCCESS [  2.425 s]
[2025-12-11 20:11:51] [build-stdout] [INFO] XWiki Rendering - Syntaxes - Parent POM ............ SUCCESS [  0.745 s]
[2025-12-11 20:11:51] [build-stdout] [INFO] XWiki Rendering - Syntax - XDOM+XML Current ........ SUCCESS [  0.823 s]
[2025-12-11 20:11:51] [build-stdout] [INFO] XWiki Rendering - Test Framework ................... SUCCESS [  1.705 s]
[2025-12-11 20:11:51] [build-stdout] [INFO] XWiki Rendering - Syntax - Event ................... SUCCESS [  1.406 s]
[2025-12-11 20:11:51] [build-stdout] [INFO] XWiki Rendering - Syntax - Plain ................... SUCCESS [  0.978 s]
[2025-12-11 20:11:51] [build-stdout] [INFO] XWiki Rendering - Syntax - WikiModel Bridge ........ SUCCESS [  0.964 s]
[2025-12-11 20:11:51] [build-stdout] [INFO] XWiki Rendering - Syntax - XWiki 2.0 ............... SUCCESS [  1.013 s]
[2025-12-11 20:11:51] [build-stdout] [INFO] XWiki Rendering - Syntax - XWiki 2.1 ............... SUCCESS [  1.007 s]
[2025-12-11 20:11:51] [build-stdout] [INFO] XWiki Rendering - Syntax - XHTML ................... SUCCESS [  1.020 s]
[2025-12-11 20:11:51] [build-stdout] [INFO] XWiki Rendering - Transformations - Parent POM ..... SUCCESS [  0.840 s]
[2025-12-11 20:11:51] [build-stdout] [INFO] XWiki Rendering - Transformation - Macro ........... SUCCESS [  0.734 s]
[2025-12-11 20:11:51] [build-stdout] [INFO] XWiki Rendering - Macro Archetype .................. SUCCESS [  1.431 s]
[2025-12-11 20:11:51] [build-stdout] [INFO] XWiki Rendering - Syntax - Annotated XHTML ......... SUCCESS [  1.196 s]
[2025-12-11 20:11:51] [build-stdout] [INFO] XWiki Rendering - Syntax - Doxia Bridge ............ SUCCESS [  1.339 s]
[2025-12-11 20:11:51] [build-stdout] [INFO] XWiki Rendering - Syntax - DocBook ................. SUCCESS [  1.195 s]
[2025-12-11 20:11:51] [build-stdout] [INFO] XWiki Rendering - Syntax - JSPWiki ................. SUCCESS [  0.869 s]
[2025-12-11 20:11:51] [build-stdout] [INFO] XWiki Rendering - Syntax - Creole .................. SUCCESS [  0.853 s]
[2025-12-11 20:11:51] [build-stdout] [INFO] XWiki Rendering - Syntax - TWiki ................... SUCCESS [  0.873 s]
[2025-12-11 20:11:51] [build-stdout] [INFO] XWiki Rendering - Syntax - HTML .................... SUCCESS [  0.902 s]
[2025-12-11 20:11:51] [build-stdout] [INFO] XWiki Rendering - Syntax - XHTML5 .................. SUCCESS [  0.911 s]
[2025-12-11 20:11:51] [build-stdout] [INFO] XWiki Rendering - Macros - Parent POM .............. SUCCESS [  0.712 s]
[2025-12-11 20:11:51] [build-stdout] [INFO] XWiki Rendering - Macro - Figure ................... SUCCESS [  0.774 s]
[2025-12-11 20:11:51] [build-stdout] [INFO] XWiki Rendering - Syntax - HTML5 ................... SUCCESS [  1.002 s]
[2025-12-11 20:11:51] [build-stdout] [INFO] XWiki Rendering - Syntax - XDOM+XML 1.0 ............ SUCCESS [  0.647 s]
[2025-12-11 20:11:51] [build-stdout] [INFO] XWiki Rendering - Macro - Box ...................... SUCCESS [  0.782 s]
[2025-12-11 20:11:51] [build-stdout] [INFO] XWiki Rendering - Integration Tests ................ SUCCESS [  0.784 s]
[2025-12-11 20:11:51] [build-stdout] [INFO] XWiki Rendering - Macro - Comment .................. SUCCESS [  0.752 s]
[2025-12-11 20:11:51] [build-stdout] [INFO] XWiki Rendering - Macro - Content .................. SUCCESS [  0.774 s]
[2025-12-11 20:11:51] [build-stdout] [INFO] XWiki Rendering - Macro - CTS Report ............... SUCCESS [  0.793 s]
[2025-12-11 20:11:51] [build-stdout] [INFO] XWiki Rendering - Macro - Message .................. SUCCESS [  0.812 s]
[2025-12-11 20:11:51] [build-stdout] [INFO] XWiki Rendering - Macro - Footnotes ................ SUCCESS [  0.792 s]
[2025-12-11 20:11:51] [build-stdout] [INFO] XWiki Rendering - Macro - Toc ...................... SUCCESS [  0.833 s]
[2025-12-11 20:11:51] [build-stdout] [INFO] XWiki Rendering - Syntax - Annotated HTML5 ......... SUCCESS [  1.069 s]
[2025-12-11 20:11:51] [build-stdout] [INFO] XWiki Rendering - Macro - HTML ..................... SUCCESS [  1.080 s]
[2025-12-11 20:11:51] [build-stdout] [INFO] XWiki Rendering - Macro - Id ....................... SUCCESS [  0.833 s]
[2025-12-11 20:11:51] [build-stdout] [INFO] XWiki Rendering - Macro - Raw ...................... SUCCESS [  0.750 s]
[2025-12-11 20:11:51] [build-stdout] [INFO] XWiki Rendering - Syntax - APT ..................... SUCCESS [  0.857 s]
[2025-12-11 20:11:51] [build-stdout] [INFO] XWiki Rendering - Transformation - Icon ............ SUCCESS [  0.686 s]
[2025-12-11 20:11:51] [build-stdout] [INFO] XWiki Rendering - Transformation - WikiWord ........ SUCCESS [  0.677 s]
[2025-12-11 20:11:51] [build-stdout] [INFO] XWiki Rendering - Transformation - Link Checker .... SUCCESS [  0.879 s]
[2025-12-11 20:11:51] [build-stdout] [INFO] ------------------------------------------------------------------------
[2025-12-11 20:11:51] [build-stdout] [INFO] BUILD SUCCESS
[2025-12-11 20:11:51] [build-stdout] [INFO] ------------------------------------------------------------------------
[2025-12-11 20:11:51] [build-stdout] [INFO] Total time: 50.412 s
[2025-12-11 20:11:51] [build-stdout] [INFO] Finished at: 2025-12-11T20:11:51Z
[2025-12-11 20:11:51] [build-stdout] [INFO] Final Memory: 108M/480M
[2025-12-11 20:11:51] [build-stdout] [INFO] ------------------------------------------------------------------------
[2025-12-11 20:11:51] [build-stdout] [INFO] 1622 goals, 1543 executed, 79 from cache, saving at least 12s
Finalizing database at /data/codeql_db/xwiki__xwiki-rendering_CVE-2023-32070_14.6.
CodeQL detected code written in Java/Kotlin but could not process any of it. This can occur if the specified build commands failed to compile or process any code.
 - Confirm that there is some source code for the specified language in the project.
 - For codebases written in Go, JavaScript, TypeScript, and Python, do not specify 
   an explicit --command.
 - For other languages, the --command must specify a "clean" build which compiles 
   all the source code files without reusing existing build artefacts.
Initializing database at /data/codeql_db/xwiki__xwiki-rendering_CVE-2023-32070_14.6.
Running build command: [mvn, -Denforcer.skip, -Dmaven.compiler.fork=true, -DbuildCache.skip=true, -Dmaven.build.cache.skip=true, clean, package, -DskipTests]
[2025-12-11 20:11:55] [build-stdout] [INFO] Scanning for projects...
[2025-12-11 20:11:57] [build-stdout] [INFO] ------------------------------------------------------------------------
[2025-12-11 20:11:57] [build-stdout] [INFO] Reactor Build Order:
[2025-12-11 20:11:57] [build-stdout] [INFO] 
[2025-12-11 20:11:57] [build-stdout] [INFO] XWiki Rendering - Parent POM
[2025-12-11 20:11:57] [build-stdout] [INFO] XWiki Rendering - Api
[2025-12-11 20:11:57] [build-stdout] [INFO] XWiki Rendering - XML
[2025-12-11 20:11:57] [build-stdout] [INFO] XWiki Rendering - WikiModel
[2025-12-11 20:11:57] [build-stdout] [INFO] XWiki Rendering - Syntaxes - Parent POM
[2025-12-11 20:11:57] [build-stdout] [INFO] XWiki Rendering - Syntax - XDOM+XML Current
[2025-12-11 20:11:57] [build-stdout] [INFO] XWiki Rendering - Test Framework
[2025-12-11 20:11:57] [build-stdout] [INFO] XWiki Rendering - Syntax - Event
[2025-12-11 20:11:57] [build-stdout] [INFO] XWiki Rendering - Syntax - Plain
[2025-12-11 20:11:57] [build-stdout] [INFO] XWiki Rendering - Syntax - WikiModel Bridge
[2025-12-11 20:11:57] [build-stdout] [INFO] XWiki Rendering - Syntax - XWiki 2.0
[2025-12-11 20:11:57] [build-stdout] [INFO] XWiki Rendering - Syntax - XWiki 2.1
[2025-12-11 20:11:57] [build-stdout] [INFO] XWiki Rendering - Syntax - XHTML
[2025-12-11 20:11:57] [build-stdout] [INFO] XWiki Rendering - Transformations - Parent POM
[2025-12-11 20:11:57] [build-stdout] [INFO] XWiki Rendering - Transformation - Macro
[2025-12-11 20:11:57] [build-stdout] [INFO] XWiki Rendering - Macro Archetype
[2025-12-11 20:11:57] [build-stdout] [INFO] XWiki Rendering - Syntax - Annotated XHTML
[2025-12-11 20:11:57] [build-stdout] [INFO] XWiki Rendering - Syntax - Doxia Bridge
[2025-12-11 20:11:57] [build-stdout] [INFO] XWiki Rendering - Syntax - DocBook
[2025-12-11 20:11:57] [build-stdout] [INFO] XWiki Rendering - Syntax - JSPWiki
[2025-12-11 20:11:57] [build-stdout] [INFO] XWiki Rendering - Syntax - Creole
[2025-12-11 20:11:57] [build-stdout] [INFO] XWiki Rendering - Syntax - TWiki
[2025-12-11 20:11:57] [build-stdout] [INFO] XWiki Rendering - Syntax - HTML
[2025-12-11 20:11:57] [build-stdout] [INFO] XWiki Rendering - Syntax - XHTML5
[2025-12-11 20:11:57] [build-stdout] [INFO] XWiki Rendering - Macros - Parent POM
[2025-12-11 20:11:57] [build-stdout] [INFO] XWiki Rendering - Macro - Figure
[2025-12-11 20:11:57] [build-stdout] [INFO] XWiki Rendering - Syntax - HTML5
[2025-12-11 20:11:57] [build-stdout] [INFO] XWiki Rendering - Syntax - XDOM+XML 1.0
[2025-12-11 20:11:57] [build-stdout] [INFO] XWiki Rendering - Macro - Box
[2025-12-11 20:11:57] [build-stdout] [INFO] XWiki Rendering - Integration Tests
[2025-12-11 20:11:57] [build-stdout] [INFO] XWiki Rendering - Macro - Comment
[2025-12-11 20:11:57] [build-stdout] [INFO] XWiki Rendering - Macro - Content
[2025-12-11 20:11:57] [build-stdout] [INFO] XWiki Rendering - Macro - CTS Report
[2025-12-11 20:11:57] [build-stdout] [INFO] XWiki Rendering - Macro - Message
[2025-12-11 20:11:57] [build-stdout] [INFO] XWiki Rendering - Macro - Footnotes
[2025-12-11 20:11:57] [build-stdout] [INFO] XWiki Rendering - Macro - Toc
[2025-12-11 20:11:57] [build-stdout] [INFO] XWiki Rendering - Syntax - Annotated HTML5
[2025-12-11 20:11:57] [build-stdout] [INFO] XWiki Rendering - Macro - HTML
[2025-12-11 20:11:57] [build-stdout] [INFO] XWiki Rendering - Macro - Id
[2025-12-11 20:11:57] [build-stdout] [INFO] XWiki Rendering - Macro - Raw
[2025-12-11 20:11:57] [build-stdout] [INFO] XWiki Rendering - Syntax - APT
[2025-12-11 20:11:57] [build-stdout] [INFO] XWiki Rendering - Transformation - Icon
[2025-12-11 20:11:57] [build-stdout] [INFO] XWiki Rendering - Transformation - WikiWord
[2025-12-11 20:11:57] [build-stdout] [INFO] XWiki Rendering - Transformation - Link Checker
[2025-12-11 20:11:57] [build-stdout] [INFO] 
[2025-12-11 20:11:57] [build-stdout] [INFO] ------------------------------------------------------------------------
[2025-12-11 20:11:57] [build-stdout] [INFO] Building XWiki Rendering - Parent POM 14.6
[2025-12-11 20:11:57] [build-stdout] [INFO] ------------------------------------------------------------------------
[2025-12-11 20:11:57] [build-stdout] [INFO] 
[2025-12-11 20:11:57] [build-stdout] [INFO] --- maven-clean-plugin:3.2.0:clean (default-clean) @ xwiki-rendering ---
[2025-12-11 20:11:57] [build-stdout] [INFO] Deleting /data/iris_projects/xwiki__xwiki-rendering_CVE-2023-32070_14.6/target
[2025-12-11 20:11:57] [build-stdout] [INFO] 
[2025-12-11 20:11:57] [build-stdout] [INFO] --- maven-enforcer-plugin:1.4.1:enforce (enforce-plugins) @ xwiki-rendering ---
[2025-12-11 20:11:58] [build-stdout] [INFO] 
[2025-12-11 20:11:58] [build-stdout] [INFO] --- maven-enforcer-plugin:1.4.1:enforce (enforce-jcl-log4j-isolation) @ xwiki-rendering ---
[2025-12-11 20:11:58] [build-stdout] [INFO] 
[2025-12-11 20:11:58] [build-stdout] [INFO] --- maven-enforcer-plugin:1.4.1:enforce (enforce-jakarta.xml.bind-api) @ xwiki-rendering ---
[2025-12-11 20:11:58] [build-stdout] [INFO] 
[2025-12-11 20:11:58] [build-stdout] [INFO] --- maven-enforcer-plugin:1.4.1:enforce (enforce-glasshfish-jaxb) @ xwiki-rendering ---
[2025-12-11 20:11:58] [build-stdout] [INFO] 
[2025-12-11 20:11:58] [build-stdout] [INFO] --- maven-enforcer-plugin:1.4.1:enforce (enforce-jaxrs1) @ xwiki-rendering ---
[2025-12-11 20:11:58] [build-stdout] [INFO] 
[2025-12-11 20:11:58] [build-stdout] [INFO] --- maven-enforcer-plugin:1.4.1:enforce (enforce-open-json) @ xwiki-rendering ---
[2025-12-11 20:11:58] [build-stdout] [INFO] 
[2025-12-11 20:11:58] [build-stdout] [INFO] --- maven-enforcer-plugin:1.4.1:enforce (enforce-glassfish-el) @ xwiki-rendering ---
[2025-12-11 20:11:58] [build-stdout] [INFO] 
[2025-12-11 20:11:58] [build-stdout] [INFO] --- maven-enforcer-plugin:1.4.1:enforce (enforce-commons-lang3) @ xwiki-rendering ---
[2025-12-11 20:11:58] [build-stdout] [INFO] 
[2025-12-11 20:11:58] [build-stdout] [INFO] --- maven-enforcer-plugin:1.4.1:enforce (enforce-commons-configuration2) @ xwiki-rendering ---
[2025-12-11 20:11:58] [build-stdout] [INFO] 
[2025-12-11 20:11:58] [build-stdout] [INFO] --- maven-enforcer-plugin:1.4.1:enforce (enforce-jakarta.activation-api) @ xwiki-rendering ---
[2025-12-11 20:11:58] [build-stdout] [INFO] 
[2025-12-11 20:11:58] [build-stdout] [INFO] --- maven-enforcer-plugin:1.4.1:enforce (enforce-jakarta.activation) @ xwiki-rendering ---
[2025-12-11 20:11:58] [build-stdout] [INFO] 
[2025-12-11 20:11:58] [build-stdout] [INFO] --- maven-enforcer-plugin:1.4.1:enforce (enforce-jakarta.mail-api) @ xwiki-rendering ---
[2025-12-11 20:11:58] [build-stdout] [INFO] 
[2025-12-11 20:11:58] [build-stdout] [INFO] --- maven-enforcer-plugin:1.4.1:enforce (enforce-jakarta.mail) @ xwiki-rendering ---
[2025-12-11 20:11:58] [build-stdout] [INFO] 
[2025-12-11 20:11:58] [build-stdout] [INFO] --- maven-enforcer-plugin:1.4.1:enforce (enforce-jakarta.annotation-api) @ xwiki-rendering ---
[2025-12-11 20:11:58] [build-stdout] [INFO] 
[2025-12-11 20:11:58] [build-stdout] [INFO] --- maven-enforcer-plugin:1.4.1:enforce (enforce-bouncycastle-ids) @ xwiki-rendering ---
[2025-12-11 20:11:58] [build-stdout] [INFO] 
[2025-12-11 20:11:58] [build-stdout] [INFO] --- maven-enforcer-plugin:1.4.1:enforce (enforce-velocity-engine-core) @ xwiki-rendering ---
[2025-12-11 20:11:58] [build-stdout] [INFO] 
[2025-12-11 20:11:58] [build-stdout] [INFO] --- maven-enforcer-plugin:1.4.1:enforce (enforce-asm) @ xwiki-rendering ---
[2025-12-11 20:11:58] [build-stdout] [INFO] 
[2025-12-11 20:11:58] [build-stdout] [INFO] --- maven-enforcer-plugin:1.4.1:enforce (enforce-cglib) @ xwiki-rendering ---
[2025-12-11 20:11:58] [build-stdout] [INFO] 
[2025-12-11 20:11:58] [build-stdout] [INFO] --- maven-enforcer-plugin:1.4.1:enforce (enforce-javase-dependencies) @ xwiki-rendering ---
[2025-12-11 20:11:58] [build-stdout] [INFO] 
[2025-12-11 20:11:58] [build-stdout] [INFO] --- maven-enforcer-plugin:1.4.1:enforce (enforce-jsr305) @ xwiki-rendering ---
[2025-12-11 20:11:58] [build-stdout] [INFO] 
[2025-12-11 20:11:58] [build-stdout] [INFO] --- maven-enforcer-plugin:1.4.1:enforce (enforce-jta) @ xwiki-rendering ---
[2025-12-11 20:11:58] [build-stdout] [INFO] 
[2025-12-11 20:11:58] [build-stdout] [INFO] --- maven-enforcer-plugin:1.4.1:enforce (enforce-jakarta.validation-api) @ xwiki-rendering ---
[2025-12-11 20:11:58] [build-stdout] [INFO] 
[2025-12-11 20:11:58] [build-stdout] [INFO] --- maven-enforcer-plugin:1.4.1:enforce (enforce-hibernate-validator) @ xwiki-rendering ---
[2025-12-11 20:11:58] [build-stdout] [INFO] 
[2025-12-11 20:11:58] [build-stdout] [INFO] --- maven-enforcer-plugin:1.4.1:enforce (enforce-upper-bounds) @ xwiki-rendering ---
[2025-12-11 20:11:58] [build-stdout] [INFO] 
[2025-12-11 20:11:58] [build-stdout] [INFO] --- maven-enforcer-plugin:1.4.1:enforce (enforce-no-legacy-dependencies) @ xwiki-rendering ---
[2025-12-11 20:11:58] [build-stdout] [INFO] 
[2025-12-11 20:11:58] [build-stdout] [INFO] --- maven-enforcer-plugin:1.4.1:enforce (enforce-valid-poms) @ xwiki-rendering ---
[2025-12-11 20:11:58] [build-stdout] [INFO] 
[2025-12-11 20:11:58] [build-stdout] [INFO] --- maven-enforcer-plugin:1.4.1:enforce (enforce-platform-isolation) @ xwiki-rendering ---
[2025-12-11 20:11:58] [build-stdout] [INFO] 
[2025-12-11 20:11:58] [build-stdout] [INFO] --- maven-enforcer-plugin:1.4.1:enforce (check-dependency-version) @ xwiki-rendering ---
[2025-12-11 20:11:58] [build-stdout] [INFO] 
[2025-12-11 20:11:58] [build-stdout] [INFO] --- xwiki-commons-tool-remote-resource-plugin:14.6:process (xwiki-license-resources) @ xwiki-rendering ---
[2025-12-11 20:11:58] [build-stdout] [INFO] Preparing remote bundle org.xwiki.commons:xwiki-commons-tool-license-resources:14.6
[2025-12-11 20:11:58] [build-stdout] [INFO] Copying 2 resources from 1 bundle.
[2025-12-11 20:11:58] [build-stdout] [INFO] 
[2025-12-11 20:11:58] [build-stdout] [INFO] --- maven-bundle-plugin:5.1.6:manifest (bundle-manifest) @ xwiki-rendering ---
[2025-12-11 20:11:58] [build-stdout] [WARNING] Ignoring project type pom - supportedProjectTypes = [jar, bundle]
[2025-12-11 20:11:58] [build-stdout] [INFO] 
[2025-12-11 20:11:58] [build-stdout] [INFO] ------------------------------------------------------------------------
[2025-12-11 20:11:58] [build-stdout] [INFO] Building XWiki Rendering - Api 14.6
[2025-12-11 20:11:58] [build-stdout] [INFO] ------------------------------------------------------------------------
[2025-12-11 20:11:59] [build-stdout] [INFO] 
[2025-12-11 20:11:59] [build-stdout] [INFO] --- maven-clean-plugin:3.2.0:clean (default-clean) @ xwiki-rendering-api ---
[2025-12-11 20:11:59] [build-stdout] [INFO] Deleting /data/iris_projects/xwiki__xwiki-rendering_CVE-2023-32070_14.6/xwiki-rendering-api/target
[2025-12-11 20:11:59] [build-stdout] [INFO] 
[2025-12-11 20:11:59] [build-stdout] [INFO] --- maven-enforcer-plugin:1.4.1:enforce (enforce-plugins) @ xwiki-rendering-api ---
[2025-12-11 20:11:59] [build-stdout] [INFO] 
[2025-12-11 20:11:59] [build-stdout] [INFO] --- maven-enforcer-plugin:1.4.1:enforce (enforce-jcl-log4j-isolation) @ xwiki-rendering-api ---
[2025-12-11 20:11:59] [build-stdout] [INFO] 
[2025-12-11 20:11:59] [build-stdout] [INFO] --- maven-enforcer-plugin:1.4.1:enforce (enforce-jakarta.xml.bind-api) @ xwiki-rendering-api ---
[2025-12-11 20:11:59] [build-stdout] [INFO] 
[2025-12-11 20:11:59] [build-stdout] [INFO] --- maven-enforcer-plugin:1.4.1:enforce (enforce-glasshfish-jaxb) @ xwiki-rendering-api ---
[2025-12-11 20:11:59] [build-stdout] [INFO] 
[2025-12-11 20:11:59] [build-stdout] [INFO] --- maven-enforcer-plugin:1.4.1:enforce (enforce-jaxrs1) @ xwiki-rendering-api ---
[2025-12-11 20:11:59] [build-stdout] [INFO] 
[2025-12-11 20:11:59] [build-stdout] [INFO] --- maven-enforcer-plugin:1.4.1:enforce (enforce-open-json) @ xwiki-rendering-api ---
[2025-12-11 20:11:59] [build-stdout] [INFO] 
[2025-12-11 20:11:59] [build-stdout] [INFO] --- maven-enforcer-plugin:1.4.1:enforce (enforce-glassfish-el) @ xwiki-rendering-api ---
[2025-12-11 20:11:59] [build-stdout] [INFO] 
[2025-12-11 20:11:59] [build-stdout] [INFO] --- maven-enforcer-plugin:1.4.1:enforce (enforce-commons-lang3) @ xwiki-rendering-api ---
[2025-12-11 20:11:59] [build-stdout] [INFO] 
[2025-12-11 20:11:59] [build-stdout] [INFO] --- maven-enforcer-plugin:1.4.1:enforce (enforce-commons-configuration2) @ xwiki-rendering-api ---
[2025-12-11 20:11:59] [build-stdout] [INFO] 
[2025-12-11 20:11:59] [build-stdout] [INFO] --- maven-enforcer-plugin:1.4.1:enforce (enforce-jakarta.activation-api) @ xwiki-rendering-api ---
[2025-12-11 20:11:59] [build-stdout] [INFO] 
[2025-12-11 20:11:59] [build-stdout] [INFO] --- maven-enforcer-plugin:1.4.1:enforce (enforce-jakarta.activation) @ xwiki-rendering-api ---
[2025-12-11 20:11:59] [build-stdout] [INFO] 
[2025-12-11 20:11:59] [build-stdout] [INFO] --- maven-enforcer-plugin:1.4.1:enforce (enforce-jakarta.mail-api) @ xwiki-rendering-api ---
[2025-12-11 20:11:59] [build-stdout] [INFO] 
[2025-12-11 20:11:59] [build-stdout] [INFO] --- maven-enforcer-plugin:1.4.1:enforce (enforce-jakarta.mail) @ xwiki-rendering-api ---
[2025-12-11 20:11:59] [build-stdout] [INFO] 
[2025-12-11 20:11:59] [build-stdout] [INFO] --- maven-enforcer-plugin:1.4.1:enforce (enforce-jakarta.annotation-api) @ xwiki-rendering-api ---
[2025-12-11 20:11:59] [build-stdout] [INFO] 
[2025-12-11 20:11:59] [build-stdout] [INFO] --- maven-enforcer-plugin:1.4.1:enforce (enforce-bouncycastle-ids) @ xwiki-rendering-api ---
[2025-12-11 20:11:59] [build-stdout] [INFO] 
[2025-12-11 20:11:59] [build-stdout] [INFO] --- maven-enforcer-plugin:1.4.1:enforce (enforce-velocity-engine-core) @ xwiki-rendering-api ---
[2025-12-11 20:11:59] [build-stdout] [INFO] 
[2025-12-11 20:11:59] [build-stdout] [INFO] --- maven-enforcer-plugin:1.4.1:enforce (enforce-asm) @ xwiki-rendering-api ---
[2025-12-11 20:11:59] [build-stdout] [INFO] 
[2025-12-11 20:11:59] [build-stdout] [INFO] --- maven-enforcer-plugin:1.4.1:enforce (enforce-cglib) @ xwiki-rendering-api ---
[2025-12-11 20:11:59] [build-stdout] [INFO] 
[2025-12-11 20:11:59] [build-stdout] [INFO] --- maven-enforcer-plugin:1.4.1:enforce (enforce-javase-dependencies) @ xwiki-rendering-api ---
[2025-12-11 20:11:59] [build-stdout] [INFO] 
[2025-12-11 20:11:59] [build-stdout] [INFO] --- maven-enforcer-plugin:1.4.1:enforce (enforce-jsr305) @ xwiki-rendering-api ---
[2025-12-11 20:11:59] [build-stdout] [INFO] 
[2025-12-11 20:11:59] [build-stdout] [INFO] --- maven-enforcer-plugin:1.4.1:enforce (enforce-jta) @ xwiki-rendering-api ---
[2025-12-11 20:11:59] [build-stdout] [INFO] 
[2025-12-11 20:11:59] [build-stdout] [INFO] --- maven-enforcer-plugin:1.4.1:enforce (enforce-jakarta.validation-api) @ xwiki-rendering-api ---
[2025-12-11 20:11:59] [build-stdout] [INFO] 
[2025-12-11 20:11:59] [build-stdout] [INFO] --- maven-enforcer-plugin:1.4.1:enforce (enforce-hibernate-validator) @ xwiki-rendering-api ---
[2025-12-11 20:11:59] [build-stdout] [INFO] 
[2025-12-11 20:11:59] [build-stdout] [INFO] --- maven-enforcer-plugin:1.4.1:enforce (enforce-upper-bounds) @ xwiki-rendering-api ---
[2025-12-11 20:12:00] [build-stdout] [INFO] 
[2025-12-11 20:12:00] [build-stdout] [INFO] --- maven-enforcer-plugin:1.4.1:enforce (enforce-no-legacy-dependencies) @ xwiki-rendering-api ---
[2025-12-11 20:12:00] [build-stdout] [INFO] 
[2025-12-11 20:12:00] [build-stdout] [INFO] --- maven-enforcer-plugin:1.4.1:enforce (enforce-valid-poms) @ xwiki-rendering-api ---
[2025-12-11 20:12:00] [build-stdout] [INFO] 
[2025-12-11 20:12:00] [build-stdout] [INFO] --- maven-enforcer-plugin:1.4.1:enforce (enforce-platform-isolation) @ xwiki-rendering-api ---
[2025-12-11 20:12:00] [build-stdout] [INFO] 
[2025-12-11 20:12:00] [build-stdout] [INFO] --- maven-enforcer-plugin:1.4.1:enforce (check-dependency-version) @ xwiki-rendering-api ---
[2025-12-11 20:12:00] [build-stdout] [INFO] 
[2025-12-11 20:12:00] [build-stdout] [INFO] --- xwiki-commons-tool-remote-resource-plugin:14.6:process (xwiki-license-resources) @ xwiki-rendering-api ---
[2025-12-11 20:12:00] [build-stdout] [INFO] Preparing remote bundle org.xwiki.commons:xwiki-commons-tool-license-resources:14.6
[2025-12-11 20:12:00] [build-stdout] [INFO] Copying 2 resources from 1 bundle.
[2025-12-11 20:12:01] [build-stdout] [INFO] 
[2025-12-11 20:12:01] [build-stdout] [INFO] --- maven-resources-plugin:3.2.0:resources (default-resources) @ xwiki-rendering-api ---
[2025-12-11 20:12:01] [build-stdout] [INFO] Using 'UTF-8' encoding to copy filtered resources.
[2025-12-11 20:12:01] [build-stdout] [INFO] Using 'UTF-8' encoding to copy filtered properties files.
[2025-12-11 20:12:01] [build-stdout] [INFO] Copying 5 resources
[2025-12-11 20:12:01] [build-stdout] [INFO] Copying 2 resources
[2025-12-11 20:12:01] [build-stdout] [INFO] 
[2025-12-11 20:12:01] [build-stdout] [INFO] --- maven-compiler-plugin:3.10.1:compile (default-compile) @ xwiki-rendering-api ---
[2025-12-11 20:12:01] [build-stdout] [INFO] Loaded from the build cache, saving 1s:969ms
[2025-12-11 20:12:01] [build-stdout] [INFO] 
[2025-12-11 20:12:01] [build-stdout] [INFO] --- maven-bundle-plugin:5.1.6:manifest (bundle-manifest) @ xwiki-rendering-api ---
[2025-12-11 20:12:01] [build-stdout] [INFO] No MANIFEST.MF file found, generating manifest.
[2025-12-11 20:12:01] [build-stdout] [INFO] Writing manifest: /data/iris_projects/xwiki__xwiki-rendering_CVE-2023-32070_14.6/xwiki-rendering-api/target/classes/META-INF/MANIFEST.MF
[2025-12-11 20:12:01] [build-stdout] [INFO] 
[2025-12-11 20:12:01] [build-stdout] [INFO] --- maven-resources-plugin:3.2.0:testResources (default-testResources) @ xwiki-rendering-api ---
[2025-12-11 20:12:01] [build-stdout] [INFO] Using 'UTF-8' encoding to copy filtered resources.
[2025-12-11 20:12:01] [build-stdout] [INFO] Using 'UTF-8' encoding to copy filtered properties files.
[2025-12-11 20:12:01] [build-stdout] [INFO] Copying 1 resource
[2025-12-11 20:12:01] [build-stdout] [INFO] Copying 2 resources
[2025-12-11 20:12:01] [build-stdout] [INFO] 
[2025-12-11 20:12:01] [build-stdout] [INFO] --- maven-compiler-plugin:3.10.1:testCompile (default-testCompile) @ xwiki-rendering-api ---
[2025-12-11 20:12:01] [build-stdout] [INFO] Loaded from the build cache, saving 720ms
[2025-12-11 20:12:01] [build-stdout] [INFO] 
[2025-12-11 20:12:01] [build-stdout] [INFO] --- maven-surefire-plugin:2.22.2:test (default-test) @ xwiki-rendering-api ---
[2025-12-11 20:12:02] [build-stdout] [INFO] Tests are skipped.
[2025-12-11 20:12:02] [build-stdout] [INFO] Skipped
[2025-12-11 20:12:02] [build-stdout] [INFO] 
[2025-12-11 20:12:02] [build-stdout] [INFO] --- maven-jar-plugin:3.2.2:jar (default-jar) @ xwiki-rendering-api ---
[2025-12-11 20:12:02] [build-stdout] [INFO] Building jar: /data/iris_projects/xwiki__xwiki-rendering_CVE-2023-32070_14.6/xwiki-rendering-api/target/xwiki-rendering-api-14.6.jar
[2025-12-11 20:12:02] [build-stdout] [INFO] 
[2025-12-11 20:12:02] [build-stdout] [INFO] --- maven-jar-plugin:3.2.2:test-jar (test-jar) @ xwiki-rendering-api ---
[2025-12-11 20:12:02] [build-stdout] [INFO] Building jar: /data/iris_projects/xwiki__xwiki-rendering_CVE-2023-32070_14.6/xwiki-rendering-api/target/xwiki-rendering-api-14.6-tests.jar
[2025-12-11 20:12:02] [build-stdout] [INFO] 
[2025-12-11 20:12:02] [build-stdout] [INFO] ------------------------------------------------------------------------
[2025-12-11 20:12:02] [build-stdout] [INFO] Building XWiki Rendering - XML 14.6
[2025-12-11 20:12:02] [build-stdout] [INFO] ------------------------------------------------------------------------
[2025-12-11 20:12:02] [build-stdout] [INFO] 
[2025-12-11 20:12:02] [build-stdout] [INFO] --- maven-clean-plugin:3.2.0:clean (default-clean) @ xwiki-rendering-xml ---
[2025-12-11 20:12:02] [build-stdout] [INFO] Deleting /data/iris_projects/xwiki__xwiki-rendering_CVE-2023-32070_14.6/xwiki-rendering-xml/target
[2025-12-11 20:12:02] [build-stdout] [INFO] 
[2025-12-11 20:12:02] [build-stdout] [INFO] --- maven-enforcer-plugin:1.4.1:enforce (enforce-plugins) @ xwiki-rendering-xml ---
[2025-12-11 20:12:02] [build-stdout] [INFO] 
[2025-12-11 20:12:02] [build-stdout] [INFO] --- maven-enforcer-plugin:1.4.1:enforce (enforce-jcl-log4j-isolation) @ xwiki-rendering-xml ---
[2025-12-11 20:12:02] [build-stdout] [INFO] 
[2025-12-11 20:12:02] [build-stdout] [INFO] --- maven-enforcer-plugin:1.4.1:enforce (enforce-jakarta.xml.bind-api) @ xwiki-rendering-xml ---
[2025-12-11 20:12:02] [build-stdout] [INFO] 
[2025-12-11 20:12:02] [build-stdout] [INFO] --- maven-enforcer-plugin:1.4.1:enforce (enforce-glasshfish-jaxb) @ xwiki-rendering-xml ---
[2025-12-11 20:12:02] [build-stdout] [INFO] 
[2025-12-11 20:12:02] [build-stdout] [INFO] --- maven-enforcer-plugin:1.4.1:enforce (enforce-jaxrs1) @ xwiki-rendering-xml ---
[2025-12-11 20:12:02] [build-stdout] [INFO] 
[2025-12-11 20:12:02] [build-stdout] [INFO] --- maven-enforcer-plugin:1.4.1:enforce (enforce-open-json) @ xwiki-rendering-xml ---
[2025-12-11 20:12:02] [build-stdout] [INFO] 
[2025-12-11 20:12:02] [build-stdout] [INFO] --- maven-enforcer-plugin:1.4.1:enforce (enforce-glassfish-el) @ xwiki-rendering-xml ---
[2025-12-11 20:12:02] [build-stdout] [INFO] 
[2025-12-11 20:12:02] [build-stdout] [INFO] --- maven-enforcer-plugin:1.4.1:enforce (enforce-commons-lang3) @ xwiki-rendering-xml ---
[2025-12-11 20:12:02] [build-stdout] [INFO] 
[2025-12-11 20:12:02] [build-stdout] [INFO] --- maven-enforcer-plugin:1.4.1:enforce (enforce-commons-configuration2) @ xwiki-rendering-xml ---
[2025-12-11 20:12:02] [build-stdout] [INFO] 
[2025-12-11 20:12:02] [build-stdout] [INFO] --- maven-enforcer-plugin:1.4.1:enforce (enforce-jakarta.activation-api) @ xwiki-rendering-xml ---
[2025-12-11 20:12:02] [build-stdout] [INFO] 
[2025-12-11 20:12:02] [build-stdout] [INFO] --- maven-enforcer-plugin:1.4.1:enforce (enforce-jakarta.activation) @ xwiki-rendering-xml ---
[2025-12-11 20:12:02] [build-stdout] [INFO] 
[2025-12-11 20:12:02] [build-stdout] [INFO] --- maven-enforcer-plugin:1.4.1:enforce (enforce-jakarta.mail-api) @ xwiki-rendering-xml ---
[2025-12-11 20:12:02] [build-stdout] [INFO] 
[2025-12-11 20:12:02] [build-stdout] [INFO] --- maven-enforcer-plugin:1.4.1:enforce (enforce-jakarta.mail) @ xwiki-rendering-xml ---
[2025-12-11 20:12:02] [build-stdout] [INFO] 
[2025-12-11 20:12:02] [build-stdout] [INFO] --- maven-enforcer-plugin:1.4.1:enforce (enforce-jakarta.annotation-api) @ xwiki-rendering-xml ---
[2025-12-11 20:12:02] [build-stdout] [INFO] 
[2025-12-11 20:12:02] [build-stdout] [INFO] --- maven-enforcer-plugin:1.4.1:enforce (enforce-bouncycastle-ids) @ xwiki-rendering-xml ---
[2025-12-11 20:12:02] [build-stdout] [INFO] 
[2025-12-11 20:12:02] [build-stdout] [INFO] --- maven-enforcer-plugin:1.4.1:enforce (enforce-velocity-engine-core) @ xwiki-rendering-xml ---
[2025-12-11 20:12:02] [build-stdout] [INFO] 
[2025-12-11 20:12:02] [build-stdout] [INFO] --- maven-enforcer-plugin:1.4.1:enforce (enforce-asm) @ xwiki-rendering-xml ---
[2025-12-11 20:12:02] [build-stdout] [INFO] 
[2025-12-11 20:12:02] [build-stdout] [INFO] --- maven-enforcer-plugin:1.4.1:enforce (enforce-cglib) @ xwiki-rendering-xml ---
[2025-12-11 20:12:02] [build-stdout] [INFO] 
[2025-12-11 20:12:02] [build-stdout] [INFO] --- maven-enforcer-plugin:1.4.1:enforce (enforce-javase-dependencies) @ xwiki-rendering-xml ---
[2025-12-11 20:12:02] [build-stdout] [INFO] 
[2025-12-11 20:12:02] [build-stdout] [INFO] --- maven-enforcer-plugin:1.4.1:enforce (enforce-jsr305) @ xwiki-rendering-xml ---
[2025-12-11 20:12:02] [build-stdout] [INFO] 
[2025-12-11 20:12:02] [build-stdout] [INFO] --- maven-enforcer-plugin:1.4.1:enforce (enforce-jta) @ xwiki-rendering-xml ---
[2025-12-11 20:12:02] [build-stdout] [INFO] 
[2025-12-11 20:12:02] [build-stdout] [INFO] --- maven-enforcer-plugin:1.4.1:enforce (enforce-jakarta.validation-api) @ xwiki-rendering-xml ---
[2025-12-11 20:12:02] [build-stdout] [INFO] 
[2025-12-11 20:12:02] [build-stdout] [INFO] --- maven-enforcer-plugin:1.4.1:enforce (enforce-hibernate-validator) @ xwiki-rendering-xml ---
[2025-12-11 20:12:02] [build-stdout] [INFO] 
[2025-12-11 20:12:02] [build-stdout] [INFO] --- maven-enforcer-plugin:1.4.1:enforce (enforce-upper-bounds) @ xwiki-rendering-xml ---
[2025-12-11 20:12:02] [build-stdout] [INFO] 
[2025-12-11 20:12:02] [build-stdout] [INFO] --- maven-enforcer-plugin:1.4.1:enforce (enforce-no-legacy-dependencies) @ xwiki-rendering-xml ---
[2025-12-11 20:12:02] [build-stdout] [INFO] 
[2025-12-11 20:12:02] [build-stdout] [INFO] --- maven-enforcer-plugin:1.4.1:enforce (enforce-valid-poms) @ xwiki-rendering-xml ---
[2025-12-11 20:12:02] [build-stdout] [INFO] 
[2025-12-11 20:12:02] [build-stdout] [INFO] --- maven-enforcer-plugin:1.4.1:enforce (enforce-platform-isolation) @ xwiki-rendering-xml ---
[2025-12-11 20:12:02] [build-stdout] [INFO] 
[2025-12-11 20:12:02] [build-stdout] [INFO] --- maven-enforcer-plugin:1.4.1:enforce (check-dependency-version) @ xwiki-rendering-xml ---
[2025-12-11 20:12:02] [build-stdout] [INFO] 
[2025-12-11 20:12:02] [build-stdout] [INFO] --- xwiki-commons-tool-remote-resource-plugin:14.6:process (xwiki-license-resources) @ xwiki-rendering-xml ---
[2025-12-11 20:12:02] [build-stdout] [INFO] Preparing remote bundle org.xwiki.commons:xwiki-commons-tool-license-resources:14.6
[2025-12-11 20:12:02] [build-stdout] [INFO] Copying 2 resources from 1 bundle.
[2025-12-11 20:12:03] [build-stdout] [INFO] 
[2025-12-11 20:12:03] [build-stdout] [INFO] --- maven-resources-plugin:3.2.0:resources (default-resources) @ xwiki-rendering-xml ---
[2025-12-11 20:12:03] [build-stdout] [INFO] Using 'UTF-8' encoding to copy filtered resources.
[2025-12-11 20:12:03] [build-stdout] [INFO] Using 'UTF-8' encoding to copy filtered properties files.
[2025-12-11 20:12:03] [build-stdout] [INFO] skip non existing resourceDirectory /data/iris_projects/xwiki__xwiki-rendering_CVE-2023-32070_14.6/xwiki-rendering-xml/src/main/resources
[2025-12-11 20:12:03] [build-stdout] [INFO] Copying 2 resources
[2025-12-11 20:12:03] [build-stdout] [INFO] 
[2025-12-11 20:12:03] [build-stdout] [INFO] --- maven-compiler-plugin:3.10.1:compile (default-compile) @ xwiki-rendering-xml ---
[2025-12-11 20:12:03] [build-stdout] [INFO] Loaded from the build cache, saving 68ms
[2025-12-11 20:12:03] [build-stdout] [INFO] 
[2025-12-11 20:12:03] [build-stdout] [INFO] --- maven-bundle-plugin:5.1.6:manifest (bundle-manifest) @ xwiki-rendering-xml ---
[2025-12-11 20:12:03] [build-stdout] [INFO] No MANIFEST.MF file found, generating manifest.
[2025-12-11 20:12:03] [build-stdout] [INFO] Writing manifest: /data/iris_projects/xwiki__xwiki-rendering_CVE-2023-32070_14.6/xwiki-rendering-xml/target/classes/META-INF/MANIFEST.MF
[2025-12-11 20:12:03] [build-stdout] [INFO] 
[2025-12-11 20:12:03] [build-stdout] [INFO] --- maven-resources-plugin:3.2.0:testResources (default-testResources) @ xwiki-rendering-xml ---
[2025-12-11 20:12:03] [build-stdout] [INFO] Using 'UTF-8' encoding to copy filtered resources.
[2025-12-11 20:12:03] [build-stdout] [INFO] Using 'UTF-8' encoding to copy filtered properties files.
[2025-12-11 20:12:03] [build-stdout] [INFO] skip non existing resourceDirectory /data/iris_projects/xwiki__xwiki-rendering_CVE-2023-32070_14.6/xwiki-rendering-xml/src/test/resources
[2025-12-11 20:12:03] [build-stdout] [INFO] Copying 2 resources
[2025-12-11 20:12:03] [build-stdout] [INFO] 
[2025-12-11 20:12:03] [build-stdout] [INFO] --- maven-compiler-plugin:3.10.1:testCompile (default-testCompile) @ xwiki-rendering-xml ---
[2025-12-11 20:12:03] [build-stdout] [INFO] Loaded from the build cache
[2025-12-11 20:12:03] [build-stdout] [INFO] 
[2025-12-11 20:12:03] [build-stdout] [INFO] --- maven-surefire-plugin:2.22.2:test (default-test) @ xwiki-rendering-xml ---
[2025-12-11 20:12:03] [build-stdout] [INFO] Tests are skipped.
[2025-12-11 20:12:03] [build-stdout] [INFO] Skipped
[2025-12-11 20:12:03] [build-stdout] [INFO] 
[2025-12-11 20:12:03] [build-stdout] [INFO] --- maven-jar-plugin:3.2.2:jar (default-jar) @ xwiki-rendering-xml ---
[2025-12-11 20:12:03] [build-stdout] [INFO] Building jar: /data/iris_projects/xwiki__xwiki-rendering_CVE-2023-32070_14.6/xwiki-rendering-xml/target/xwiki-rendering-xml-14.6.jar
[2025-12-11 20:12:03] [build-stdout] [INFO] 
[2025-12-11 20:12:03] [build-stdout] [INFO] ------------------------------------------------------------------------
[2025-12-11 20:12:03] [build-stdout] [INFO] Building XWiki Rendering - WikiModel 14.6
[2025-12-11 20:12:03] [build-stdout] [INFO] ------------------------------------------------------------------------
[2025-12-11 20:12:03] [build-stdout] [INFO] 
[2025-12-11 20:12:03] [build-stdout] [INFO] --- maven-clean-plugin:3.2.0:clean (default-clean) @ xwiki-rendering-wikimodel ---
[2025-12-11 20:12:03] [build-stdout] [INFO] Deleting /data/iris_projects/xwiki__xwiki-rendering_CVE-2023-32070_14.6/xwiki-rendering-wikimodel/target
[2025-12-11 20:12:03] [build-stdout] [INFO] 
[2025-12-11 20:12:03] [build-stdout] [INFO] --- maven-enforcer-plugin:1.4.1:enforce (enforce-plugins) @ xwiki-rendering-wikimodel ---
[2025-12-11 20:12:03] [build-stdout] [INFO] 
[2025-12-11 20:12:03] [build-stdout] [INFO] --- maven-enforcer-plugin:1.4.1:enforce (enforce-jcl-log4j-isolation) @ xwiki-rendering-wikimodel ---
[2025-12-11 20:12:03] [build-stdout] [INFO] 
[2025-12-11 20:12:03] [build-stdout] [INFO] --- maven-enforcer-plugin:1.4.1:enforce (enforce-jakarta.xml.bind-api) @ xwiki-rendering-wikimodel ---
[2025-12-11 20:12:03] [build-stdout] [INFO] 
[2025-12-11 20:12:03] [build-stdout] [INFO] --- maven-enforcer-plugin:1.4.1:enforce (enforce-glasshfish-jaxb) @ xwiki-rendering-wikimodel ---
[2025-12-11 20:12:03] [build-stdout] [INFO] 
[2025-12-11 20:12:03] [build-stdout] [INFO] --- maven-enforcer-plugin:1.4.1:enforce (enforce-jaxrs1) @ xwiki-rendering-wikimodel ---
[2025-12-11 20:12:03] [build-stdout] [INFO] 
[2025-12-11 20:12:03] [build-stdout] [INFO] --- maven-enforcer-plugin:1.4.1:enforce (enforce-open-json) @ xwiki-rendering-wikimodel ---
[2025-12-11 20:12:03] [build-stdout] [INFO] 
[2025-12-11 20:12:03] [build-stdout] [INFO] --- maven-enforcer-plugin:1.4.1:enforce (enforce-glassfish-el) @ xwiki-rendering-wikimodel ---
[2025-12-11 20:12:03] [build-stdout] [INFO] 
[2025-12-11 20:12:03] [build-stdout] [INFO] --- maven-enforcer-plugin:1.4.1:enforce (enforce-commons-lang3) @ xwiki-rendering-wikimodel ---
[2025-12-11 20:12:03] [build-stdout] [INFO] 
[2025-12-11 20:12:03] [build-stdout] [INFO] --- maven-enforcer-plugin:1.4.1:enforce (enforce-commons-configuration2) @ xwiki-rendering-wikimodel ---
[2025-12-11 20:12:03] [build-stdout] [INFO] 
[2025-12-11 20:12:03] [build-stdout] [INFO] --- maven-enforcer-plugin:1.4.1:enforce (enforce-jakarta.activation-api) @ xwiki-rendering-wikimodel ---
[2025-12-11 20:12:03] [build-stdout] [INFO] 
[2025-12-11 20:12:03] [build-stdout] [INFO] --- maven-enforcer-plugin:1.4.1:enforce (enforce-jakarta.activation) @ xwiki-rendering-wikimodel ---
[2025-12-11 20:12:03] [build-stdout] [INFO] 
[2025-12-11 20:12:03] [build-stdout] [INFO] --- maven-enforcer-plugin:1.4.1:enforce (enforce-jakarta.mail-api) @ xwiki-rendering-wikimodel ---
[2025-12-11 20:12:03] [build-stdout] [INFO] 
[2025-12-11 20:12:03] [build-stdout] [INFO] --- maven-enforcer-plugin:1.4.1:enforce (enforce-jakarta.mail) @ xwiki-rendering-wikimodel ---
[2025-12-11 20:12:03] [build-stdout] [INFO] 
[2025-12-11 20:12:03] [build-stdout] [INFO] --- maven-enforcer-plugin:1.4.1:enforce (enforce-jakarta.annotation-api) @ xwiki-rendering-wikimodel ---
[2025-12-11 20:12:03] [build-stdout] [INFO] 
[2025-12-11 20:12:03] [build-stdout] [INFO] --- maven-enforcer-plugin:1.4.1:enforce (enforce-bouncycastle-ids) @ xwiki-rendering-wikimodel ---
[2025-12-11 20:12:03] [build-stdout] [INFO] 
[2025-12-11 20:12:03] [build-stdout] [INFO] --- maven-enforcer-plugin:1.4.1:enforce (enforce-velocity-engine-core) @ xwiki-rendering-wikimodel ---
[2025-12-11 20:12:03] [build-stdout] [INFO] 
[2025-12-11 20:12:03] [build-stdout] [INFO] --- maven-enforcer-plugin:1.4.1:enforce (enforce-asm) @ xwiki-rendering-wikimodel ---
[2025-12-11 20:12:03] [build-stdout] [INFO] 
[2025-12-11 20:12:03] [build-stdout] [INFO] --- maven-enforcer-plugin:1.4.1:enforce (enforce-cglib) @ xwiki-rendering-wikimodel ---
[2025-12-11 20:12:03] [build-stdout] [INFO] 
[2025-12-11 20:12:03] [build-stdout] [INFO] --- maven-enforcer-plugin:1.4.1:enforce (enforce-javase-dependencies) @ xwiki-rendering-wikimodel ---
[2025-12-11 20:12:03] [build-stdout] [INFO] 
[2025-12-11 20:12:03] [build-stdout] [INFO] --- maven-enforcer-plugin:1.4.1:enforce (enforce-jsr305) @ xwiki-rendering-wikimodel ---
[2025-12-11 20:12:03] [build-stdout] [INFO] 
[2025-12-11 20:12:03] [build-stdout] [INFO] --- maven-enforcer-plugin:1.4.1:enforce (enforce-jta) @ xwiki-rendering-wikimodel ---
[2025-12-11 20:12:03] [build-stdout] [INFO] 
[2025-12-11 20:12:03] [build-stdout] [INFO] --- maven-enforcer-plugin:1.4.1:enforce (enforce-jakarta.validation-api) @ xwiki-rendering-wikimodel ---
[2025-12-11 20:12:03] [build-stdout] [INFO] 
[2025-12-11 20:12:03] [build-stdout] [INFO] --- maven-enforcer-plugin:1.4.1:enforce (enforce-hibernate-validator) @ xwiki-rendering-wikimodel ---
[2025-12-11 20:12:03] [build-stdout] [INFO] 
[2025-12-11 20:12:03] [build-stdout] [INFO] --- maven-enforcer-plugin:1.4.1:enforce (enforce-upper-bounds) @ xwiki-rendering-wikimodel ---
[2025-12-11 20:12:03] [build-stdout] [INFO] 
[2025-12-11 20:12:03] [build-stdout] [INFO] --- maven-enforcer-plugin:1.4.1:enforce (enforce-no-legacy-dependencies) @ xwiki-rendering-wikimodel ---
[2025-12-11 20:12:03] [build-stdout] [INFO] 
[2025-12-11 20:12:03] [build-stdout] [INFO] --- maven-enforcer-plugin:1.4.1:enforce (enforce-valid-poms) @ xwiki-rendering-wikimodel ---
[2025-12-11 20:12:03] [build-stdout] [INFO] 
[2025-12-11 20:12:03] [build-stdout] [INFO] --- maven-enforcer-plugin:1.4.1:enforce (enforce-platform-isolation) @ xwiki-rendering-wikimodel ---
[2025-12-11 20:12:03] [build-stdout] [INFO] 
[2025-12-11 20:12:03] [build-stdout] [INFO] --- maven-enforcer-plugin:1.4.1:enforce (check-dependency-version) @ xwiki-rendering-wikimodel ---
[2025-12-11 20:12:03] [build-stdout] [INFO] 
[2025-12-11 20:12:03] [build-stdout] [INFO] --- javacc-maven-plugin:3.0.3:javacc (javacc) @ xwiki-rendering-wikimodel ---
[2025-12-11 20:12:04] [build-stdout] Java Compiler Compiler Version 7.0.12 (Parser Generator)
[2025-12-11 20:12:04] [build-stdout] (type "javacc" with no arguments for help)
[2025-12-11 20:12:04] [build-stdout] Reading from file /data/iris_projects/xwiki__xwiki-rendering_CVE-2023-32070_14.6/xwiki-rendering-wikimodel/src/main/javacc/XWiki20Scanner.jj . . .
[2025-12-11 20:12:04] [build-stdout] Note: UNICODE_INPUT option is specified. Please make sure you create the parser/lexer using a Reader with the correct character encoding.
[2025-12-11 20:12:04] [build-stderr] Warning: Line 320, Column 5: Regular expression can be matched by the empty string ("") in lexical state DEFAULT. This regular expression along with the regular expressions at line 339, column 5 forms the cycle 
[2025-12-11 20:12:04] [build-stderr]    DEFAULT-->BEGINNING_OF_LINE-->BEGINNING_OF_LINE
[2025-12-11 20:12:04] [build-stderr] containing regular expressions with empty matches. This can result in an endless loop of empty string matches.
[2025-12-11 20:12:04] [build-stdout] File "TokenMgrError.java" does not exist.  Will create one.
[2025-12-11 20:12:04] [build-stdout] File "ParseException.java" does not exist.  Will create one.
[2025-12-11 20:12:04] [build-stdout] File "Token.java" does not exist.  Will create one.
[2025-12-11 20:12:04] [build-stdout] File "SimpleCharStream.java" does not exist.  Will create one.
[2025-12-11 20:12:04] [build-stdout] Parser generated with 0 errors and 1 warnings.
[2025-12-11 20:12:04] [build-stdout] Java Compiler Compiler Version 7.0.12 (Parser Generator)
[2025-12-11 20:12:04] [build-stdout] (type "javacc" with no arguments for help)
[2025-12-11 20:12:04] [build-stdout] Reading from file /data/iris_projects/xwiki__xwiki-rendering_CVE-2023-32070_14.6/xwiki-rendering-wikimodel/src/main/javacc/CreoleWikiScanner.jj . . .
[2025-12-11 20:12:04] [build-stdout] Note: UNICODE_INPUT option is specified. Please make sure you create the parser/lexer using a Reader with the correct character encoding.
[2025-12-11 20:12:04] [build-stdout] File "TokenMgrError.java" does not exist.  Will create one.
[2025-12-11 20:12:04] [build-stdout] File "ParseException.java" does not exist.  Will create one.
[2025-12-11 20:12:04] [build-stdout] File "Token.java" does not exist.  Will create one.
[2025-12-11 20:12:04] [build-stdout] File "SimpleCharStream.java" does not exist.  Will create one.
[2025-12-11 20:12:04] [build-stdout] Parser generated successfully.
[2025-12-11 20:12:04] [build-stdout] Java Compiler Compiler Version 7.0.12 (Parser Generator)
[2025-12-11 20:12:04] [build-stdout] (type "javacc" with no arguments for help)
[2025-12-11 20:12:04] [build-stdout] Reading from file /data/iris_projects/xwiki__xwiki-rendering_CVE-2023-32070_14.6/xwiki-rendering-wikimodel/src/main/javacc/GWikiScanner.jj . . .
[2025-12-11 20:12:04] [build-stdout] Note: UNICODE_INPUT option is specified. Please make sure you create the parser/lexer using a Reader with the correct character encoding.
[2025-12-11 20:12:04] [build-stdout] File "TokenMgrError.java" does not exist.  Will create one.
[2025-12-11 20:12:04] [build-stdout] File "ParseException.java" does not exist.  Will create one.
[2025-12-11 20:12:04] [build-stdout] File "Token.java" does not exist.  Will create one.
[2025-12-11 20:12:04] [build-stdout] File "SimpleCharStream.java" does not exist.  Will create one.
[2025-12-11 20:12:04] [build-stdout] Parser generated successfully.
[2025-12-11 20:12:04] [build-stdout] Java Compiler Compiler Version 7.0.12 (Parser Generator)
[2025-12-11 20:12:04] [build-stdout] (type "javacc" with no arguments for help)
[2025-12-11 20:12:04] [build-stdout] Reading from file /data/iris_projects/xwiki__xwiki-rendering_CVE-2023-32070_14.6/xwiki-rendering-wikimodel/src/main/javacc/XWiki21Scanner.jj . . .
[2025-12-11 20:12:04] [build-stdout] Note: UNICODE_INPUT option is specified. Please make sure you create the parser/lexer using a Reader with the correct character encoding.
[2025-12-11 20:12:04] [build-stderr] Warning: Line 320, Column 5: Regular expression can be matched by the empty string ("") in lexical state DEFAULT. This regular expression along with the regular expressions at line 339, column 5 forms the cycle 
[2025-12-11 20:12:04] [build-stderr]    DEFAULT-->BEGINNING_OF_LINE-->BEGINNING_OF_LINE
[2025-12-11 20:12:04] [build-stderr] containing regular expressions with empty matches. This can result in an endless loop of empty string matches.
[2025-12-11 20:12:04] [build-stdout] File "TokenMgrError.java" does not exist.  Will create one.
[2025-12-11 20:12:04] [build-stdout] File "ParseException.java" does not exist.  Will create one.
[2025-12-11 20:12:04] [build-stdout] File "Token.java" does not exist.  Will create one.
[2025-12-11 20:12:04] [build-stdout] File "SimpleCharStream.java" does not exist.  Will create one.
[2025-12-11 20:12:04] [build-stdout] Parser generated with 0 errors and 1 warnings.
[2025-12-11 20:12:04] [build-stdout] Java Compiler Compiler Version 7.0.12 (Parser Generator)
[2025-12-11 20:12:04] [build-stdout] (type "javacc" with no arguments for help)
[2025-12-11 20:12:04] [build-stdout] Reading from file /data/iris_projects/xwiki__xwiki-rendering_CVE-2023-32070_14.6/xwiki-rendering-wikimodel/src/main/javacc/CommonWikiScanner.jj . . .
[2025-12-11 20:12:04] [build-stdout] Note: UNICODE_INPUT option is specified. Please make sure you create the parser/lexer using a Reader with the correct character encoding.
[2025-12-11 20:12:05] [build-stdout] File "TokenMgrError.java" does not exist.  Will create one.
[2025-12-11 20:12:05] [build-stdout] File "ParseException.java" does not exist.  Will create one.
[2025-12-11 20:12:05] [build-stdout] File "Token.java" does not exist.  Will create one.
[2025-12-11 20:12:05] [build-stdout] File "SimpleCharStream.java" does not exist.  Will create one.
[2025-12-11 20:12:05] [build-stdout] Parser generated successfully.
[2025-12-11 20:12:05] [build-stdout] Java Compiler Compiler Version 7.0.12 (Parser Generator)
[2025-12-11 20:12:05] [build-stdout] (type "javacc" with no arguments for help)
[2025-12-11 20:12:05] [build-stdout] Reading from file /data/iris_projects/xwiki__xwiki-rendering_CVE-2023-32070_14.6/xwiki-rendering-wikimodel/src/main/javacc/JspWikiScanner.jj . . .
[2025-12-11 20:12:05] [build-stdout] Note: UNICODE_INPUT option is specified. Please make sure you create the parser/lexer using a Reader with the correct character encoding.
[2025-12-11 20:12:05] [build-stdout] File "TokenMgrError.java" does not exist.  Will create one.
[2025-12-11 20:12:05] [build-stdout] File "ParseException.java" does not exist.  Will create one.
[2025-12-11 20:12:05] [build-stdout] File "Token.java" does not exist.  Will create one.
[2025-12-11 20:12:05] [build-stdout] File "SimpleCharStream.java" does not exist.  Will create one.
[2025-12-11 20:12:05] [build-stdout] Parser generated successfully.
[2025-12-11 20:12:05] [build-stdout] [INFO] Processed 6 grammars
[2025-12-11 20:12:05] [build-stdout] [INFO] 
[2025-12-11 20:12:05] [build-stdout] [INFO] --- xwiki-commons-tool-remote-resource-plugin:14.6:process (xwiki-license-resources) @ xwiki-rendering-wikimodel ---
[2025-12-11 20:12:05] [build-stdout] [INFO] Preparing remote bundle org.xwiki.commons:xwiki-commons-tool-license-resources:14.6
[2025-12-11 20:12:05] [build-stdout] [INFO] Copying 2 resources from 1 bundle.
[2025-12-11 20:12:05] [build-stdout] [INFO] 
[2025-12-11 20:12:05] [build-stdout] [INFO] --- maven-resources-plugin:3.2.0:resources (default-resources) @ xwiki-rendering-wikimodel ---
[2025-12-11 20:12:05] [build-stdout] [INFO] Using 'UTF-8' encoding to copy filtered resources.
[2025-12-11 20:12:05] [build-stdout] [INFO] Using 'UTF-8' encoding to copy filtered properties files.
[2025-12-11 20:12:05] [build-stdout] [INFO] Copying 1 resource
[2025-12-11 20:12:05] [build-stdout] [INFO] Copying 2 resources
[2025-12-11 20:12:05] [build-stdout] [INFO] 
[2025-12-11 20:12:05] [build-stdout] [INFO] --- maven-compiler-plugin:3.10.1:compile (default-compile) @ xwiki-rendering-wikimodel ---
[2025-12-11 20:12:05] [build-stdout] [INFO] Loaded from the build cache, saving 1s:478ms
[2025-12-11 20:12:05] [build-stdout] [INFO] 
[2025-12-11 20:12:05] [build-stdout] [INFO] --- maven-bundle-plugin:5.1.6:manifest (bundle-manifest) @ xwiki-rendering-wikimodel ---
[2025-12-11 20:12:05] [build-stdout] [INFO] No MANIFEST.MF file found, generating manifest.
[2025-12-11 20:12:06] [build-stdout] [WARNING] Manifest org.xwiki.rendering:xwiki-rendering-wikimodel:jar:14.6 : Export org.xwiki.rendering.wikimodel.xhtml.handler,  has 1,  private references [org.xwiki.rendering.wikimodel.xhtml.impl]
[2025-12-11 20:12:06] [build-stdout] [INFO] Writing manifest: /data/iris_projects/xwiki__xwiki-rendering_CVE-2023-32070_14.6/xwiki-rendering-wikimodel/target/classes/META-INF/MANIFEST.MF
[2025-12-11 20:12:06] [build-stdout] [INFO] 
[2025-12-11 20:12:06] [build-stdout] [INFO] --- maven-resources-plugin:3.2.0:testResources (default-testResources) @ xwiki-rendering-wikimodel ---
[2025-12-11 20:12:06] [build-stdout] [INFO] Using 'UTF-8' encoding to copy filtered resources.
[2025-12-11 20:12:06] [build-stdout] [INFO] Using 'UTF-8' encoding to copy filtered properties files.
[2025-12-11 20:12:06] [build-stdout] [INFO] skip non existing resourceDirectory /data/iris_projects/xwiki__xwiki-rendering_CVE-2023-32070_14.6/xwiki-rendering-wikimodel/src/test/resources
[2025-12-11 20:12:06] [build-stdout] [INFO] Copying 2 resources
[2025-12-11 20:12:06] [build-stdout] [INFO] 
[2025-12-11 20:12:06] [build-stdout] [INFO] --- maven-compiler-plugin:3.10.1:testCompile (default-testCompile) @ xwiki-rendering-wikimodel ---
[2025-12-11 20:12:06] [build-stdout] [INFO] Loaded from the build cache, saving 188ms
[2025-12-11 20:12:06] [build-stdout] [INFO] 
[2025-12-11 20:12:06] [build-stdout] [INFO] --- maven-surefire-plugin:2.22.2:test (default-test) @ xwiki-rendering-wikimodel ---
[2025-12-11 20:12:06] [build-stdout] [INFO] Tests are skipped.
[2025-12-11 20:12:06] [build-stdout] [INFO] Skipped
[2025-12-11 20:12:06] [build-stdout] [INFO] 
[2025-12-11 20:12:06] [build-stdout] [INFO] --- maven-jar-plugin:3.2.2:jar (default-jar) @ xwiki-rendering-wikimodel ---
[2025-12-11 20:12:06] [build-stdout] [INFO] Building jar: /data/iris_projects/xwiki__xwiki-rendering_CVE-2023-32070_14.6/xwiki-rendering-wikimodel/target/xwiki-rendering-wikimodel-14.6.jar
[2025-12-11 20:12:06] [build-stdout] [INFO] 
[2025-12-11 20:12:06] [build-stdout] [INFO] ------------------------------------------------------------------------
[2025-12-11 20:12:06] [build-stdout] [INFO] Building XWiki Rendering - Syntaxes - Parent POM 14.6
[2025-12-11 20:12:06] [build-stdout] [INFO] ------------------------------------------------------------------------
[2025-12-11 20:12:06] [build-stdout] [INFO] 
[2025-12-11 20:12:06] [build-stdout] [INFO] --- maven-clean-plugin:3.2.0:clean (default-clean) @ xwiki-rendering-syntaxes ---
[2025-12-11 20:12:06] [build-stdout] [INFO] Deleting /data/iris_projects/xwiki__xwiki-rendering_CVE-2023-32070_14.6/xwiki-rendering-syntaxes/target
[2025-12-11 20:12:06] [build-stdout] [INFO] 
[2025-12-11 20:12:06] [build-stdout] [INFO] --- maven-enforcer-plugin:1.4.1:enforce (enforce-plugins) @ xwiki-rendering-syntaxes ---
[2025-12-11 20:12:06] [build-stdout] [INFO] 
[2025-12-11 20:12:06] [build-stdout] [INFO] --- maven-enforcer-plugin:1.4.1:enforce (enforce-jcl-log4j-isolation) @ xwiki-rendering-syntaxes ---
[2025-12-11 20:12:06] [build-stdout] [INFO] 
[2025-12-11 20:12:06] [build-stdout] [INFO] --- maven-enforcer-plugin:1.4.1:enforce (enforce-jakarta.xml.bind-api) @ xwiki-rendering-syntaxes ---
[2025-12-11 20:12:06] [build-stdout] [INFO] 
[2025-12-11 20:12:06] [build-stdout] [INFO] --- maven-enforcer-plugin:1.4.1:enforce (enforce-glasshfish-jaxb) @ xwiki-rendering-syntaxes ---
[2025-12-11 20:12:06] [build-stdout] [INFO] 
[2025-12-11 20:12:06] [build-stdout] [INFO] --- maven-enforcer-plugin:1.4.1:enforce (enforce-jaxrs1) @ xwiki-rendering-syntaxes ---
[2025-12-11 20:12:06] [build-stdout] [INFO] 
[2025-12-11 20:12:06] [build-stdout] [INFO] --- maven-enforcer-plugin:1.4.1:enforce (enforce-open-json) @ xwiki-rendering-syntaxes ---
[2025-12-11 20:12:06] [build-stdout] [INFO] 
[2025-12-11 20:12:06] [build-stdout] [INFO] --- maven-enforcer-plugin:1.4.1:enforce (enforce-glassfish-el) @ xwiki-rendering-syntaxes ---
[2025-12-11 20:12:06] [build-stdout] [INFO] 
[2025-12-11 20:12:06] [build-stdout] [INFO] --- maven-enforcer-plugin:1.4.1:enforce (enforce-commons-lang3) @ xwiki-rendering-syntaxes ---
[2025-12-11 20:12:06] [build-stdout] [INFO] 
[2025-12-11 20:12:06] [build-stdout] [INFO] --- maven-enforcer-plugin:1.4.1:enforce (enforce-commons-configuration2) @ xwiki-rendering-syntaxes ---
[2025-12-11 20:12:06] [build-stdout] [INFO] 
[2025-12-11 20:12:06] [build-stdout] [INFO] --- maven-enforcer-plugin:1.4.1:enforce (enforce-jakarta.activation-api) @ xwiki-rendering-syntaxes ---
[2025-12-11 20:12:06] [build-stdout] [INFO] 
[2025-12-11 20:12:06] [build-stdout] [INFO] --- maven-enforcer-plugin:1.4.1:enforce (enforce-jakarta.activation) @ xwiki-rendering-syntaxes ---
[2025-12-11 20:12:06] [build-stdout] [INFO] 
[2025-12-11 20:12:06] [build-stdout] [INFO] --- maven-enforcer-plugin:1.4.1:enforce (enforce-jakarta.mail-api) @ xwiki-rendering-syntaxes ---
[2025-12-11 20:12:06] [build-stdout] [INFO] 
[2025-12-11 20:12:06] [build-stdout] [INFO] --- maven-enforcer-plugin:1.4.1:enforce (enforce-jakarta.mail) @ xwiki-rendering-syntaxes ---
[2025-12-11 20:12:06] [build-stdout] [INFO] 
[2025-12-11 20:12:06] [build-stdout] [INFO] --- maven-enforcer-plugin:1.4.1:enforce (enforce-jakarta.annotation-api) @ xwiki-rendering-syntaxes ---
[2025-12-11 20:12:06] [build-stdout] [INFO] 
[2025-12-11 20:12:06] [build-stdout] [INFO] --- maven-enforcer-plugin:1.4.1:enforce (enforce-bouncycastle-ids) @ xwiki-rendering-syntaxes ---
[2025-12-11 20:12:06] [build-stdout] [INFO] 
[2025-12-11 20:12:06] [build-stdout] [INFO] --- maven-enforcer-plugin:1.4.1:enforce (enforce-velocity-engine-core) @ xwiki-rendering-syntaxes ---
[2025-12-11 20:12:06] [build-stdout] [INFO] 
[2025-12-11 20:12:06] [build-stdout] [INFO] --- maven-enforcer-plugin:1.4.1:enforce (enforce-asm) @ xwiki-rendering-syntaxes ---
[2025-12-11 20:12:06] [build-stdout] [INFO] 
[2025-12-11 20:12:06] [build-stdout] [INFO] --- maven-enforcer-plugin:1.4.1:enforce (enforce-cglib) @ xwiki-rendering-syntaxes ---
[2025-12-11 20:12:06] [build-stdout] [INFO] 
[2025-12-11 20:12:06] [build-stdout] [INFO] --- maven-enforcer-plugin:1.4.1:enforce (enforce-javase-dependencies) @ xwiki-rendering-syntaxes ---
[2025-12-11 20:12:06] [build-stdout] [INFO] 
[2025-12-11 20:12:06] [build-stdout] [INFO] --- maven-enforcer-plugin:1.4.1:enforce (enforce-jsr305) @ xwiki-rendering-syntaxes ---
[2025-12-11 20:12:06] [build-stdout] [INFO] 
[2025-12-11 20:12:06] [build-stdout] [INFO] --- maven-enforcer-plugin:1.4.1:enforce (enforce-jta) @ xwiki-rendering-syntaxes ---
[2025-12-11 20:12:06] [build-stdout] [INFO] 
[2025-12-11 20:12:06] [build-stdout] [INFO] --- maven-enforcer-plugin:1.4.1:enforce (enforce-jakarta.validation-api) @ xwiki-rendering-syntaxes ---
[2025-12-11 20:12:06] [build-stdout] [INFO] 
[2025-12-11 20:12:06] [build-stdout] [INFO] --- maven-enforcer-plugin:1.4.1:enforce (enforce-hibernate-validator) @ xwiki-rendering-syntaxes ---
[2025-12-11 20:12:06] [build-stdout] [INFO] 
[2025-12-11 20:12:06] [build-stdout] [INFO] --- maven-enforcer-plugin:1.4.1:enforce (enforce-upper-bounds) @ xwiki-rendering-syntaxes ---
[2025-12-11 20:12:06] [build-stdout] [INFO] 
[2025-12-11 20:12:06] [build-stdout] [INFO] --- maven-enforcer-plugin:1.4.1:enforce (enforce-no-legacy-dependencies) @ xwiki-rendering-syntaxes ---
[2025-12-11 20:12:06] [build-stdout] [INFO] 
[2025-12-11 20:12:06] [build-stdout] [INFO] --- maven-enforcer-plugin:1.4.1:enforce (enforce-valid-poms) @ xwiki-rendering-syntaxes ---
[2025-12-11 20:12:06] [build-stdout] [INFO] 
[2025-12-11 20:12:06] [build-stdout] [INFO] --- maven-enforcer-plugin:1.4.1:enforce (enforce-platform-isolation) @ xwiki-rendering-syntaxes ---
[2025-12-11 20:12:06] [build-stdout] [INFO] 
[2025-12-11 20:12:06] [build-stdout] [INFO] --- maven-enforcer-plugin:1.4.1:enforce (check-dependency-version) @ xwiki-rendering-syntaxes ---
[2025-12-11 20:12:06] [build-stdout] [INFO] 
[2025-12-11 20:12:06] [build-stdout] [INFO] --- xwiki-commons-tool-remote-resource-plugin:14.6:process (xwiki-license-resources) @ xwiki-rendering-syntaxes ---
[2025-12-11 20:12:06] [build-stdout] [INFO] Preparing remote bundle org.xwiki.commons:xwiki-commons-tool-license-resources:14.6
[2025-12-11 20:12:06] [build-stdout] [INFO] Copying 2 resources from 1 bundle.
[2025-12-11 20:12:06] [build-stdout] [INFO] 
[2025-12-11 20:12:06] [build-stdout] [INFO] --- maven-bundle-plugin:5.1.6:manifest (bundle-manifest) @ xwiki-rendering-syntaxes ---
[2025-12-11 20:12:06] [build-stdout] [WARNING] Ignoring project type pom - supportedProjectTypes = [jar, bundle]
[2025-12-11 20:12:06] [build-stdout] [INFO] 
[2025-12-11 20:12:06] [build-stdout] [INFO] ------------------------------------------------------------------------
[2025-12-11 20:12:06] [build-stdout] [INFO] Building XWiki Rendering - Syntax - XDOM+XML Current 14.6
[2025-12-11 20:12:06] [build-stdout] [INFO] ------------------------------------------------------------------------
[2025-12-11 20:12:06] [build-stdout] [INFO] 
[2025-12-11 20:12:06] [build-stdout] [INFO] --- maven-clean-plugin:3.2.0:clean (default-clean) @ xwiki-rendering-syntax-xdomxmlcurrent ---
[2025-12-11 20:12:06] [build-stdout] [INFO] Deleting /data/iris_projects/xwiki__xwiki-rendering_CVE-2023-32070_14.6/xwiki-rendering-syntaxes/xwiki-rendering-syntax-xdomxmlcurrent/target
[2025-12-11 20:12:06] [build-stdout] [INFO] 
[2025-12-11 20:12:06] [build-stdout] [INFO] --- maven-enforcer-plugin:1.4.1:enforce (enforce-plugins) @ xwiki-rendering-syntax-xdomxmlcurrent ---
[2025-12-11 20:12:06] [build-stdout] [INFO] 
[2025-12-11 20:12:06] [build-stdout] [INFO] --- maven-enforcer-plugin:1.4.1:enforce (enforce-jcl-log4j-isolation) @ xwiki-rendering-syntax-xdomxmlcurrent ---
[2025-12-11 20:12:06] [build-stdout] [INFO] 
[2025-12-11 20:12:06] [build-stdout] [INFO] --- maven-enforcer-plugin:1.4.1:enforce (enforce-jakarta.xml.bind-api) @ xwiki-rendering-syntax-xdomxmlcurrent ---
[2025-12-11 20:12:06] [build-stdout] [INFO] 
[2025-12-11 20:12:06] [build-stdout] [INFO] --- maven-enforcer-plugin:1.4.1:enforce (enforce-glasshfish-jaxb) @ xwiki-rendering-syntax-xdomxmlcurrent ---
[2025-12-11 20:12:06] [build-stdout] [INFO] 
[2025-12-11 20:12:06] [build-stdout] [INFO] --- maven-enforcer-plugin:1.4.1:enforce (enforce-jaxrs1) @ xwiki-rendering-syntax-xdomxmlcurrent ---
[2025-12-11 20:12:06] [build-stdout] [INFO] 
[2025-12-11 20:12:06] [build-stdout] [INFO] --- maven-enforcer-plugin:1.4.1:enforce (enforce-open-json) @ xwiki-rendering-syntax-xdomxmlcurrent ---
[2025-12-11 20:12:06] [build-stdout] [INFO] 
[2025-12-11 20:12:06] [build-stdout] [INFO] --- maven-enforcer-plugin:1.4.1:enforce (enforce-glassfish-el) @ xwiki-rendering-syntax-xdomxmlcurrent ---
[2025-12-11 20:12:06] [build-stdout] [INFO] 
[2025-12-11 20:12:06] [build-stdout] [INFO] --- maven-enforcer-plugin:1.4.1:enforce (enforce-commons-lang3) @ xwiki-rendering-syntax-xdomxmlcurrent ---
[2025-12-11 20:12:06] [build-stdout] [INFO] 
[2025-12-11 20:12:06] [build-stdout] [INFO] --- maven-enforcer-plugin:1.4.1:enforce (enforce-commons-configuration2) @ xwiki-rendering-syntax-xdomxmlcurrent ---
[2025-12-11 20:12:06] [build-stdout] [INFO] 
[2025-12-11 20:12:06] [build-stdout] [INFO] --- maven-enforcer-plugin:1.4.1:enforce (enforce-jakarta.activation-api) @ xwiki-rendering-syntax-xdomxmlcurrent ---
[2025-12-11 20:12:06] [build-stdout] [INFO] 
[2025-12-11 20:12:06] [build-stdout] [INFO] --- maven-enforcer-plugin:1.4.1:enforce (enforce-jakarta.activation) @ xwiki-rendering-syntax-xdomxmlcurrent ---
[2025-12-11 20:12:06] [build-stdout] [INFO] 
[2025-12-11 20:12:06] [build-stdout] [INFO] --- maven-enforcer-plugin:1.4.1:enforce (enforce-jakarta.mail-api) @ xwiki-rendering-syntax-xdomxmlcurrent ---
[2025-12-11 20:12:06] [build-stdout] [INFO] 
[2025-12-11 20:12:06] [build-stdout] [INFO] --- maven-enforcer-plugin:1.4.1:enforce (enforce-jakarta.mail) @ xwiki-rendering-syntax-xdomxmlcurrent ---
[2025-12-11 20:12:06] [build-stdout] [INFO] 
[2025-12-11 20:12:06] [build-stdout] [INFO] --- maven-enforcer-plugin:1.4.1:enforce (enforce-jakarta.annotation-api) @ xwiki-rendering-syntax-xdomxmlcurrent ---
[2025-12-11 20:12:06] [build-stdout] [INFO] 
[2025-12-11 20:12:06] [build-stdout] [INFO] --- maven-enforcer-plugin:1.4.1:enforce (enforce-bouncycastle-ids) @ xwiki-rendering-syntax-xdomxmlcurrent ---
[2025-12-11 20:12:06] [build-stdout] [INFO] 
[2025-12-11 20:12:06] [build-stdout] [INFO] --- maven-enforcer-plugin:1.4.1:enforce (enforce-velocity-engine-core) @ xwiki-rendering-syntax-xdomxmlcurrent ---
[2025-12-11 20:12:06] [build-stdout] [INFO] 
[2025-12-11 20:12:06] [build-stdout] [INFO] --- maven-enforcer-plugin:1.4.1:enforce (enforce-asm) @ xwiki-rendering-syntax-xdomxmlcurrent ---
[2025-12-11 20:12:06] [build-stdout] [INFO] 
[2025-12-11 20:12:06] [build-stdout] [INFO] --- maven-enforcer-plugin:1.4.1:enforce (enforce-cglib) @ xwiki-rendering-syntax-xdomxmlcurrent ---
[2025-12-11 20:12:06] [build-stdout] [INFO] 
[2025-12-11 20:12:06] [build-stdout] [INFO] --- maven-enforcer-plugin:1.4.1:enforce (enforce-javase-dependencies) @ xwiki-rendering-syntax-xdomxmlcurrent ---
[2025-12-11 20:12:06] [build-stdout] [INFO] 
[2025-12-11 20:12:06] [build-stdout] [INFO] --- maven-enforcer-plugin:1.4.1:enforce (enforce-jsr305) @ xwiki-rendering-syntax-xdomxmlcurrent ---
[2025-12-11 20:12:06] [build-stdout] [INFO] 
[2025-12-11 20:12:06] [build-stdout] [INFO] --- maven-enforcer-plugin:1.4.1:enforce (enforce-jta) @ xwiki-rendering-syntax-xdomxmlcurrent ---
[2025-12-11 20:12:06] [build-stdout] [INFO] 
[2025-12-11 20:12:06] [build-stdout] [INFO] --- maven-enforcer-plugin:1.4.1:enforce (enforce-jakarta.validation-api) @ xwiki-rendering-syntax-xdomxmlcurrent ---
[2025-12-11 20:12:06] [build-stdout] [INFO] 
[2025-12-11 20:12:06] [build-stdout] [INFO] --- maven-enforcer-plugin:1.4.1:enforce (enforce-hibernate-validator) @ xwiki-rendering-syntax-xdomxmlcurrent ---
[2025-12-11 20:12:06] [build-stdout] [INFO] 
[2025-12-11 20:12:06] [build-stdout] [INFO] --- maven-enforcer-plugin:1.4.1:enforce (enforce-upper-bounds) @ xwiki-rendering-syntax-xdomxmlcurrent ---
[2025-12-11 20:12:06] [build-stdout] [INFO] 
[2025-12-11 20:12:06] [build-stdout] [INFO] --- maven-enforcer-plugin:1.4.1:enforce (enforce-no-legacy-dependencies) @ xwiki-rendering-syntax-xdomxmlcurrent ---
[2025-12-11 20:12:06] [build-stdout] [INFO] 
[2025-12-11 20:12:06] [build-stdout] [INFO] --- maven-enforcer-plugin:1.4.1:enforce (enforce-valid-poms) @ xwiki-rendering-syntax-xdomxmlcurrent ---
[2025-12-11 20:12:06] [build-stdout] [INFO] 
[2025-12-11 20:12:06] [build-stdout] [INFO] --- maven-enforcer-plugin:1.4.1:enforce (enforce-platform-isolation) @ xwiki-rendering-syntax-xdomxmlcurrent ---
[2025-12-11 20:12:06] [build-stdout] [INFO] 
[2025-12-11 20:12:06] [build-stdout] [INFO] --- maven-enforcer-plugin:1.4.1:enforce (check-dependency-version) @ xwiki-rendering-syntax-xdomxmlcurrent ---
[2025-12-11 20:12:06] [build-stdout] [INFO] 
[2025-12-11 20:12:06] [build-stdout] [INFO] --- xwiki-commons-tool-remote-resource-plugin:14.6:process (xwiki-license-resources) @ xwiki-rendering-syntax-xdomxmlcurrent ---
[2025-12-11 20:12:06] [build-stdout] [INFO] Preparing remote bundle org.xwiki.commons:xwiki-commons-tool-license-resources:14.6
[2025-12-11 20:12:06] [build-stdout] [INFO] Copying 2 resources from 1 bundle.
[2025-12-11 20:12:07] [build-stdout] [INFO] 
[2025-12-11 20:12:07] [build-stdout] [INFO] --- maven-resources-plugin:3.2.0:resources (default-resources) @ xwiki-rendering-syntax-xdomxmlcurrent ---
[2025-12-11 20:12:07] [build-stdout] [INFO] Using 'UTF-8' encoding to copy filtered resources.
[2025-12-11 20:12:07] [build-stdout] [INFO] Using 'UTF-8' encoding to copy filtered properties files.
[2025-12-11 20:12:07] [build-stdout] [INFO] Copying 1 resource
[2025-12-11 20:12:07] [build-stdout] [INFO] Copying 2 resources
[2025-12-11 20:12:07] [build-stdout] [INFO] 
[2025-12-11 20:12:07] [build-stdout] [INFO] --- maven-compiler-plugin:3.10.1:compile (default-compile) @ xwiki-rendering-syntax-xdomxmlcurrent ---
[2025-12-11 20:12:07] [build-stdout] [INFO] Loaded from the build cache, saving 96ms
[2025-12-11 20:12:07] [build-stdout] [INFO] 
[2025-12-11 20:12:07] [build-stdout] [INFO] --- maven-bundle-plugin:5.1.6:manifest (bundle-manifest) @ xwiki-rendering-syntax-xdomxmlcurrent ---
[2025-12-11 20:12:07] [build-stdout] [INFO] No MANIFEST.MF file found, generating manifest.
[2025-12-11 20:12:07] [build-stdout] [INFO] Writing manifest: /data/iris_projects/xwiki__xwiki-rendering_CVE-2023-32070_14.6/xwiki-rendering-syntaxes/xwiki-rendering-syntax-xdomxmlcurrent/target/classes/META-INF/MANIFEST.MF
[2025-12-11 20:12:07] [build-stdout] [INFO] 
[2025-12-11 20:12:07] [build-stdout] [INFO] --- maven-resources-plugin:3.2.0:testResources (default-testResources) @ xwiki-rendering-syntax-xdomxmlcurrent ---
[2025-12-11 20:12:07] [build-stdout] [INFO] Using 'UTF-8' encoding to copy filtered resources.
[2025-12-11 20:12:07] [build-stdout] [INFO] Using 'UTF-8' encoding to copy filtered properties files.
[2025-12-11 20:12:07] [build-stdout] [INFO] skip non existing resourceDirectory /data/iris_projects/xwiki__xwiki-rendering_CVE-2023-32070_14.6/xwiki-rendering-syntaxes/xwiki-rendering-syntax-xdomxmlcurrent/src/test/resources
[2025-12-11 20:12:07] [build-stdout] [INFO] Copying 2 resources
[2025-12-11 20:12:07] [build-stdout] [INFO] 
[2025-12-11 20:12:07] [build-stdout] [INFO] --- maven-compiler-plugin:3.10.1:testCompile (default-testCompile) @ xwiki-rendering-syntax-xdomxmlcurrent ---
[2025-12-11 20:12:07] [build-stdout] [INFO] Loaded from the build cache
[2025-12-11 20:12:07] [build-stdout] [INFO] 
[2025-12-11 20:12:07] [build-stdout] [INFO] --- maven-surefire-plugin:2.22.2:test (default-test) @ xwiki-rendering-syntax-xdomxmlcurrent ---
[2025-12-11 20:12:07] [build-stdout] [INFO] Tests are skipped.
[2025-12-11 20:12:07] [build-stdout] [INFO] Skipped
[2025-12-11 20:12:07] [build-stdout] [INFO] 
[2025-12-11 20:12:07] [build-stdout] [INFO] --- maven-jar-plugin:3.2.2:jar (default-jar) @ xwiki-rendering-syntax-xdomxmlcurrent ---
[2025-12-11 20:12:07] [build-stdout] [INFO] Building jar: /data/iris_projects/xwiki__xwiki-rendering_CVE-2023-32070_14.6/xwiki-rendering-syntaxes/xwiki-rendering-syntax-xdomxmlcurrent/target/xwiki-rendering-syntax-xdomxmlcurrent-14.6.jar
[2025-12-11 20:12:07] [build-stdout] [INFO] 
[2025-12-11 20:12:07] [build-stdout] [INFO] ------------------------------------------------------------------------
[2025-12-11 20:12:07] [build-stdout] [INFO] Building XWiki Rendering - Test Framework 14.6
[2025-12-11 20:12:07] [build-stdout] [INFO] ------------------------------------------------------------------------
[2025-12-11 20:12:07] [build-stdout] [INFO] 
[2025-12-11 20:12:07] [build-stdout] [INFO] --- maven-clean-plugin:3.2.0:clean (default-clean) @ xwiki-rendering-test ---
[2025-12-11 20:12:07] [build-stdout] [INFO] Deleting /data/iris_projects/xwiki__xwiki-rendering_CVE-2023-32070_14.6/xwiki-rendering-test/target
[2025-12-11 20:12:07] [build-stdout] [INFO] 
[2025-12-11 20:12:07] [build-stdout] [INFO] --- maven-enforcer-plugin:1.4.1:enforce (enforce-plugins) @ xwiki-rendering-test ---
[2025-12-11 20:12:07] [build-stdout] [INFO] 
[2025-12-11 20:12:07] [build-stdout] [INFO] --- maven-enforcer-plugin:1.4.1:enforce (enforce-jcl-log4j-isolation) @ xwiki-rendering-test ---
[2025-12-11 20:12:07] [build-stdout] [INFO] 
[2025-12-11 20:12:07] [build-stdout] [INFO] --- maven-enforcer-plugin:1.4.1:enforce (enforce-jakarta.xml.bind-api) @ xwiki-rendering-test ---
[2025-12-11 20:12:07] [build-stdout] [INFO] 
[2025-12-11 20:12:07] [build-stdout] [INFO] --- maven-enforcer-plugin:1.4.1:enforce (enforce-glasshfish-jaxb) @ xwiki-rendering-test ---
[2025-12-11 20:12:07] [build-stdout] [INFO] 
[2025-12-11 20:12:07] [build-stdout] [INFO] --- maven-enforcer-plugin:1.4.1:enforce (enforce-jaxrs1) @ xwiki-rendering-test ---
[2025-12-11 20:12:07] [build-stdout] [INFO] 
[2025-12-11 20:12:07] [build-stdout] [INFO] --- maven-enforcer-plugin:1.4.1:enforce (enforce-open-json) @ xwiki-rendering-test ---
[2025-12-11 20:12:07] [build-stdout] [INFO] 
[2025-12-11 20:12:07] [build-stdout] [INFO] --- maven-enforcer-plugin:1.4.1:enforce (enforce-glassfish-el) @ xwiki-rendering-test ---
[2025-12-11 20:12:07] [build-stdout] [INFO] 
[2025-12-11 20:12:07] [build-stdout] [INFO] --- maven-enforcer-plugin:1.4.1:enforce (enforce-commons-lang3) @ xwiki-rendering-test ---
[2025-12-11 20:12:07] [build-stdout] [INFO] 
[2025-12-11 20:12:07] [build-stdout] [INFO] --- maven-enforcer-plugin:1.4.1:enforce (enforce-commons-configuration2) @ xwiki-rendering-test ---
[2025-12-11 20:12:07] [build-stdout] [INFO] 
[2025-12-11 20:12:07] [build-stdout] [INFO] --- maven-enforcer-plugin:1.4.1:enforce (enforce-jakarta.activation-api) @ xwiki-rendering-test ---
[2025-12-11 20:12:07] [build-stdout] [INFO] 
[2025-12-11 20:12:07] [build-stdout] [INFO] --- maven-enforcer-plugin:1.4.1:enforce (enforce-jakarta.activation) @ xwiki-rendering-test ---
[2025-12-11 20:12:07] [build-stdout] [INFO] 
[2025-12-11 20:12:07] [build-stdout] [INFO] --- maven-enforcer-plugin:1.4.1:enforce (enforce-jakarta.mail-api) @ xwiki-rendering-test ---
[2025-12-11 20:12:07] [build-stdout] [INFO] 
[2025-12-11 20:12:07] [build-stdout] [INFO] --- maven-enforcer-plugin:1.4.1:enforce (enforce-jakarta.mail) @ xwiki-rendering-test ---
[2025-12-11 20:12:07] [build-stdout] [INFO] 
[2025-12-11 20:12:07] [build-stdout] [INFO] --- maven-enforcer-plugin:1.4.1:enforce (enforce-jakarta.annotation-api) @ xwiki-rendering-test ---
[2025-12-11 20:12:07] [build-stdout] [INFO] 
[2025-12-11 20:12:07] [build-stdout] [INFO] --- maven-enforcer-plugin:1.4.1:enforce (enforce-bouncycastle-ids) @ xwiki-rendering-test ---
[2025-12-11 20:12:07] [build-stdout] [INFO] 
[2025-12-11 20:12:07] [build-stdout] [INFO] --- maven-enforcer-plugin:1.4.1:enforce (enforce-velocity-engine-core) @ xwiki-rendering-test ---
[2025-12-11 20:12:07] [build-stdout] [INFO] 
[2025-12-11 20:12:07] [build-stdout] [INFO] --- maven-enforcer-plugin:1.4.1:enforce (enforce-asm) @ xwiki-rendering-test ---
[2025-12-11 20:12:07] [build-stdout] [INFO] 
[2025-12-11 20:12:07] [build-stdout] [INFO] --- maven-enforcer-plugin:1.4.1:enforce (enforce-cglib) @ xwiki-rendering-test ---
[2025-12-11 20:12:07] [build-stdout] [INFO] 
[2025-12-11 20:12:07] [build-stdout] [INFO] --- maven-enforcer-plugin:1.4.1:enforce (enforce-javase-dependencies) @ xwiki-rendering-test ---
[2025-12-11 20:12:07] [build-stdout] [INFO] 
[2025-12-11 20:12:07] [build-stdout] [INFO] --- maven-enforcer-plugin:1.4.1:enforce (enforce-jsr305) @ xwiki-rendering-test ---
[2025-12-11 20:12:07] [build-stdout] [INFO] 
[2025-12-11 20:12:07] [build-stdout] [INFO] --- maven-enforcer-plugin:1.4.1:enforce (enforce-jta) @ xwiki-rendering-test ---
[2025-12-11 20:12:07] [build-stdout] [INFO] 
[2025-12-11 20:12:07] [build-stdout] [INFO] --- maven-enforcer-plugin:1.4.1:enforce (enforce-jakarta.validation-api) @ xwiki-rendering-test ---
[2025-12-11 20:12:07] [build-stdout] [INFO] 
[2025-12-11 20:12:07] [build-stdout] [INFO] --- maven-enforcer-plugin:1.4.1:enforce (enforce-hibernate-validator) @ xwiki-rendering-test ---
[2025-12-11 20:12:07] [build-stdout] [INFO] 
[2025-12-11 20:12:07] [build-stdout] [INFO] --- maven-enforcer-plugin:1.4.1:enforce (enforce-upper-bounds) @ xwiki-rendering-test ---
[2025-12-11 20:12:08] [build-stdout] [INFO] 
[2025-12-11 20:12:08] [build-stdout] [INFO] --- maven-enforcer-plugin:1.4.1:enforce (enforce-no-legacy-dependencies) @ xwiki-rendering-test ---
[2025-12-11 20:12:08] [build-stdout] [INFO] 
[2025-12-11 20:12:08] [build-stdout] [INFO] --- maven-enforcer-plugin:1.4.1:enforce (enforce-valid-poms) @ xwiki-rendering-test ---
[2025-12-11 20:12:08] [build-stdout] [INFO] 
[2025-12-11 20:12:08] [build-stdout] [INFO] --- maven-enforcer-plugin:1.4.1:enforce (enforce-platform-isolation) @ xwiki-rendering-test ---
[2025-12-11 20:12:08] [build-stdout] [INFO] 
[2025-12-11 20:12:08] [build-stdout] [INFO] --- maven-enforcer-plugin:1.4.1:enforce (check-dependency-version) @ xwiki-rendering-test ---
[2025-12-11 20:12:08] [build-stdout] [INFO] 
[2025-12-11 20:12:08] [build-stdout] [INFO] --- xwiki-commons-tool-remote-resource-plugin:14.6:process (xwiki-license-resources) @ xwiki-rendering-test ---
[2025-12-11 20:12:08] [build-stdout] [INFO] Preparing remote bundle org.xwiki.commons:xwiki-commons-tool-license-resources:14.6
[2025-12-11 20:12:08] [build-stdout] [INFO] Copying 2 resources from 1 bundle.
[2025-12-11 20:12:09] [build-stdout] [INFO] 
[2025-12-11 20:12:09] [build-stdout] [INFO] --- maven-resources-plugin:3.2.0:resources (default-resources) @ xwiki-rendering-test ---
[2025-12-11 20:12:09] [build-stdout] [INFO] Using 'UTF-8' encoding to copy filtered resources.
[2025-12-11 20:12:09] [build-stdout] [INFO] Using 'UTF-8' encoding to copy filtered properties files.
[2025-12-11 20:12:09] [build-stdout] [INFO] Copying 37 resources
[2025-12-11 20:12:09] [build-stdout] [INFO] Copying 2 resources
[2025-12-11 20:12:09] [build-stdout] [INFO] 
[2025-12-11 20:12:09] [build-stdout] [INFO] --- maven-compiler-plugin:3.10.1:compile (default-compile) @ xwiki-rendering-test ---
[2025-12-11 20:12:09] [build-stdout] [INFO] Loaded from the build cache, saving 272ms
[2025-12-11 20:12:09] [build-stdout] [INFO] 
[2025-12-11 20:12:09] [build-stdout] [INFO] --- maven-bundle-plugin:5.1.6:manifest (bundle-manifest) @ xwiki-rendering-test ---
[2025-12-11 20:12:09] [build-stdout] [INFO] No MANIFEST.MF file found, generating manifest.
[2025-12-11 20:12:09] [build-stdout] [INFO] Writing manifest: /data/iris_projects/xwiki__xwiki-rendering_CVE-2023-32070_14.6/xwiki-rendering-test/target/classes/META-INF/MANIFEST.MF
[2025-12-11 20:12:09] [build-stdout] [INFO] 
[2025-12-11 20:12:09] [build-stdout] [INFO] --- maven-resources-plugin:3.2.0:testResources (default-testResources) @ xwiki-rendering-test ---
[2025-12-11 20:12:09] [build-stdout] [INFO] Using 'UTF-8' encoding to copy filtered resources.
[2025-12-11 20:12:09] [build-stdout] [INFO] Using 'UTF-8' encoding to copy filtered properties files.
[2025-12-11 20:12:09] [build-stdout] [INFO] Copying 7 resources
[2025-12-11 20:12:09] [build-stdout] [INFO] Copying 2 resources
[2025-12-11 20:12:09] [build-stdout] [INFO] 
[2025-12-11 20:12:09] [build-stdout] [INFO] --- maven-compiler-plugin:3.10.1:testCompile (default-testCompile) @ xwiki-rendering-test ---
[2025-12-11 20:12:09] [build-stdout] [INFO] Loaded from the build cache, saving 116ms
[2025-12-11 20:12:09] [build-stdout] [INFO] 
[2025-12-11 20:12:09] [build-stdout] [INFO] --- maven-surefire-plugin:2.22.2:test (default-test) @ xwiki-rendering-test ---
[2025-12-11 20:12:09] [build-stdout] [INFO] Tests are skipped.
[2025-12-11 20:12:09] [build-stdout] [INFO] Skipped
[2025-12-11 20:12:09] [build-stdout] [INFO] 
[2025-12-11 20:12:09] [build-stdout] [INFO] --- maven-jar-plugin:3.2.2:jar (default-jar) @ xwiki-rendering-test ---
[2025-12-11 20:12:09] [build-stdout] [INFO] Building jar: /data/iris_projects/xwiki__xwiki-rendering_CVE-2023-32070_14.6/xwiki-rendering-test/target/xwiki-rendering-test-14.6.jar
[2025-12-11 20:12:09] [build-stdout] [INFO] 
[2025-12-11 20:12:09] [build-stdout] [INFO] ------------------------------------------------------------------------
[2025-12-11 20:12:09] [build-stdout] [INFO] Building XWiki Rendering - Syntax - Event 14.6
[2025-12-11 20:12:09] [build-stdout] [INFO] ------------------------------------------------------------------------
[2025-12-11 20:12:09] [build-stdout] [INFO] 
[2025-12-11 20:12:09] [build-stdout] [INFO] --- maven-clean-plugin:3.2.0:clean (default-clean) @ xwiki-rendering-syntax-event ---
[2025-12-11 20:12:09] [build-stdout] [INFO] Deleting /data/iris_projects/xwiki__xwiki-rendering_CVE-2023-32070_14.6/xwiki-rendering-syntaxes/xwiki-rendering-syntax-event/target
[2025-12-11 20:12:09] [build-stdout] [INFO] 
[2025-12-11 20:12:09] [build-stdout] [INFO] --- maven-enforcer-plugin:1.4.1:enforce (enforce-plugins) @ xwiki-rendering-syntax-event ---
[2025-12-11 20:12:09] [build-stdout] [INFO] 
[2025-12-11 20:12:09] [build-stdout] [INFO] --- maven-enforcer-plugin:1.4.1:enforce (enforce-jcl-log4j-isolation) @ xwiki-rendering-syntax-event ---
[2025-12-11 20:12:09] [build-stdout] [INFO] 
[2025-12-11 20:12:09] [build-stdout] [INFO] --- maven-enforcer-plugin:1.4.1:enforce (enforce-jakarta.xml.bind-api) @ xwiki-rendering-syntax-event ---
[2025-12-11 20:12:09] [build-stdout] [INFO] 
[2025-12-11 20:12:09] [build-stdout] [INFO] --- maven-enforcer-plugin:1.4.1:enforce (enforce-glasshfish-jaxb) @ xwiki-rendering-syntax-event ---
[2025-12-11 20:12:09] [build-stdout] [INFO] 
[2025-12-11 20:12:09] [build-stdout] [INFO] --- maven-enforcer-plugin:1.4.1:enforce (enforce-jaxrs1) @ xwiki-rendering-syntax-event ---
[2025-12-11 20:12:09] [build-stdout] [INFO] 
[2025-12-11 20:12:09] [build-stdout] [INFO] --- maven-enforcer-plugin:1.4.1:enforce (enforce-open-json) @ xwiki-rendering-syntax-event ---
[2025-12-11 20:12:09] [build-stdout] [INFO] 
[2025-12-11 20:12:09] [build-stdout] [INFO] --- maven-enforcer-plugin:1.4.1:enforce (enforce-glassfish-el) @ xwiki-rendering-syntax-event ---
[2025-12-11 20:12:09] [build-stdout] [INFO] 
[2025-12-11 20:12:09] [build-stdout] [INFO] --- maven-enforcer-plugin:1.4.1:enforce (enforce-commons-lang3) @ xwiki-rendering-syntax-event ---
[2025-12-11 20:12:09] [build-stdout] [INFO] 
[2025-12-11 20:12:09] [build-stdout] [INFO] --- maven-enforcer-plugin:1.4.1:enforce (enforce-commons-configuration2) @ xwiki-rendering-syntax-event ---
[2025-12-11 20:12:09] [build-stdout] [INFO] 
[2025-12-11 20:12:09] [build-stdout] [INFO] --- maven-enforcer-plugin:1.4.1:enforce (enforce-jakarta.activation-api) @ xwiki-rendering-syntax-event ---
[2025-12-11 20:12:09] [build-stdout] [INFO] 
[2025-12-11 20:12:09] [build-stdout] [INFO] --- maven-enforcer-plugin:1.4.1:enforce (enforce-jakarta.activation) @ xwiki-rendering-syntax-event ---
[2025-12-11 20:12:09] [build-stdout] [INFO] 
[2025-12-11 20:12:09] [build-stdout] [INFO] --- maven-enforcer-plugin:1.4.1:enforce (enforce-jakarta.mail-api) @ xwiki-rendering-syntax-event ---
[2025-12-11 20:12:09] [build-stdout] [INFO] 
[2025-12-11 20:12:09] [build-stdout] [INFO] --- maven-enforcer-plugin:1.4.1:enforce (enforce-jakarta.mail) @ xwiki-rendering-syntax-event ---
[2025-12-11 20:12:09] [build-stdout] [INFO] 
[2025-12-11 20:12:09] [build-stdout] [INFO] --- maven-enforcer-plugin:1.4.1:enforce (enforce-jakarta.annotation-api) @ xwiki-rendering-syntax-event ---
[2025-12-11 20:12:09] [build-stdout] [INFO] 
[2025-12-11 20:12:09] [build-stdout] [INFO] --- maven-enforcer-plugin:1.4.1:enforce (enforce-bouncycastle-ids) @ xwiki-rendering-syntax-event ---
[2025-12-11 20:12:09] [build-stdout] [INFO] 
[2025-12-11 20:12:09] [build-stdout] [INFO] --- maven-enforcer-plugin:1.4.1:enforce (enforce-velocity-engine-core) @ xwiki-rendering-syntax-event ---
[2025-12-11 20:12:09] [build-stdout] [INFO] 
[2025-12-11 20:12:09] [build-stdout] [INFO] --- maven-enforcer-plugin:1.4.1:enforce (enforce-asm) @ xwiki-rendering-syntax-event ---
[2025-12-11 20:12:09] [build-stdout] [INFO] 
[2025-12-11 20:12:09] [build-stdout] [INFO] --- maven-enforcer-plugin:1.4.1:enforce (enforce-cglib) @ xwiki-rendering-syntax-event ---
[2025-12-11 20:12:09] [build-stdout] [INFO] 
[2025-12-11 20:12:09] [build-stdout] [INFO] --- maven-enforcer-plugin:1.4.1:enforce (enforce-javase-dependencies) @ xwiki-rendering-syntax-event ---
[2025-12-11 20:12:09] [build-stdout] [INFO] 
[2025-12-11 20:12:09] [build-stdout] [INFO] --- maven-enforcer-plugin:1.4.1:enforce (enforce-jsr305) @ xwiki-rendering-syntax-event ---
[2025-12-11 20:12:09] [build-stdout] [INFO] 
[2025-12-11 20:12:09] [build-stdout] [INFO] --- maven-enforcer-plugin:1.4.1:enforce (enforce-jta) @ xwiki-rendering-syntax-event ---
[2025-12-11 20:12:09] [build-stdout] [INFO] 
[2025-12-11 20:12:09] [build-stdout] [INFO] --- maven-enforcer-plugin:1.4.1:enforce (enforce-jakarta.validation-api) @ xwiki-rendering-syntax-event ---
[2025-12-11 20:12:09] [build-stdout] [INFO] 
[2025-12-11 20:12:09] [build-stdout] [INFO] --- maven-enforcer-plugin:1.4.1:enforce (enforce-hibernate-validator) @ xwiki-rendering-syntax-event ---
[2025-12-11 20:12:09] [build-stdout] [INFO] 
[2025-12-11 20:12:09] [build-stdout] [INFO] --- maven-enforcer-plugin:1.4.1:enforce (enforce-upper-bounds) @ xwiki-rendering-syntax-event ---
[2025-12-11 20:12:10] [build-stdout] [INFO] 
[2025-12-11 20:12:10] [build-stdout] [INFO] --- maven-enforcer-plugin:1.4.1:enforce (enforce-no-legacy-dependencies) @ xwiki-rendering-syntax-event ---
[2025-12-11 20:12:10] [build-stdout] [INFO] 
[2025-12-11 20:12:10] [build-stdout] [INFO] --- maven-enforcer-plugin:1.4.1:enforce (enforce-valid-poms) @ xwiki-rendering-syntax-event ---
[2025-12-11 20:12:10] [build-stdout] [INFO] 
[2025-12-11 20:12:10] [build-stdout] [INFO] --- maven-enforcer-plugin:1.4.1:enforce (enforce-platform-isolation) @ xwiki-rendering-syntax-event ---
[2025-12-11 20:12:10] [build-stdout] [INFO] 
[2025-12-11 20:12:10] [build-stdout] [INFO] --- maven-enforcer-plugin:1.4.1:enforce (check-dependency-version) @ xwiki-rendering-syntax-event ---
[2025-12-11 20:12:10] [build-stdout] [INFO] 
[2025-12-11 20:12:10] [build-stdout] [INFO] --- xwiki-commons-tool-remote-resource-plugin:14.6:process (xwiki-license-resources) @ xwiki-rendering-syntax-event ---
[2025-12-11 20:12:10] [build-stdout] [INFO] Preparing remote bundle org.xwiki.commons:xwiki-commons-tool-license-resources:14.6
[2025-12-11 20:12:10] [build-stdout] [INFO] Copying 2 resources from 1 bundle.
[2025-12-11 20:12:10] [build-stdout] [INFO] 
[2025-12-11 20:12:10] [build-stdout] [INFO] --- maven-resources-plugin:3.2.0:resources (default-resources) @ xwiki-rendering-syntax-event ---
[2025-12-11 20:12:10] [build-stdout] [INFO] Using 'UTF-8' encoding to copy filtered resources.
[2025-12-11 20:12:10] [build-stdout] [INFO] Using 'UTF-8' encoding to copy filtered properties files.
[2025-12-11 20:12:10] [build-stdout] [INFO] Copying 1 resource
[2025-12-11 20:12:10] [build-stdout] [INFO] Copying 2 resources
[2025-12-11 20:12:10] [build-stdout] [INFO] 
[2025-12-11 20:12:10] [build-stdout] [INFO] --- maven-compiler-plugin:3.10.1:compile (default-compile) @ xwiki-rendering-syntax-event ---
[2025-12-11 20:12:10] [build-stdout] [INFO] Loaded from the build cache, saving 105ms
[2025-12-11 20:12:10] [build-stdout] [INFO] 
[2025-12-11 20:12:10] [build-stdout] [INFO] --- maven-bundle-plugin:5.1.6:manifest (bundle-manifest) @ xwiki-rendering-syntax-event ---
[2025-12-11 20:12:10] [build-stdout] [INFO] No MANIFEST.MF file found, generating manifest.
[2025-12-11 20:12:10] [build-stdout] [INFO] Writing manifest: /data/iris_projects/xwiki__xwiki-rendering_CVE-2023-32070_14.6/xwiki-rendering-syntaxes/xwiki-rendering-syntax-event/target/classes/META-INF/MANIFEST.MF
[2025-12-11 20:12:10] [build-stdout] [INFO] 
[2025-12-11 20:12:10] [build-stdout] [INFO] --- maven-resources-plugin:3.2.0:testResources (default-testResources) @ xwiki-rendering-syntax-event ---
[2025-12-11 20:12:10] [build-stdout] [INFO] Using 'UTF-8' encoding to copy filtered resources.
[2025-12-11 20:12:10] [build-stdout] [INFO] Using 'UTF-8' encoding to copy filtered properties files.
[2025-12-11 20:12:10] [build-stdout] [INFO] Copying 36 resources
[2025-12-11 20:12:10] [build-stdout] [INFO] Copying 2 resources
[2025-12-11 20:12:10] [build-stdout] [INFO] 
[2025-12-11 20:12:10] [build-stdout] [INFO] --- maven-compiler-plugin:3.10.1:testCompile (default-testCompile) @ xwiki-rendering-syntax-event ---
[2025-12-11 20:12:10] [build-stdout] [INFO] Loaded from the build cache, saving 118ms
[2025-12-11 20:12:10] [build-stdout] [INFO] 
[2025-12-11 20:12:10] [build-stdout] [INFO] --- maven-surefire-plugin:2.22.2:test (default-test) @ xwiki-rendering-syntax-event ---
[2025-12-11 20:12:10] [build-stdout] [INFO] Tests are skipped.
[2025-12-11 20:12:10] [build-stdout] [INFO] Skipped
[2025-12-11 20:12:10] [build-stdout] [INFO] 
[2025-12-11 20:12:10] [build-stdout] [INFO] --- maven-jar-plugin:3.2.2:jar (default-jar) @ xwiki-rendering-syntax-event ---
[2025-12-11 20:12:10] [build-stdout] [INFO] Building jar: /data/iris_projects/xwiki__xwiki-rendering_CVE-2023-32070_14.6/xwiki-rendering-syntaxes/xwiki-rendering-syntax-event/target/xwiki-rendering-syntax-event-14.6.jar
[2025-12-11 20:12:10] [build-stdout] [INFO] 
[2025-12-11 20:12:10] [build-stdout] [INFO] ------------------------------------------------------------------------
[2025-12-11 20:12:10] [build-stdout] [INFO] Building XWiki Rendering - Syntax - Plain 14.6
[2025-12-11 20:12:10] [build-stdout] [INFO] ------------------------------------------------------------------------
[2025-12-11 20:12:10] [build-stdout] [INFO] 
[2025-12-11 20:12:10] [build-stdout] [INFO] --- maven-clean-plugin:3.2.0:clean (default-clean) @ xwiki-rendering-syntax-plain ---
[2025-12-11 20:12:10] [build-stdout] [INFO] Deleting /data/iris_projects/xwiki__xwiki-rendering_CVE-2023-32070_14.6/xwiki-rendering-syntaxes/xwiki-rendering-syntax-plain/target
[2025-12-11 20:12:10] [build-stdout] [INFO] 
[2025-12-11 20:12:10] [build-stdout] [INFO] --- maven-enforcer-plugin:1.4.1:enforce (enforce-plugins) @ xwiki-rendering-syntax-plain ---
[2025-12-11 20:12:10] [build-stdout] [INFO] 
[2025-12-11 20:12:10] [build-stdout] [INFO] --- maven-enforcer-plugin:1.4.1:enforce (enforce-jcl-log4j-isolation) @ xwiki-rendering-syntax-plain ---
[2025-12-11 20:12:10] [build-stdout] [INFO] 
[2025-12-11 20:12:10] [build-stdout] [INFO] --- maven-enforcer-plugin:1.4.1:enforce (enforce-jakarta.xml.bind-api) @ xwiki-rendering-syntax-plain ---
[2025-12-11 20:12:10] [build-stdout] [INFO] 
[2025-12-11 20:12:10] [build-stdout] [INFO] --- maven-enforcer-plugin:1.4.1:enforce (enforce-glasshfish-jaxb) @ xwiki-rendering-syntax-plain ---
[2025-12-11 20:12:10] [build-stdout] [INFO] 
[2025-12-11 20:12:10] [build-stdout] [INFO] --- maven-enforcer-plugin:1.4.1:enforce (enforce-jaxrs1) @ xwiki-rendering-syntax-plain ---
[2025-12-11 20:12:10] [build-stdout] [INFO] 
[2025-12-11 20:12:10] [build-stdout] [INFO] --- maven-enforcer-plugin:1.4.1:enforce (enforce-open-json) @ xwiki-rendering-syntax-plain ---
[2025-12-11 20:12:10] [build-stdout] [INFO] 
[2025-12-11 20:12:10] [build-stdout] [INFO] --- maven-enforcer-plugin:1.4.1:enforce (enforce-glassfish-el) @ xwiki-rendering-syntax-plain ---
[2025-12-11 20:12:10] [build-stdout] [INFO] 
[2025-12-11 20:12:10] [build-stdout] [INFO] --- maven-enforcer-plugin:1.4.1:enforce (enforce-commons-lang3) @ xwiki-rendering-syntax-plain ---
[2025-12-11 20:12:10] [build-stdout] [INFO] 
[2025-12-11 20:12:10] [build-stdout] [INFO] --- maven-enforcer-plugin:1.4.1:enforce (enforce-commons-configuration2) @ xwiki-rendering-syntax-plain ---
[2025-12-11 20:12:10] [build-stdout] [INFO] 
[2025-12-11 20:12:10] [build-stdout] [INFO] --- maven-enforcer-plugin:1.4.1:enforce (enforce-jakarta.activation-api) @ xwiki-rendering-syntax-plain ---
[2025-12-11 20:12:10] [build-stdout] [INFO] 
[2025-12-11 20:12:10] [build-stdout] [INFO] --- maven-enforcer-plugin:1.4.1:enforce (enforce-jakarta.activation) @ xwiki-rendering-syntax-plain ---
[2025-12-11 20:12:10] [build-stdout] [INFO] 
[2025-12-11 20:12:10] [build-stdout] [INFO] --- maven-enforcer-plugin:1.4.1:enforce (enforce-jakarta.mail-api) @ xwiki-rendering-syntax-plain ---
[2025-12-11 20:12:10] [build-stdout] [INFO] 
[2025-12-11 20:12:10] [build-stdout] [INFO] --- maven-enforcer-plugin:1.4.1:enforce (enforce-jakarta.mail) @ xwiki-rendering-syntax-plain ---
[2025-12-11 20:12:10] [build-stdout] [INFO] 
[2025-12-11 20:12:10] [build-stdout] [INFO] --- maven-enforcer-plugin:1.4.1:enforce (enforce-jakarta.annotation-api) @ xwiki-rendering-syntax-plain ---
[2025-12-11 20:12:10] [build-stdout] [INFO] 
[2025-12-11 20:12:10] [build-stdout] [INFO] --- maven-enforcer-plugin:1.4.1:enforce (enforce-bouncycastle-ids) @ xwiki-rendering-syntax-plain ---
[2025-12-11 20:12:10] [build-stdout] [INFO] 
[2025-12-11 20:12:10] [build-stdout] [INFO] --- maven-enforcer-plugin:1.4.1:enforce (enforce-velocity-engine-core) @ xwiki-rendering-syntax-plain ---
[2025-12-11 20:12:10] [build-stdout] [INFO] 
[2025-12-11 20:12:10] [build-stdout] [INFO] --- maven-enforcer-plugin:1.4.1:enforce (enforce-asm) @ xwiki-rendering-syntax-plain ---
[2025-12-11 20:12:10] [build-stdout] [INFO] 
[2025-12-11 20:12:10] [build-stdout] [INFO] --- maven-enforcer-plugin:1.4.1:enforce (enforce-cglib) @ xwiki-rendering-syntax-plain ---
[2025-12-11 20:12:10] [build-stdout] [INFO] 
[2025-12-11 20:12:10] [build-stdout] [INFO] --- maven-enforcer-plugin:1.4.1:enforce (enforce-javase-dependencies) @ xwiki-rendering-syntax-plain ---
[2025-12-11 20:12:10] [build-stdout] [INFO] 
[2025-12-11 20:12:10] [build-stdout] [INFO] --- maven-enforcer-plugin:1.4.1:enforce (enforce-jsr305) @ xwiki-rendering-syntax-plain ---
[2025-12-11 20:12:10] [build-stdout] [INFO] 
[2025-12-11 20:12:10] [build-stdout] [INFO] --- maven-enforcer-plugin:1.4.1:enforce (enforce-jta) @ xwiki-rendering-syntax-plain ---
[2025-12-11 20:12:10] [build-stdout] [INFO] 
[2025-12-11 20:12:10] [build-stdout] [INFO] --- maven-enforcer-plugin:1.4.1:enforce (enforce-jakarta.validation-api) @ xwiki-rendering-syntax-plain ---
[2025-12-11 20:12:10] [build-stdout] [INFO] 
[2025-12-11 20:12:10] [build-stdout] [INFO] --- maven-enforcer-plugin:1.4.1:enforce (enforce-hibernate-validator) @ xwiki-rendering-syntax-plain ---
[2025-12-11 20:12:10] [build-stdout] [INFO] 
[2025-12-11 20:12:10] [build-stdout] [INFO] --- maven-enforcer-plugin:1.4.1:enforce (enforce-upper-bounds) @ xwiki-rendering-syntax-plain ---
[2025-12-11 20:12:11] [build-stdout] [INFO] 
[2025-12-11 20:12:11] [build-stdout] [INFO] --- maven-enforcer-plugin:1.4.1:enforce (enforce-no-legacy-dependencies) @ xwiki-rendering-syntax-plain ---
[2025-12-11 20:12:11] [build-stdout] [INFO] 
[2025-12-11 20:12:11] [build-stdout] [INFO] --- maven-enforcer-plugin:1.4.1:enforce (enforce-valid-poms) @ xwiki-rendering-syntax-plain ---
[2025-12-11 20:12:11] [build-stdout] [INFO] 
[2025-12-11 20:12:11] [build-stdout] [INFO] --- maven-enforcer-plugin:1.4.1:enforce (enforce-platform-isolation) @ xwiki-rendering-syntax-plain ---
[2025-12-11 20:12:11] [build-stdout] [INFO] 
[2025-12-11 20:12:11] [build-stdout] [INFO] --- maven-enforcer-plugin:1.4.1:enforce (check-dependency-version) @ xwiki-rendering-syntax-plain ---
[2025-12-11 20:12:11] [build-stdout] [INFO] 
[2025-12-11 20:12:11] [build-stdout] [INFO] --- xwiki-commons-tool-remote-resource-plugin:14.6:process (xwiki-license-resources) @ xwiki-rendering-syntax-plain ---
[2025-12-11 20:12:11] [build-stdout] [INFO] Preparing remote bundle org.xwiki.commons:xwiki-commons-tool-license-resources:14.6
[2025-12-11 20:12:11] [build-stdout] [INFO] Copying 2 resources from 1 bundle.
[2025-12-11 20:12:11] [build-stdout] [INFO] 
[2025-12-11 20:12:11] [build-stdout] [INFO] --- maven-resources-plugin:3.2.0:resources (default-resources) @ xwiki-rendering-syntax-plain ---
[2025-12-11 20:12:11] [build-stdout] [INFO] Using 'UTF-8' encoding to copy filtered resources.
[2025-12-11 20:12:11] [build-stdout] [INFO] Using 'UTF-8' encoding to copy filtered properties files.
[2025-12-11 20:12:11] [build-stdout] [INFO] Copying 1 resource
[2025-12-11 20:12:11] [build-stdout] [INFO] Copying 2 resources
[2025-12-11 20:12:11] [build-stdout] [INFO] 
[2025-12-11 20:12:11] [build-stdout] [INFO] --- maven-compiler-plugin:3.10.1:compile (default-compile) @ xwiki-rendering-syntax-plain ---
[2025-12-11 20:12:11] [build-stdout] [INFO] Loaded from the build cache, saving 88ms
[2025-12-11 20:12:11] [build-stdout] [INFO] 
[2025-12-11 20:12:11] [build-stdout] [INFO] --- maven-bundle-plugin:5.1.6:manifest (bundle-manifest) @ xwiki-rendering-syntax-plain ---
[2025-12-11 20:12:11] [build-stdout] [INFO] No MANIFEST.MF file found, generating manifest.
[2025-12-11 20:12:11] [build-stdout] [INFO] Writing manifest: /data/iris_projects/xwiki__xwiki-rendering_CVE-2023-32070_14.6/xwiki-rendering-syntaxes/xwiki-rendering-syntax-plain/target/classes/META-INF/MANIFEST.MF
[2025-12-11 20:12:11] [build-stdout] [INFO] 
[2025-12-11 20:12:11] [build-stdout] [INFO] --- maven-resources-plugin:3.2.0:testResources (default-testResources) @ xwiki-rendering-syntax-plain ---
[2025-12-11 20:12:11] [build-stdout] [INFO] Using 'UTF-8' encoding to copy filtered resources.
[2025-12-11 20:12:11] [build-stdout] [INFO] Using 'UTF-8' encoding to copy filtered properties files.
[2025-12-11 20:12:11] [build-stdout] [INFO] Copying 39 resources
[2025-12-11 20:12:11] [build-stdout] [INFO] Copying 2 resources
[2025-12-11 20:12:11] [build-stdout] [INFO] 
[2025-12-11 20:12:11] [build-stdout] [INFO] --- maven-compiler-plugin:3.10.1:testCompile (default-testCompile) @ xwiki-rendering-syntax-plain ---
[2025-12-11 20:12:11] [build-stdout] [INFO] Loaded from the build cache, saving 101ms
[2025-12-11 20:12:11] [build-stdout] [INFO] 
[2025-12-11 20:12:11] [build-stdout] [INFO] --- maven-surefire-plugin:2.22.2:test (default-test) @ xwiki-rendering-syntax-plain ---
[2025-12-11 20:12:11] [build-stdout] [INFO] Tests are skipped.
[2025-12-11 20:12:11] [build-stdout] [INFO] Skipped
[2025-12-11 20:12:11] [build-stdout] [INFO] 
[2025-12-11 20:12:11] [build-stdout] [INFO] --- maven-jar-plugin:3.2.2:jar (default-jar) @ xwiki-rendering-syntax-plain ---
[2025-12-11 20:12:11] [build-stdout] [INFO] Building jar: /data/iris_projects/xwiki__xwiki-rendering_CVE-2023-32070_14.6/xwiki-rendering-syntaxes/xwiki-rendering-syntax-plain/target/xwiki-rendering-syntax-plain-14.6.jar
[2025-12-11 20:12:11] [build-stdout] [INFO] 
[2025-12-11 20:12:11] [build-stdout] [INFO] ------------------------------------------------------------------------
[2025-12-11 20:12:11] [build-stdout] [INFO] Building XWiki Rendering - Syntax - WikiModel Bridge 14.6
[2025-12-11 20:12:11] [build-stdout] [INFO] ------------------------------------------------------------------------
[2025-12-11 20:12:11] [build-stdout] [INFO] 
[2025-12-11 20:12:11] [build-stdout] [INFO] --- maven-clean-plugin:3.2.0:clean (default-clean) @ xwiki-rendering-syntax-wikimodel ---
[2025-12-11 20:12:11] [build-stdout] [INFO] Deleting /data/iris_projects/xwiki__xwiki-rendering_CVE-2023-32070_14.6/xwiki-rendering-syntaxes/xwiki-rendering-syntax-wikimodel/target
[2025-12-11 20:12:11] [build-stdout] [INFO] 
[2025-12-11 20:12:11] [build-stdout] [INFO] --- maven-enforcer-plugin:1.4.1:enforce (enforce-plugins) @ xwiki-rendering-syntax-wikimodel ---
[2025-12-11 20:12:11] [build-stdout] [INFO] 
[2025-12-11 20:12:11] [build-stdout] [INFO] --- maven-enforcer-plugin:1.4.1:enforce (enforce-jcl-log4j-isolation) @ xwiki-rendering-syntax-wikimodel ---
[2025-12-11 20:12:11] [build-stdout] [INFO] 
[2025-12-11 20:12:11] [build-stdout] [INFO] --- maven-enforcer-plugin:1.4.1:enforce (enforce-jakarta.xml.bind-api) @ xwiki-rendering-syntax-wikimodel ---
[2025-12-11 20:12:11] [build-stdout] [INFO] 
[2025-12-11 20:12:11] [build-stdout] [INFO] --- maven-enforcer-plugin:1.4.1:enforce (enforce-glasshfish-jaxb) @ xwiki-rendering-syntax-wikimodel ---
[2025-12-11 20:12:11] [build-stdout] [INFO] 
[2025-12-11 20:12:11] [build-stdout] [INFO] --- maven-enforcer-plugin:1.4.1:enforce (enforce-jaxrs1) @ xwiki-rendering-syntax-wikimodel ---
[2025-12-11 20:12:11] [build-stdout] [INFO] 
[2025-12-11 20:12:11] [build-stdout] [INFO] --- maven-enforcer-plugin:1.4.1:enforce (enforce-open-json) @ xwiki-rendering-syntax-wikimodel ---
[2025-12-11 20:12:11] [build-stdout] [INFO] 
[2025-12-11 20:12:11] [build-stdout] [INFO] --- maven-enforcer-plugin:1.4.1:enforce (enforce-glassfish-el) @ xwiki-rendering-syntax-wikimodel ---
[2025-12-11 20:12:11] [build-stdout] [INFO] 
[2025-12-11 20:12:11] [build-stdout] [INFO] --- maven-enforcer-plugin:1.4.1:enforce (enforce-commons-lang3) @ xwiki-rendering-syntax-wikimodel ---
[2025-12-11 20:12:11] [build-stdout] [INFO] 
[2025-12-11 20:12:11] [build-stdout] [INFO] --- maven-enforcer-plugin:1.4.1:enforce (enforce-commons-configuration2) @ xwiki-rendering-syntax-wikimodel ---
[2025-12-11 20:12:11] [build-stdout] [INFO] 
[2025-12-11 20:12:11] [build-stdout] [INFO] --- maven-enforcer-plugin:1.4.1:enforce (enforce-jakarta.activation-api) @ xwiki-rendering-syntax-wikimodel ---
[2025-12-11 20:12:11] [build-stdout] [INFO] 
[2025-12-11 20:12:11] [build-stdout] [INFO] --- maven-enforcer-plugin:1.4.1:enforce (enforce-jakarta.activation) @ xwiki-rendering-syntax-wikimodel ---
[2025-12-11 20:12:11] [build-stdout] [INFO] 
[2025-12-11 20:12:11] [build-stdout] [INFO] --- maven-enforcer-plugin:1.4.1:enforce (enforce-jakarta.mail-api) @ xwiki-rendering-syntax-wikimodel ---
[2025-12-11 20:12:11] [build-stdout] [INFO] 
[2025-12-11 20:12:11] [build-stdout] [INFO] --- maven-enforcer-plugin:1.4.1:enforce (enforce-jakarta.mail) @ xwiki-rendering-syntax-wikimodel ---
[2025-12-11 20:12:11] [build-stdout] [INFO] 
[2025-12-11 20:12:11] [build-stdout] [INFO] --- maven-enforcer-plugin:1.4.1:enforce (enforce-jakarta.annotation-api) @ xwiki-rendering-syntax-wikimodel ---
[2025-12-11 20:12:11] [build-stdout] [INFO] 
[2025-12-11 20:12:11] [build-stdout] [INFO] --- maven-enforcer-plugin:1.4.1:enforce (enforce-bouncycastle-ids) @ xwiki-rendering-syntax-wikimodel ---
[2025-12-11 20:12:11] [build-stdout] [INFO] 
[2025-12-11 20:12:11] [build-stdout] [INFO] --- maven-enforcer-plugin:1.4.1:enforce (enforce-velocity-engine-core) @ xwiki-rendering-syntax-wikimodel ---
[2025-12-11 20:12:11] [build-stdout] [INFO] 
[2025-12-11 20:12:11] [build-stdout] [INFO] --- maven-enforcer-plugin:1.4.1:enforce (enforce-asm) @ xwiki-rendering-syntax-wikimodel ---
[2025-12-11 20:12:11] [build-stdout] [INFO] 
[2025-12-11 20:12:11] [build-stdout] [INFO] --- maven-enforcer-plugin:1.4.1:enforce (enforce-cglib) @ xwiki-rendering-syntax-wikimodel ---
[2025-12-11 20:12:11] [build-stdout] [INFO] 
[2025-12-11 20:12:11] [build-stdout] [INFO] --- maven-enforcer-plugin:1.4.1:enforce (enforce-javase-dependencies) @ xwiki-rendering-syntax-wikimodel ---
[2025-12-11 20:12:11] [build-stdout] [INFO] 
[2025-12-11 20:12:11] [build-stdout] [INFO] --- maven-enforcer-plugin:1.4.1:enforce (enforce-jsr305) @ xwiki-rendering-syntax-wikimodel ---
[2025-12-11 20:12:11] [build-stdout] [INFO] 
[2025-12-11 20:12:11] [build-stdout] [INFO] --- maven-enforcer-plugin:1.4.1:enforce (enforce-jta) @ xwiki-rendering-syntax-wikimodel ---
[2025-12-11 20:12:11] [build-stdout] [INFO] 
[2025-12-11 20:12:11] [build-stdout] [INFO] --- maven-enforcer-plugin:1.4.1:enforce (enforce-jakarta.validation-api) @ xwiki-rendering-syntax-wikimodel ---
[2025-12-11 20:12:11] [build-stdout] [INFO] 
[2025-12-11 20:12:11] [build-stdout] [INFO] --- maven-enforcer-plugin:1.4.1:enforce (enforce-hibernate-validator) @ xwiki-rendering-syntax-wikimodel ---
[2025-12-11 20:12:11] [build-stdout] [INFO] 
[2025-12-11 20:12:11] [build-stdout] [INFO] --- maven-enforcer-plugin:1.4.1:enforce (enforce-upper-bounds) @ xwiki-rendering-syntax-wikimodel ---
[2025-12-11 20:12:11] [build-stdout] [INFO] 
[2025-12-11 20:12:11] [build-stdout] [INFO] --- maven-enforcer-plugin:1.4.1:enforce (enforce-no-legacy-dependencies) @ xwiki-rendering-syntax-wikimodel ---
[2025-12-11 20:12:11] [build-stdout] [INFO] 
[2025-12-11 20:12:11] [build-stdout] [INFO] --- maven-enforcer-plugin:1.4.1:enforce (enforce-valid-poms) @ xwiki-rendering-syntax-wikimodel ---
[2025-12-11 20:12:11] [build-stdout] [INFO] 
[2025-12-11 20:12:11] [build-stdout] [INFO] --- maven-enforcer-plugin:1.4.1:enforce (enforce-platform-isolation) @ xwiki-rendering-syntax-wikimodel ---
[2025-12-11 20:12:11] [build-stdout] [INFO] 
[2025-12-11 20:12:11] [build-stdout] [INFO] --- maven-enforcer-plugin:1.4.1:enforce (check-dependency-version) @ xwiki-rendering-syntax-wikimodel ---
[2025-12-11 20:12:11] [build-stdout] [INFO] 
[2025-12-11 20:12:11] [build-stdout] [INFO] --- xwiki-commons-tool-remote-resource-plugin:14.6:process (xwiki-license-resources) @ xwiki-rendering-syntax-wikimodel ---
[2025-12-11 20:12:11] [build-stdout] [INFO] Preparing remote bundle org.xwiki.commons:xwiki-commons-tool-license-resources:14.6
[2025-12-11 20:12:11] [build-stdout] [INFO] Copying 2 resources from 1 bundle.
[2025-12-11 20:12:12] [build-stdout] [INFO] 
[2025-12-11 20:12:12] [build-stdout] [INFO] --- maven-resources-plugin:3.2.0:resources (default-resources) @ xwiki-rendering-syntax-wikimodel ---
[2025-12-11 20:12:12] [build-stdout] [INFO] Using 'UTF-8' encoding to copy filtered resources.
[2025-12-11 20:12:12] [build-stdout] [INFO] Using 'UTF-8' encoding to copy filtered properties files.
[2025-12-11 20:12:12] [build-stdout] [INFO] skip non existing resourceDirectory /data/iris_projects/xwiki__xwiki-rendering_CVE-2023-32070_14.6/xwiki-rendering-syntaxes/xwiki-rendering-syntax-wikimodel/src/main/resources
[2025-12-11 20:12:12] [build-stdout] [INFO] Copying 2 resources
[2025-12-11 20:12:12] [build-stdout] [INFO] 
[2025-12-11 20:12:12] [build-stdout] [INFO] --- maven-compiler-plugin:3.10.1:compile (default-compile) @ xwiki-rendering-syntax-wikimodel ---
[2025-12-11 20:12:12] [build-stdout] [INFO] Loaded from the build cache, saving 58ms
[2025-12-11 20:12:12] [build-stdout] [INFO] 
[2025-12-11 20:12:12] [build-stdout] [INFO] --- maven-bundle-plugin:5.1.6:manifest (bundle-manifest) @ xwiki-rendering-syntax-wikimodel ---
[2025-12-11 20:12:12] [build-stdout] [INFO] No MANIFEST.MF file found, generating manifest.
[2025-12-11 20:12:12] [build-stdout] [INFO] Writing manifest: /data/iris_projects/xwiki__xwiki-rendering_CVE-2023-32070_14.6/xwiki-rendering-syntaxes/xwiki-rendering-syntax-wikimodel/target/classes/META-INF/MANIFEST.MF
[2025-12-11 20:12:12] [build-stdout] [INFO] 
[2025-12-11 20:12:12] [build-stdout] [INFO] --- maven-resources-plugin:3.2.0:testResources (default-testResources) @ xwiki-rendering-syntax-wikimodel ---
[2025-12-11 20:12:12] [build-stdout] [INFO] Using 'UTF-8' encoding to copy filtered resources.
[2025-12-11 20:12:12] [build-stdout] [INFO] Using 'UTF-8' encoding to copy filtered properties files.
[2025-12-11 20:12:12] [build-stdout] [INFO] skip non existing resourceDirectory /data/iris_projects/xwiki__xwiki-rendering_CVE-2023-32070_14.6/xwiki-rendering-syntaxes/xwiki-rendering-syntax-wikimodel/src/test/resources
[2025-12-11 20:12:12] [build-stdout] [INFO] Copying 2 resources
[2025-12-11 20:12:12] [build-stdout] [INFO] 
[2025-12-11 20:12:12] [build-stdout] [INFO] --- maven-compiler-plugin:3.10.1:testCompile (default-testCompile) @ xwiki-rendering-syntax-wikimodel ---
[2025-12-11 20:12:12] [build-stdout] [INFO] Loaded from the build cache
[2025-12-11 20:12:12] [build-stdout] [INFO] 
[2025-12-11 20:12:12] [build-stdout] [INFO] --- maven-surefire-plugin:2.22.2:test (default-test) @ xwiki-rendering-syntax-wikimodel ---
[2025-12-11 20:12:12] [build-stdout] [INFO] Tests are skipped.
[2025-12-11 20:12:12] [build-stdout] [INFO] Skipped
[2025-12-11 20:12:12] [build-stdout] [INFO] 
[2025-12-11 20:12:12] [build-stdout] [INFO] --- maven-jar-plugin:3.2.2:jar (default-jar) @ xwiki-rendering-syntax-wikimodel ---
[2025-12-11 20:12:12] [build-stdout] [INFO] Building jar: /data/iris_projects/xwiki__xwiki-rendering_CVE-2023-32070_14.6/xwiki-rendering-syntaxes/xwiki-rendering-syntax-wikimodel/target/xwiki-rendering-syntax-wikimodel-14.6.jar
[2025-12-11 20:12:12] [build-stdout] [INFO] 
[2025-12-11 20:12:12] [build-stdout] [INFO] ------------------------------------------------------------------------
[2025-12-11 20:12:12] [build-stdout] [INFO] Building XWiki Rendering - Syntax - XWiki 2.0 14.6
[2025-12-11 20:12:12] [build-stdout] [INFO] ------------------------------------------------------------------------
[2025-12-11 20:12:12] [build-stdout] [INFO] 
[2025-12-11 20:12:12] [build-stdout] [INFO] --- maven-clean-plugin:3.2.0:clean (default-clean) @ xwiki-rendering-syntax-xwiki20 ---
[2025-12-11 20:12:12] [build-stdout] [INFO] Deleting /data/iris_projects/xwiki__xwiki-rendering_CVE-2023-32070_14.6/xwiki-rendering-syntaxes/xwiki-rendering-syntax-xwiki20/target
[2025-12-11 20:12:12] [build-stdout] [INFO] 
[2025-12-11 20:12:12] [build-stdout] [INFO] --- maven-enforcer-plugin:1.4.1:enforce (enforce-plugins) @ xwiki-rendering-syntax-xwiki20 ---
[2025-12-11 20:12:12] [build-stdout] [INFO] 
[2025-12-11 20:12:12] [build-stdout] [INFO] --- maven-enforcer-plugin:1.4.1:enforce (enforce-jcl-log4j-isolation) @ xwiki-rendering-syntax-xwiki20 ---
[2025-12-11 20:12:12] [build-stdout] [INFO] 
[2025-12-11 20:12:12] [build-stdout] [INFO] --- maven-enforcer-plugin:1.4.1:enforce (enforce-jakarta.xml.bind-api) @ xwiki-rendering-syntax-xwiki20 ---
[2025-12-11 20:12:12] [build-stdout] [INFO] 
[2025-12-11 20:12:12] [build-stdout] [INFO] --- maven-enforcer-plugin:1.4.1:enforce (enforce-glasshfish-jaxb) @ xwiki-rendering-syntax-xwiki20 ---
[2025-12-11 20:12:12] [build-stdout] [INFO] 
[2025-12-11 20:12:12] [build-stdout] [INFO] --- maven-enforcer-plugin:1.4.1:enforce (enforce-jaxrs1) @ xwiki-rendering-syntax-xwiki20 ---
[2025-12-11 20:12:12] [build-stdout] [INFO] 
[2025-12-11 20:12:12] [build-stdout] [INFO] --- maven-enforcer-plugin:1.4.1:enforce (enforce-open-json) @ xwiki-rendering-syntax-xwiki20 ---
[2025-12-11 20:12:12] [build-stdout] [INFO] 
[2025-12-11 20:12:12] [build-stdout] [INFO] --- maven-enforcer-plugin:1.4.1:enforce (enforce-glassfish-el) @ xwiki-rendering-syntax-xwiki20 ---
[2025-12-11 20:12:12] [build-stdout] [INFO] 
[2025-12-11 20:12:12] [build-stdout] [INFO] --- maven-enforcer-plugin:1.4.1:enforce (enforce-commons-lang3) @ xwiki-rendering-syntax-xwiki20 ---
[2025-12-11 20:12:12] [build-stdout] [INFO] 
[2025-12-11 20:12:12] [build-stdout] [INFO] --- maven-enforcer-plugin:1.4.1:enforce (enforce-commons-configuration2) @ xwiki-rendering-syntax-xwiki20 ---
[2025-12-11 20:12:12] [build-stdout] [INFO] 
[2025-12-11 20:12:12] [build-stdout] [INFO] --- maven-enforcer-plugin:1.4.1:enforce (enforce-jakarta.activation-api) @ xwiki-rendering-syntax-xwiki20 ---
[2025-12-11 20:12:12] [build-stdout] [INFO] 
[2025-12-11 20:12:12] [build-stdout] [INFO] --- maven-enforcer-plugin:1.4.1:enforce (enforce-jakarta.activation) @ xwiki-rendering-syntax-xwiki20 ---
[2025-12-11 20:12:12] [build-stdout] [INFO] 
[2025-12-11 20:12:12] [build-stdout] [INFO] --- maven-enforcer-plugin:1.4.1:enforce (enforce-jakarta.mail-api) @ xwiki-rendering-syntax-xwiki20 ---
[2025-12-11 20:12:12] [build-stdout] [INFO] 
[2025-12-11 20:12:12] [build-stdout] [INFO] --- maven-enforcer-plugin:1.4.1:enforce (enforce-jakarta.mail) @ xwiki-rendering-syntax-xwiki20 ---
[2025-12-11 20:12:12] [build-stdout] [INFO] 
[2025-12-11 20:12:12] [build-stdout] [INFO] --- maven-enforcer-plugin:1.4.1:enforce (enforce-jakarta.annotation-api) @ xwiki-rendering-syntax-xwiki20 ---
[2025-12-11 20:12:12] [build-stdout] [INFO] 
[2025-12-11 20:12:12] [build-stdout] [INFO] --- maven-enforcer-plugin:1.4.1:enforce (enforce-bouncycastle-ids) @ xwiki-rendering-syntax-xwiki20 ---
[2025-12-11 20:12:12] [build-stdout] [INFO] 
[2025-12-11 20:12:12] [build-stdout] [INFO] --- maven-enforcer-plugin:1.4.1:enforce (enforce-velocity-engine-core) @ xwiki-rendering-syntax-xwiki20 ---
[2025-12-11 20:12:12] [build-stdout] [INFO] 
[2025-12-11 20:12:12] [build-stdout] [INFO] --- maven-enforcer-plugin:1.4.1:enforce (enforce-asm) @ xwiki-rendering-syntax-xwiki20 ---
[2025-12-11 20:12:12] [build-stdout] [INFO] 
[2025-12-11 20:12:12] [build-stdout] [INFO] --- maven-enforcer-plugin:1.4.1:enforce (enforce-cglib) @ xwiki-rendering-syntax-xwiki20 ---
[2025-12-11 20:12:12] [build-stdout] [INFO] 
[2025-12-11 20:12:12] [build-stdout] [INFO] --- maven-enforcer-plugin:1.4.1:enforce (enforce-javase-dependencies) @ xwiki-rendering-syntax-xwiki20 ---
[2025-12-11 20:12:12] [build-stdout] [INFO] 
[2025-12-11 20:12:12] [build-stdout] [INFO] --- maven-enforcer-plugin:1.4.1:enforce (enforce-jsr305) @ xwiki-rendering-syntax-xwiki20 ---
[2025-12-11 20:12:12] [build-stdout] [INFO] 
[2025-12-11 20:12:12] [build-stdout] [INFO] --- maven-enforcer-plugin:1.4.1:enforce (enforce-jta) @ xwiki-rendering-syntax-xwiki20 ---
[2025-12-11 20:12:12] [build-stdout] [INFO] 
[2025-12-11 20:12:12] [build-stdout] [INFO] --- maven-enforcer-plugin:1.4.1:enforce (enforce-jakarta.validation-api) @ xwiki-rendering-syntax-xwiki20 ---
[2025-12-11 20:12:12] [build-stdout] [INFO] 
[2025-12-11 20:12:12] [build-stdout] [INFO] --- maven-enforcer-plugin:1.4.1:enforce (enforce-hibernate-validator) @ xwiki-rendering-syntax-xwiki20 ---
[2025-12-11 20:12:12] [build-stdout] [INFO] 
[2025-12-11 20:12:12] [build-stdout] [INFO] --- maven-enforcer-plugin:1.4.1:enforce (enforce-upper-bounds) @ xwiki-rendering-syntax-xwiki20 ---
[2025-12-11 20:12:12] [build-stdout] [INFO] 
[2025-12-11 20:12:12] [build-stdout] [INFO] --- maven-enforcer-plugin:1.4.1:enforce (enforce-no-legacy-dependencies) @ xwiki-rendering-syntax-xwiki20 ---
[2025-12-11 20:12:12] [build-stdout] [INFO] 
[2025-12-11 20:12:12] [build-stdout] [INFO] --- maven-enforcer-plugin:1.4.1:enforce (enforce-valid-poms) @ xwiki-rendering-syntax-xwiki20 ---
[2025-12-11 20:12:12] [build-stdout] [INFO] 
[2025-12-11 20:12:12] [build-stdout] [INFO] --- maven-enforcer-plugin:1.4.1:enforce (enforce-platform-isolation) @ xwiki-rendering-syntax-xwiki20 ---
[2025-12-11 20:12:12] [build-stdout] [INFO] 
[2025-12-11 20:12:12] [build-stdout] [INFO] --- maven-enforcer-plugin:1.4.1:enforce (check-dependency-version) @ xwiki-rendering-syntax-xwiki20 ---
[2025-12-11 20:12:12] [build-stdout] [INFO] 
[2025-12-11 20:12:12] [build-stdout] [INFO] --- xwiki-commons-tool-remote-resource-plugin:14.6:process (xwiki-license-resources) @ xwiki-rendering-syntax-xwiki20 ---
[2025-12-11 20:12:12] [build-stdout] [INFO] Preparing remote bundle org.xwiki.commons:xwiki-commons-tool-license-resources:14.6
[2025-12-11 20:12:13] [build-stdout] [INFO] Copying 2 resources from 1 bundle.
[2025-12-11 20:12:13] [build-stdout] [INFO] 
[2025-12-11 20:12:13] [build-stdout] [INFO] --- maven-resources-plugin:3.2.0:resources (default-resources) @ xwiki-rendering-syntax-xwiki20 ---
[2025-12-11 20:12:13] [build-stdout] [INFO] Using 'UTF-8' encoding to copy filtered resources.
[2025-12-11 20:12:13] [build-stdout] [INFO] Using 'UTF-8' encoding to copy filtered properties files.
[2025-12-11 20:12:13] [build-stdout] [INFO] Copying 1 resource
[2025-12-11 20:12:13] [build-stdout] [INFO] Copying 2 resources
[2025-12-11 20:12:13] [build-stdout] [INFO] 
[2025-12-11 20:12:13] [build-stdout] [INFO] --- maven-compiler-plugin:3.10.1:compile (default-compile) @ xwiki-rendering-syntax-xwiki20 ---
[2025-12-11 20:12:13] [build-stdout] [INFO] Loaded from the build cache, saving 168ms
[2025-12-11 20:12:13] [build-stdout] [INFO] 
[2025-12-11 20:12:13] [build-stdout] [INFO] --- maven-bundle-plugin:5.1.6:manifest (bundle-manifest) @ xwiki-rendering-syntax-xwiki20 ---
[2025-12-11 20:12:13] [build-stdout] [INFO] No MANIFEST.MF file found, generating manifest.
[2025-12-11 20:12:13] [build-stdout] [INFO] Writing manifest: /data/iris_projects/xwiki__xwiki-rendering_CVE-2023-32070_14.6/xwiki-rendering-syntaxes/xwiki-rendering-syntax-xwiki20/target/classes/META-INF/MANIFEST.MF
[2025-12-11 20:12:13] [build-stdout] [INFO] 
[2025-12-11 20:12:13] [build-stdout] [INFO] --- maven-resources-plugin:3.2.0:testResources (default-testResources) @ xwiki-rendering-syntax-xwiki20 ---
[2025-12-11 20:12:13] [build-stdout] [INFO] Using 'UTF-8' encoding to copy filtered resources.
[2025-12-11 20:12:13] [build-stdout] [INFO] Using 'UTF-8' encoding to copy filtered properties files.
[2025-12-11 20:12:13] [build-stdout] [INFO] Copying 71 resources
[2025-12-11 20:12:13] [build-stdout] [INFO] Copying 2 resources
[2025-12-11 20:12:13] [build-stdout] [INFO] 
[2025-12-11 20:12:13] [build-stdout] [INFO] --- maven-compiler-plugin:3.10.1:testCompile (default-testCompile) @ xwiki-rendering-syntax-xwiki20 ---
[2025-12-11 20:12:13] [build-stdout] [INFO] Loaded from the build cache, saving 259ms
[2025-12-11 20:12:13] [build-stdout] [INFO] 
[2025-12-11 20:12:13] [build-stdout] [INFO] --- maven-surefire-plugin:2.22.2:test (default-test) @ xwiki-rendering-syntax-xwiki20 ---
[2025-12-11 20:12:13] [build-stdout] [INFO] Tests are skipped.
[2025-12-11 20:12:13] [build-stdout] [INFO] Skipped
[2025-12-11 20:12:13] [build-stdout] [INFO] 
[2025-12-11 20:12:13] [build-stdout] [INFO] --- maven-jar-plugin:3.2.2:jar (default-jar) @ xwiki-rendering-syntax-xwiki20 ---
[2025-12-11 20:12:13] [build-stdout] [INFO] Building jar: /data/iris_projects/xwiki__xwiki-rendering_CVE-2023-32070_14.6/xwiki-rendering-syntaxes/xwiki-rendering-syntax-xwiki20/target/xwiki-rendering-syntax-xwiki20-14.6.jar
[2025-12-11 20:12:13] [build-stdout] [INFO] 
[2025-12-11 20:12:13] [build-stdout] [INFO] --- maven-jar-plugin:3.2.2:test-jar (default) @ xwiki-rendering-syntax-xwiki20 ---
[2025-12-11 20:12:13] [build-stdout] [INFO] Building jar: /data/iris_projects/xwiki__xwiki-rendering_CVE-2023-32070_14.6/xwiki-rendering-syntaxes/xwiki-rendering-syntax-xwiki20/target/xwiki-rendering-syntax-xwiki20-14.6-tests.jar
[2025-12-11 20:12:13] [build-stdout] [INFO] 
[2025-12-11 20:12:13] [build-stdout] [INFO] ------------------------------------------------------------------------
[2025-12-11 20:12:13] [build-stdout] [INFO] Building XWiki Rendering - Syntax - XWiki 2.1 14.6
[2025-12-11 20:12:13] [build-stdout] [INFO] ------------------------------------------------------------------------
[2025-12-11 20:12:13] [build-stdout] [INFO] 
[2025-12-11 20:12:13] [build-stdout] [INFO] --- maven-clean-plugin:3.2.0:clean (default-clean) @ xwiki-rendering-syntax-xwiki21 ---
[2025-12-11 20:12:13] [build-stdout] [INFO] Deleting /data/iris_projects/xwiki__xwiki-rendering_CVE-2023-32070_14.6/xwiki-rendering-syntaxes/xwiki-rendering-syntax-xwiki21/target
[2025-12-11 20:12:13] [build-stdout] [INFO] 
[2025-12-11 20:12:13] [build-stdout] [INFO] --- maven-enforcer-plugin:1.4.1:enforce (enforce-plugins) @ xwiki-rendering-syntax-xwiki21 ---
[2025-12-11 20:12:13] [build-stdout] [INFO] 
[2025-12-11 20:12:13] [build-stdout] [INFO] --- maven-enforcer-plugin:1.4.1:enforce (enforce-jcl-log4j-isolation) @ xwiki-rendering-syntax-xwiki21 ---
[2025-12-11 20:12:13] [build-stdout] [INFO] 
[2025-12-11 20:12:13] [build-stdout] [INFO] --- maven-enforcer-plugin:1.4.1:enforce (enforce-jakarta.xml.bind-api) @ xwiki-rendering-syntax-xwiki21 ---
[2025-12-11 20:12:13] [build-stdout] [INFO] 
[2025-12-11 20:12:13] [build-stdout] [INFO] --- maven-enforcer-plugin:1.4.1:enforce (enforce-glasshfish-jaxb) @ xwiki-rendering-syntax-xwiki21 ---
[2025-12-11 20:12:13] [build-stdout] [INFO] 
[2025-12-11 20:12:13] [build-stdout] [INFO] --- maven-enforcer-plugin:1.4.1:enforce (enforce-jaxrs1) @ xwiki-rendering-syntax-xwiki21 ---
[2025-12-11 20:12:13] [build-stdout] [INFO] 
[2025-12-11 20:12:13] [build-stdout] [INFO] --- maven-enforcer-plugin:1.4.1:enforce (enforce-open-json) @ xwiki-rendering-syntax-xwiki21 ---
[2025-12-11 20:12:13] [build-stdout] [INFO] 
[2025-12-11 20:12:13] [build-stdout] [INFO] --- maven-enforcer-plugin:1.4.1:enforce (enforce-glassfish-el) @ xwiki-rendering-syntax-xwiki21 ---
[2025-12-11 20:12:13] [build-stdout] [INFO] 
[2025-12-11 20:12:13] [build-stdout] [INFO] --- maven-enforcer-plugin:1.4.1:enforce (enforce-commons-lang3) @ xwiki-rendering-syntax-xwiki21 ---
[2025-12-11 20:12:13] [build-stdout] [INFO] 
[2025-12-11 20:12:13] [build-stdout] [INFO] --- maven-enforcer-plugin:1.4.1:enforce (enforce-commons-configuration2) @ xwiki-rendering-syntax-xwiki21 ---
[2025-12-11 20:12:13] [build-stdout] [INFO] 
[2025-12-11 20:12:13] [build-stdout] [INFO] --- maven-enforcer-plugin:1.4.1:enforce (enforce-jakarta.activation-api) @ xwiki-rendering-syntax-xwiki21 ---
[2025-12-11 20:12:13] [build-stdout] [INFO] 
[2025-12-11 20:12:13] [build-stdout] [INFO] --- maven-enforcer-plugin:1.4.1:enforce (enforce-jakarta.activation) @ xwiki-rendering-syntax-xwiki21 ---
[2025-12-11 20:12:13] [build-stdout] [INFO] 
[2025-12-11 20:12:13] [build-stdout] [INFO] --- maven-enforcer-plugin:1.4.1:enforce (enforce-jakarta.mail-api) @ xwiki-rendering-syntax-xwiki21 ---
[2025-12-11 20:12:13] [build-stdout] [INFO] 
[2025-12-11 20:12:13] [build-stdout] [INFO] --- maven-enforcer-plugin:1.4.1:enforce (enforce-jakarta.mail) @ xwiki-rendering-syntax-xwiki21 ---
[2025-12-11 20:12:13] [build-stdout] [INFO] 
[2025-12-11 20:12:13] [build-stdout] [INFO] --- maven-enforcer-plugin:1.4.1:enforce (enforce-jakarta.annotation-api) @ xwiki-rendering-syntax-xwiki21 ---
[2025-12-11 20:12:13] [build-stdout] [INFO] 
[2025-12-11 20:12:13] [build-stdout] [INFO] --- maven-enforcer-plugin:1.4.1:enforce (enforce-bouncycastle-ids) @ xwiki-rendering-syntax-xwiki21 ---
[2025-12-11 20:12:13] [build-stdout] [INFO] 
[2025-12-11 20:12:13] [build-stdout] [INFO] --- maven-enforcer-plugin:1.4.1:enforce (enforce-velocity-engine-core) @ xwiki-rendering-syntax-xwiki21 ---
[2025-12-11 20:12:13] [build-stdout] [INFO] 
[2025-12-11 20:12:13] [build-stdout] [INFO] --- maven-enforcer-plugin:1.4.1:enforce (enforce-asm) @ xwiki-rendering-syntax-xwiki21 ---
[2025-12-11 20:12:13] [build-stdout] [INFO] 
[2025-12-11 20:12:13] [build-stdout] [INFO] --- maven-enforcer-plugin:1.4.1:enforce (enforce-cglib) @ xwiki-rendering-syntax-xwiki21 ---
[2025-12-11 20:12:13] [build-stdout] [INFO] 
[2025-12-11 20:12:13] [build-stdout] [INFO] --- maven-enforcer-plugin:1.4.1:enforce (enforce-javase-dependencies) @ xwiki-rendering-syntax-xwiki21 ---
[2025-12-11 20:12:13] [build-stdout] [INFO] 
[2025-12-11 20:12:13] [build-stdout] [INFO] --- maven-enforcer-plugin:1.4.1:enforce (enforce-jsr305) @ xwiki-rendering-syntax-xwiki21 ---
[2025-12-11 20:12:13] [build-stdout] [INFO] 
[2025-12-11 20:12:13] [build-stdout] [INFO] --- maven-enforcer-plugin:1.4.1:enforce (enforce-jta) @ xwiki-rendering-syntax-xwiki21 ---
[2025-12-11 20:12:13] [build-stdout] [INFO] 
[2025-12-11 20:12:13] [build-stdout] [INFO] --- maven-enforcer-plugin:1.4.1:enforce (enforce-jakarta.validation-api) @ xwiki-rendering-syntax-xwiki21 ---
[2025-12-11 20:12:13] [build-stdout] [INFO] 
[2025-12-11 20:12:13] [build-stdout] [INFO] --- maven-enforcer-plugin:1.4.1:enforce (enforce-hibernate-validator) @ xwiki-rendering-syntax-xwiki21 ---
[2025-12-11 20:12:13] [build-stdout] [INFO] 
[2025-12-11 20:12:13] [build-stdout] [INFO] --- maven-enforcer-plugin:1.4.1:enforce (enforce-upper-bounds) @ xwiki-rendering-syntax-xwiki21 ---
[2025-12-11 20:12:14] [build-stdout] [INFO] 
[2025-12-11 20:12:14] [build-stdout] [INFO] --- maven-enforcer-plugin:1.4.1:enforce (enforce-no-legacy-dependencies) @ xwiki-rendering-syntax-xwiki21 ---
[2025-12-11 20:12:14] [build-stdout] [INFO] 
[2025-12-11 20:12:14] [build-stdout] [INFO] --- maven-enforcer-plugin:1.4.1:enforce (enforce-valid-poms) @ xwiki-rendering-syntax-xwiki21 ---
[2025-12-11 20:12:14] [build-stdout] [INFO] 
[2025-12-11 20:12:14] [build-stdout] [INFO] --- maven-enforcer-plugin:1.4.1:enforce (enforce-platform-isolation) @ xwiki-rendering-syntax-xwiki21 ---
[2025-12-11 20:12:14] [build-stdout] [INFO] 
[2025-12-11 20:12:14] [build-stdout] [INFO] --- maven-enforcer-plugin:1.4.1:enforce (check-dependency-version) @ xwiki-rendering-syntax-xwiki21 ---
[2025-12-11 20:12:14] [build-stdout] [INFO] 
[2025-12-11 20:12:14] [build-stdout] [INFO] --- xwiki-commons-tool-remote-resource-plugin:14.6:process (xwiki-license-resources) @ xwiki-rendering-syntax-xwiki21 ---
[2025-12-11 20:12:14] [build-stdout] [INFO] Preparing remote bundle org.xwiki.commons:xwiki-commons-tool-license-resources:14.6
[2025-12-11 20:12:14] [build-stdout] [INFO] Copying 2 resources from 1 bundle.
[2025-12-11 20:12:14] [build-stdout] [INFO] 
[2025-12-11 20:12:14] [build-stdout] [INFO] --- maven-resources-plugin:3.2.0:resources (default-resources) @ xwiki-rendering-syntax-xwiki21 ---
[2025-12-11 20:12:14] [build-stdout] [INFO] Using 'UTF-8' encoding to copy filtered resources.
[2025-12-11 20:12:14] [build-stdout] [INFO] Using 'UTF-8' encoding to copy filtered properties files.
[2025-12-11 20:12:14] [build-stdout] [INFO] Copying 1 resource
[2025-12-11 20:12:14] [build-stdout] [INFO] Copying 2 resources
[2025-12-11 20:12:14] [build-stdout] [INFO] 
[2025-12-11 20:12:14] [build-stdout] [INFO] --- maven-compiler-plugin:3.10.1:compile (default-compile) @ xwiki-rendering-syntax-xwiki21 ---
[2025-12-11 20:12:14] [build-stdout] [INFO] Loaded from the build cache, saving 122ms
[2025-12-11 20:12:14] [build-stdout] [INFO] 
[2025-12-11 20:12:14] [build-stdout] [INFO] --- maven-bundle-plugin:5.1.6:manifest (bundle-manifest) @ xwiki-rendering-syntax-xwiki21 ---
[2025-12-11 20:12:14] [build-stdout] [INFO] No MANIFEST.MF file found, generating manifest.
[2025-12-11 20:12:14] [build-stdout] [INFO] Writing manifest: /data/iris_projects/xwiki__xwiki-rendering_CVE-2023-32070_14.6/xwiki-rendering-syntaxes/xwiki-rendering-syntax-xwiki21/target/classes/META-INF/MANIFEST.MF
[2025-12-11 20:12:14] [build-stdout] [INFO] 
[2025-12-11 20:12:14] [build-stdout] [INFO] --- maven-resources-plugin:3.2.0:testResources (default-testResources) @ xwiki-rendering-syntax-xwiki21 ---
[2025-12-11 20:12:14] [build-stdout] [INFO] Using 'UTF-8' encoding to copy filtered resources.
[2025-12-11 20:12:14] [build-stdout] [INFO] Using 'UTF-8' encoding to copy filtered properties files.
[2025-12-11 20:12:14] [build-stdout] [INFO] Copying 1 resource
[2025-12-11 20:12:14] [build-stdout] [INFO] Copying 2 resources
[2025-12-11 20:12:14] [build-stdout] [INFO] 
[2025-12-11 20:12:14] [build-stdout] [INFO] --- maven-compiler-plugin:3.10.1:testCompile (default-testCompile) @ xwiki-rendering-syntax-xwiki21 ---
[2025-12-11 20:12:14] [build-stdout] [INFO] Loaded from the build cache, saving 139ms
[2025-12-11 20:12:14] [build-stdout] [INFO] 
[2025-12-11 20:12:14] [build-stdout] [INFO] --- maven-surefire-plugin:2.22.2:test (default-test) @ xwiki-rendering-syntax-xwiki21 ---
[2025-12-11 20:12:14] [build-stdout] [INFO] Tests are skipped.
[2025-12-11 20:12:14] [build-stdout] [INFO] Skipped
[2025-12-11 20:12:14] [build-stdout] [INFO] 
[2025-12-11 20:12:14] [build-stdout] [INFO] --- maven-jar-plugin:3.2.2:jar (default-jar) @ xwiki-rendering-syntax-xwiki21 ---
[2025-12-11 20:12:14] [build-stdout] [INFO] Building jar: /data/iris_projects/xwiki__xwiki-rendering_CVE-2023-32070_14.6/xwiki-rendering-syntaxes/xwiki-rendering-syntax-xwiki21/target/xwiki-rendering-syntax-xwiki21-14.6.jar
[2025-12-11 20:12:14] [build-stdout] [INFO] 
[2025-12-11 20:12:14] [build-stdout] [INFO] ------------------------------------------------------------------------
[2025-12-11 20:12:14] [build-stdout] [INFO] Building XWiki Rendering - Syntax - XHTML 14.6
[2025-12-11 20:12:14] [build-stdout] [INFO] ------------------------------------------------------------------------
[2025-12-11 20:12:14] [build-stdout] [INFO] 
[2025-12-11 20:12:14] [build-stdout] [INFO] --- maven-clean-plugin:3.2.0:clean (default-clean) @ xwiki-rendering-syntax-xhtml ---
[2025-12-11 20:12:14] [build-stdout] [INFO] Deleting /data/iris_projects/xwiki__xwiki-rendering_CVE-2023-32070_14.6/xwiki-rendering-syntaxes/xwiki-rendering-syntax-xhtml/target
[2025-12-11 20:12:14] [build-stdout] [INFO] 
[2025-12-11 20:12:14] [build-stdout] [INFO] --- maven-enforcer-plugin:1.4.1:enforce (enforce-plugins) @ xwiki-rendering-syntax-xhtml ---
[2025-12-11 20:12:14] [build-stdout] [INFO] 
[2025-12-11 20:12:14] [build-stdout] [INFO] --- maven-enforcer-plugin:1.4.1:enforce (enforce-jcl-log4j-isolation) @ xwiki-rendering-syntax-xhtml ---
[2025-12-11 20:12:14] [build-stdout] [INFO] 
[2025-12-11 20:12:14] [build-stdout] [INFO] --- maven-enforcer-plugin:1.4.1:enforce (enforce-jakarta.xml.bind-api) @ xwiki-rendering-syntax-xhtml ---
[2025-12-11 20:12:14] [build-stdout] [INFO] 
[2025-12-11 20:12:14] [build-stdout] [INFO] --- maven-enforcer-plugin:1.4.1:enforce (enforce-glasshfish-jaxb) @ xwiki-rendering-syntax-xhtml ---
[2025-12-11 20:12:14] [build-stdout] [INFO] 
[2025-12-11 20:12:14] [build-stdout] [INFO] --- maven-enforcer-plugin:1.4.1:enforce (enforce-jaxrs1) @ xwiki-rendering-syntax-xhtml ---
[2025-12-11 20:12:14] [build-stdout] [INFO] 
[2025-12-11 20:12:14] [build-stdout] [INFO] --- maven-enforcer-plugin:1.4.1:enforce (enforce-open-json) @ xwiki-rendering-syntax-xhtml ---
[2025-12-11 20:12:14] [build-stdout] [INFO] 
[2025-12-11 20:12:14] [build-stdout] [INFO] --- maven-enforcer-plugin:1.4.1:enforce (enforce-glassfish-el) @ xwiki-rendering-syntax-xhtml ---
[2025-12-11 20:12:14] [build-stdout] [INFO] 
[2025-12-11 20:12:14] [build-stdout] [INFO] --- maven-enforcer-plugin:1.4.1:enforce (enforce-commons-lang3) @ xwiki-rendering-syntax-xhtml ---
[2025-12-11 20:12:14] [build-stdout] [INFO] 
[2025-12-11 20:12:14] [build-stdout] [INFO] --- maven-enforcer-plugin:1.4.1:enforce (enforce-commons-configuration2) @ xwiki-rendering-syntax-xhtml ---
[2025-12-11 20:12:14] [build-stdout] [INFO] 
[2025-12-11 20:12:14] [build-stdout] [INFO] --- maven-enforcer-plugin:1.4.1:enforce (enforce-jakarta.activation-api) @ xwiki-rendering-syntax-xhtml ---
[2025-12-11 20:12:14] [build-stdout] [INFO] 
[2025-12-11 20:12:14] [build-stdout] [INFO] --- maven-enforcer-plugin:1.4.1:enforce (enforce-jakarta.activation) @ xwiki-rendering-syntax-xhtml ---
[2025-12-11 20:12:14] [build-stdout] [INFO] 
[2025-12-11 20:12:14] [build-stdout] [INFO] --- maven-enforcer-plugin:1.4.1:enforce (enforce-jakarta.mail-api) @ xwiki-rendering-syntax-xhtml ---
[2025-12-11 20:12:14] [build-stdout] [INFO] 
[2025-12-11 20:12:14] [build-stdout] [INFO] --- maven-enforcer-plugin:1.4.1:enforce (enforce-jakarta.mail) @ xwiki-rendering-syntax-xhtml ---
[2025-12-11 20:12:14] [build-stdout] [INFO] 
[2025-12-11 20:12:14] [build-stdout] [INFO] --- maven-enforcer-plugin:1.4.1:enforce (enforce-jakarta.annotation-api) @ xwiki-rendering-syntax-xhtml ---
[2025-12-11 20:12:14] [build-stdout] [INFO] 
[2025-12-11 20:12:14] [build-stdout] [INFO] --- maven-enforcer-plugin:1.4.1:enforce (enforce-bouncycastle-ids) @ xwiki-rendering-syntax-xhtml ---
[2025-12-11 20:12:14] [build-stdout] [INFO] 
[2025-12-11 20:12:14] [build-stdout] [INFO] --- maven-enforcer-plugin:1.4.1:enforce (enforce-velocity-engine-core) @ xwiki-rendering-syntax-xhtml ---
[2025-12-11 20:12:14] [build-stdout] [INFO] 
[2025-12-11 20:12:14] [build-stdout] [INFO] --- maven-enforcer-plugin:1.4.1:enforce (enforce-asm) @ xwiki-rendering-syntax-xhtml ---
[2025-12-11 20:12:14] [build-stdout] [INFO] 
[2025-12-11 20:12:14] [build-stdout] [INFO] --- maven-enforcer-plugin:1.4.1:enforce (enforce-cglib) @ xwiki-rendering-syntax-xhtml ---
[2025-12-11 20:12:14] [build-stdout] [INFO] 
[2025-12-11 20:12:14] [build-stdout] [INFO] --- maven-enforcer-plugin:1.4.1:enforce (enforce-javase-dependencies) @ xwiki-rendering-syntax-xhtml ---
[2025-12-11 20:12:14] [build-stdout] [INFO] 
[2025-12-11 20:12:14] [build-stdout] [INFO] --- maven-enforcer-plugin:1.4.1:enforce (enforce-jsr305) @ xwiki-rendering-syntax-xhtml ---
[2025-12-11 20:12:14] [build-stdout] [INFO] 
[2025-12-11 20:12:14] [build-stdout] [INFO] --- maven-enforcer-plugin:1.4.1:enforce (enforce-jta) @ xwiki-rendering-syntax-xhtml ---
[2025-12-11 20:12:14] [build-stdout] [INFO] 
[2025-12-11 20:12:14] [build-stdout] [INFO] --- maven-enforcer-plugin:1.4.1:enforce (enforce-jakarta.validation-api) @ xwiki-rendering-syntax-xhtml ---
[2025-12-11 20:12:14] [build-stdout] [INFO] 
[2025-12-11 20:12:14] [build-stdout] [INFO] --- maven-enforcer-plugin:1.4.1:enforce (enforce-hibernate-validator) @ xwiki-rendering-syntax-xhtml ---
[2025-12-11 20:12:14] [build-stdout] [INFO] 
[2025-12-11 20:12:14] [build-stdout] [INFO] --- maven-enforcer-plugin:1.4.1:enforce (enforce-upper-bounds) @ xwiki-rendering-syntax-xhtml ---
[2025-12-11 20:12:14] [build-stdout] [INFO] 
[2025-12-11 20:12:14] [build-stdout] [INFO] --- maven-enforcer-plugin:1.4.1:enforce (enforce-no-legacy-dependencies) @ xwiki-rendering-syntax-xhtml ---
[2025-12-11 20:12:14] [build-stdout] [INFO] 
[2025-12-11 20:12:14] [build-stdout] [INFO] --- maven-enforcer-plugin:1.4.1:enforce (enforce-valid-poms) @ xwiki-rendering-syntax-xhtml ---
[2025-12-11 20:12:14] [build-stdout] [INFO] 
[2025-12-11 20:12:14] [build-stdout] [INFO] --- maven-enforcer-plugin:1.4.1:enforce (enforce-platform-isolation) @ xwiki-rendering-syntax-xhtml ---
[2025-12-11 20:12:14] [build-stdout] [INFO] 
[2025-12-11 20:12:14] [build-stdout] [INFO] --- maven-enforcer-plugin:1.4.1:enforce (check-dependency-version) @ xwiki-rendering-syntax-xhtml ---
[2025-12-11 20:12:14] [build-stdout] [INFO] 
[2025-12-11 20:12:14] [build-stdout] [INFO] --- xwiki-commons-tool-remote-resource-plugin:14.6:process (xwiki-license-resources) @ xwiki-rendering-syntax-xhtml ---
[2025-12-11 20:12:15] [build-stdout] [INFO] Preparing remote bundle org.xwiki.commons:xwiki-commons-tool-license-resources:14.6
[2025-12-11 20:12:15] [build-stdout] [INFO] Copying 2 resources from 1 bundle.
[2025-12-11 20:12:15] [build-stdout] [INFO] 
[2025-12-11 20:12:15] [build-stdout] [INFO] --- maven-resources-plugin:3.2.0:resources (default-resources) @ xwiki-rendering-syntax-xhtml ---
[2025-12-11 20:12:15] [build-stdout] [INFO] Using 'UTF-8' encoding to copy filtered resources.
[2025-12-11 20:12:15] [build-stdout] [INFO] Using 'UTF-8' encoding to copy filtered properties files.
[2025-12-11 20:12:15] [build-stdout] [INFO] Copying 1 resource
[2025-12-11 20:12:15] [build-stdout] [INFO] Copying 2 resources
[2025-12-11 20:12:15] [build-stdout] [INFO] 
[2025-12-11 20:12:15] [build-stdout] [INFO] --- maven-compiler-plugin:3.10.1:compile (default-compile) @ xwiki-rendering-syntax-xhtml ---
[2025-12-11 20:12:15] [build-stdout] [INFO] Loaded from the build cache, saving 205ms
[2025-12-11 20:12:15] [build-stdout] [INFO] 
[2025-12-11 20:12:15] [build-stdout] [INFO] --- maven-bundle-plugin:5.1.6:manifest (bundle-manifest) @ xwiki-rendering-syntax-xhtml ---
[2025-12-11 20:12:15] [build-stdout] [INFO] No MANIFEST.MF file found, generating manifest.
[2025-12-11 20:12:15] [build-stdout] [INFO] Writing manifest: /data/iris_projects/xwiki__xwiki-rendering_CVE-2023-32070_14.6/xwiki-rendering-syntaxes/xwiki-rendering-syntax-xhtml/target/classes/META-INF/MANIFEST.MF
[2025-12-11 20:12:15] [build-stdout] [INFO] 
[2025-12-11 20:12:15] [build-stdout] [INFO] --- maven-resources-plugin:3.2.0:testResources (default-testResources) @ xwiki-rendering-syntax-xhtml ---
[2025-12-11 20:12:15] [build-stdout] [INFO] Using 'UTF-8' encoding to copy filtered resources.
[2025-12-11 20:12:15] [build-stdout] [INFO] Using 'UTF-8' encoding to copy filtered properties files.
[2025-12-11 20:12:15] [build-stdout] [INFO] Copying 102 resources
[2025-12-11 20:12:15] [build-stdout] [INFO] Copying 2 resources
[2025-12-11 20:12:15] [build-stdout] [INFO] 
[2025-12-11 20:12:15] [build-stdout] [INFO] --- maven-compiler-plugin:3.10.1:testCompile (default-testCompile) @ xwiki-rendering-syntax-xhtml ---
[2025-12-11 20:12:15] [build-stdout] [INFO] Loaded from the build cache, saving 155ms
[2025-12-11 20:12:15] [build-stdout] [INFO] 
[2025-12-11 20:12:15] [build-stdout] [INFO] --- maven-surefire-plugin:2.22.2:test (default-test) @ xwiki-rendering-syntax-xhtml ---
[2025-12-11 20:12:15] [build-stdout] [INFO] Tests are skipped.
[2025-12-11 20:12:15] [build-stdout] [INFO] Skipped
[2025-12-11 20:12:15] [build-stdout] [INFO] 
[2025-12-11 20:12:15] [build-stdout] [INFO] --- maven-jar-plugin:3.2.2:jar (default-jar) @ xwiki-rendering-syntax-xhtml ---
[2025-12-11 20:12:15] [build-stdout] [INFO] Building jar: /data/iris_projects/xwiki__xwiki-rendering_CVE-2023-32070_14.6/xwiki-rendering-syntaxes/xwiki-rendering-syntax-xhtml/target/xwiki-rendering-syntax-xhtml-14.6.jar
[2025-12-11 20:12:15] [build-stdout] [INFO] 
[2025-12-11 20:12:15] [build-stdout] [INFO] --- maven-jar-plugin:3.2.2:test-jar (default) @ xwiki-rendering-syntax-xhtml ---
[2025-12-11 20:12:15] [build-stdout] [INFO] Building jar: /data/iris_projects/xwiki__xwiki-rendering_CVE-2023-32070_14.6/xwiki-rendering-syntaxes/xwiki-rendering-syntax-xhtml/target/xwiki-rendering-syntax-xhtml-14.6-tests.jar
[2025-12-11 20:12:15] [build-stdout] [INFO] 
[2025-12-11 20:12:15] [build-stdout] [INFO] ------------------------------------------------------------------------
[2025-12-11 20:12:15] [build-stdout] [INFO] Building XWiki Rendering - Transformations - Parent POM 14.6
[2025-12-11 20:12:15] [build-stdout] [INFO] ------------------------------------------------------------------------
[2025-12-11 20:12:15] [build-stdout] [INFO] 
[2025-12-11 20:12:15] [build-stdout] [INFO] --- maven-clean-plugin:3.2.0:clean (default-clean) @ xwiki-rendering-transformations ---
[2025-12-11 20:12:15] [build-stdout] [INFO] Deleting /data/iris_projects/xwiki__xwiki-rendering_CVE-2023-32070_14.6/xwiki-rendering-transformations/target
[2025-12-11 20:12:15] [build-stdout] [INFO] 
[2025-12-11 20:12:15] [build-stdout] [INFO] --- maven-enforcer-plugin:1.4.1:enforce (enforce-plugins) @ xwiki-rendering-transformations ---
[2025-12-11 20:12:15] [build-stdout] [INFO] 
[2025-12-11 20:12:15] [build-stdout] [INFO] --- maven-enforcer-plugin:1.4.1:enforce (enforce-jcl-log4j-isolation) @ xwiki-rendering-transformations ---
[2025-12-11 20:12:15] [build-stdout] [INFO] 
[2025-12-11 20:12:15] [build-stdout] [INFO] --- maven-enforcer-plugin:1.4.1:enforce (enforce-jakarta.xml.bind-api) @ xwiki-rendering-transformations ---
[2025-12-11 20:12:15] [build-stdout] [INFO] 
[2025-12-11 20:12:15] [build-stdout] [INFO] --- maven-enforcer-plugin:1.4.1:enforce (enforce-glasshfish-jaxb) @ xwiki-rendering-transformations ---
[2025-12-11 20:12:15] [build-stdout] [INFO] 
[2025-12-11 20:12:15] [build-stdout] [INFO] --- maven-enforcer-plugin:1.4.1:enforce (enforce-jaxrs1) @ xwiki-rendering-transformations ---
[2025-12-11 20:12:15] [build-stdout] [INFO] 
[2025-12-11 20:12:15] [build-stdout] [INFO] --- maven-enforcer-plugin:1.4.1:enforce (enforce-open-json) @ xwiki-rendering-transformations ---
[2025-12-11 20:12:15] [build-stdout] [INFO] 
[2025-12-11 20:12:15] [build-stdout] [INFO] --- maven-enforcer-plugin:1.4.1:enforce (enforce-glassfish-el) @ xwiki-rendering-transformations ---
[2025-12-11 20:12:15] [build-stdout] [INFO] 
[2025-12-11 20:12:15] [build-stdout] [INFO] --- maven-enforcer-plugin:1.4.1:enforce (enforce-commons-lang3) @ xwiki-rendering-transformations ---
[2025-12-11 20:12:15] [build-stdout] [INFO] 
[2025-12-11 20:12:15] [build-stdout] [INFO] --- maven-enforcer-plugin:1.4.1:enforce (enforce-commons-configuration2) @ xwiki-rendering-transformations ---
[2025-12-11 20:12:15] [build-stdout] [INFO] 
[2025-12-11 20:12:15] [build-stdout] [INFO] --- maven-enforcer-plugin:1.4.1:enforce (enforce-jakarta.activation-api) @ xwiki-rendering-transformations ---
[2025-12-11 20:12:15] [build-stdout] [INFO] 
[2025-12-11 20:12:15] [build-stdout] [INFO] --- maven-enforcer-plugin:1.4.1:enforce (enforce-jakarta.activation) @ xwiki-rendering-transformations ---
[2025-12-11 20:12:15] [build-stdout] [INFO] 
[2025-12-11 20:12:15] [build-stdout] [INFO] --- maven-enforcer-plugin:1.4.1:enforce (enforce-jakarta.mail-api) @ xwiki-rendering-transformations ---
[2025-12-11 20:12:15] [build-stdout] [INFO] 
[2025-12-11 20:12:15] [build-stdout] [INFO] --- maven-enforcer-plugin:1.4.1:enforce (enforce-jakarta.mail) @ xwiki-rendering-transformations ---
[2025-12-11 20:12:15] [build-stdout] [INFO] 
[2025-12-11 20:12:15] [build-stdout] [INFO] --- maven-enforcer-plugin:1.4.1:enforce (enforce-jakarta.annotation-api) @ xwiki-rendering-transformations ---
[2025-12-11 20:12:15] [build-stdout] [INFO] 
[2025-12-11 20:12:15] [build-stdout] [INFO] --- maven-enforcer-plugin:1.4.1:enforce (enforce-bouncycastle-ids) @ xwiki-rendering-transformations ---
[2025-12-11 20:12:15] [build-stdout] [INFO] 
[2025-12-11 20:12:15] [build-stdout] [INFO] --- maven-enforcer-plugin:1.4.1:enforce (enforce-velocity-engine-core) @ xwiki-rendering-transformations ---
[2025-12-11 20:12:15] [build-stdout] [INFO] 
[2025-12-11 20:12:15] [build-stdout] [INFO] --- maven-enforcer-plugin:1.4.1:enforce (enforce-asm) @ xwiki-rendering-transformations ---
[2025-12-11 20:12:15] [build-stdout] [INFO] 
[2025-12-11 20:12:15] [build-stdout] [INFO] --- maven-enforcer-plugin:1.4.1:enforce (enforce-cglib) @ xwiki-rendering-transformations ---
[2025-12-11 20:12:15] [build-stdout] [INFO] 
[2025-12-11 20:12:15] [build-stdout] [INFO] --- maven-enforcer-plugin:1.4.1:enforce (enforce-javase-dependencies) @ xwiki-rendering-transformations ---
[2025-12-11 20:12:15] [build-stdout] [INFO] 
[2025-12-11 20:12:15] [build-stdout] [INFO] --- maven-enforcer-plugin:1.4.1:enforce (enforce-jsr305) @ xwiki-rendering-transformations ---
[2025-12-11 20:12:15] [build-stdout] [INFO] 
[2025-12-11 20:12:15] [build-stdout] [INFO] --- maven-enforcer-plugin:1.4.1:enforce (enforce-jta) @ xwiki-rendering-transformations ---
[2025-12-11 20:12:15] [build-stdout] [INFO] 
[2025-12-11 20:12:15] [build-stdout] [INFO] --- maven-enforcer-plugin:1.4.1:enforce (enforce-jakarta.validation-api) @ xwiki-rendering-transformations ---
[2025-12-11 20:12:15] [build-stdout] [INFO] 
[2025-12-11 20:12:15] [build-stdout] [INFO] --- maven-enforcer-plugin:1.4.1:enforce (enforce-hibernate-validator) @ xwiki-rendering-transformations ---
[2025-12-11 20:12:15] [build-stdout] [INFO] 
[2025-12-11 20:12:15] [build-stdout] [INFO] --- maven-enforcer-plugin:1.4.1:enforce (enforce-upper-bounds) @ xwiki-rendering-transformations ---
[2025-12-11 20:12:16] [build-stdout] [INFO] 
[2025-12-11 20:12:16] [build-stdout] [INFO] --- maven-enforcer-plugin:1.4.1:enforce (enforce-no-legacy-dependencies) @ xwiki-rendering-transformations ---
[2025-12-11 20:12:16] [build-stdout] [INFO] 
[2025-12-11 20:12:16] [build-stdout] [INFO] --- maven-enforcer-plugin:1.4.1:enforce (enforce-valid-poms) @ xwiki-rendering-transformations ---
[2025-12-11 20:12:16] [build-stdout] [INFO] 
[2025-12-11 20:12:16] [build-stdout] [INFO] --- maven-enforcer-plugin:1.4.1:enforce (enforce-platform-isolation) @ xwiki-rendering-transformations ---
[2025-12-11 20:12:16] [build-stdout] [INFO] 
[2025-12-11 20:12:16] [build-stdout] [INFO] --- maven-enforcer-plugin:1.4.1:enforce (check-dependency-version) @ xwiki-rendering-transformations ---
[2025-12-11 20:12:16] [build-stdout] [INFO] 
[2025-12-11 20:12:16] [build-stdout] [INFO] --- xwiki-commons-tool-remote-resource-plugin:14.6:process (xwiki-license-resources) @ xwiki-rendering-transformations ---
[2025-12-11 20:12:16] [build-stdout] [INFO] Preparing remote bundle org.xwiki.commons:xwiki-commons-tool-license-resources:14.6
[2025-12-11 20:12:16] [build-stdout] [INFO] Copying 2 resources from 1 bundle.
[2025-12-11 20:12:16] [build-stdout] [INFO] 
[2025-12-11 20:12:16] [build-stdout] [INFO] --- maven-bundle-plugin:5.1.6:manifest (bundle-manifest) @ xwiki-rendering-transformations ---
[2025-12-11 20:12:16] [build-stdout] [WARNING] Ignoring project type pom - supportedProjectTypes = [jar, bundle]
[2025-12-11 20:12:16] [build-stdout] [INFO] 
[2025-12-11 20:12:16] [build-stdout] [INFO] ------------------------------------------------------------------------
[2025-12-11 20:12:16] [build-stdout] [INFO] Building XWiki Rendering - Transformation - Macro 14.6
[2025-12-11 20:12:16] [build-stdout] [INFO] ------------------------------------------------------------------------
[2025-12-11 20:12:16] [build-stdout] [INFO] 
[2025-12-11 20:12:16] [build-stdout] [INFO] --- maven-clean-plugin:3.2.0:clean (default-clean) @ xwiki-rendering-transformation-macro ---
[2025-12-11 20:12:16] [build-stdout] [INFO] Deleting /data/iris_projects/xwiki__xwiki-rendering_CVE-2023-32070_14.6/xwiki-rendering-transformations/xwiki-rendering-transformation-macro/target
[2025-12-11 20:12:16] [build-stdout] [INFO] 
[2025-12-11 20:12:16] [build-stdout] [INFO] --- maven-enforcer-plugin:1.4.1:enforce (enforce-plugins) @ xwiki-rendering-transformation-macro ---
[2025-12-11 20:12:16] [build-stdout] [INFO] 
[2025-12-11 20:12:16] [build-stdout] [INFO] --- maven-enforcer-plugin:1.4.1:enforce (enforce-jcl-log4j-isolation) @ xwiki-rendering-transformation-macro ---
[2025-12-11 20:12:16] [build-stdout] [INFO] 
[2025-12-11 20:12:16] [build-stdout] [INFO] --- maven-enforcer-plugin:1.4.1:enforce (enforce-jakarta.xml.bind-api) @ xwiki-rendering-transformation-macro ---
[2025-12-11 20:12:16] [build-stdout] [INFO] 
[2025-12-11 20:12:16] [build-stdout] [INFO] --- maven-enforcer-plugin:1.4.1:enforce (enforce-glasshfish-jaxb) @ xwiki-rendering-transformation-macro ---
[2025-12-11 20:12:16] [build-stdout] [INFO] 
[2025-12-11 20:12:16] [build-stdout] [INFO] --- maven-enforcer-plugin:1.4.1:enforce (enforce-jaxrs1) @ xwiki-rendering-transformation-macro ---
[2025-12-11 20:12:16] [build-stdout] [INFO] 
[2025-12-11 20:12:16] [build-stdout] [INFO] --- maven-enforcer-plugin:1.4.1:enforce (enforce-open-json) @ xwiki-rendering-transformation-macro ---
[2025-12-11 20:12:16] [build-stdout] [INFO] 
[2025-12-11 20:12:16] [build-stdout] [INFO] --- maven-enforcer-plugin:1.4.1:enforce (enforce-glassfish-el) @ xwiki-rendering-transformation-macro ---
[2025-12-11 20:12:16] [build-stdout] [INFO] 
[2025-12-11 20:12:16] [build-stdout] [INFO] --- maven-enforcer-plugin:1.4.1:enforce (enforce-commons-lang3) @ xwiki-rendering-transformation-macro ---
[2025-12-11 20:12:16] [build-stdout] [INFO] 
[2025-12-11 20:12:16] [build-stdout] [INFO] --- maven-enforcer-plugin:1.4.1:enforce (enforce-commons-configuration2) @ xwiki-rendering-transformation-macro ---
[2025-12-11 20:12:16] [build-stdout] [INFO] 
[2025-12-11 20:12:16] [build-stdout] [INFO] --- maven-enforcer-plugin:1.4.1:enforce (enforce-jakarta.activation-api) @ xwiki-rendering-transformation-macro ---
[2025-12-11 20:12:16] [build-stdout] [INFO] 
[2025-12-11 20:12:16] [build-stdout] [INFO] --- maven-enforcer-plugin:1.4.1:enforce (enforce-jakarta.activation) @ xwiki-rendering-transformation-macro ---
[2025-12-11 20:12:16] [build-stdout] [INFO] 
[2025-12-11 20:12:16] [build-stdout] [INFO] --- maven-enforcer-plugin:1.4.1:enforce (enforce-jakarta.mail-api) @ xwiki-rendering-transformation-macro ---
[2025-12-11 20:12:16] [build-stdout] [INFO] 
[2025-12-11 20:12:16] [build-stdout] [INFO] --- maven-enforcer-plugin:1.4.1:enforce (enforce-jakarta.mail) @ xwiki-rendering-transformation-macro ---
[2025-12-11 20:12:16] [build-stdout] [INFO] 
[2025-12-11 20:12:16] [build-stdout] [INFO] --- maven-enforcer-plugin:1.4.1:enforce (enforce-jakarta.annotation-api) @ xwiki-rendering-transformation-macro ---
[2025-12-11 20:12:16] [build-stdout] [INFO] 
[2025-12-11 20:12:16] [build-stdout] [INFO] --- maven-enforcer-plugin:1.4.1:enforce (enforce-bouncycastle-ids) @ xwiki-rendering-transformation-macro ---
[2025-12-11 20:12:16] [build-stdout] [INFO] 
[2025-12-11 20:12:16] [build-stdout] [INFO] --- maven-enforcer-plugin:1.4.1:enforce (enforce-velocity-engine-core) @ xwiki-rendering-transformation-macro ---
[2025-12-11 20:12:16] [build-stdout] [INFO] 
[2025-12-11 20:12:16] [build-stdout] [INFO] --- maven-enforcer-plugin:1.4.1:enforce (enforce-asm) @ xwiki-rendering-transformation-macro ---
[2025-12-11 20:12:16] [build-stdout] [INFO] 
[2025-12-11 20:12:16] [build-stdout] [INFO] --- maven-enforcer-plugin:1.4.1:enforce (enforce-cglib) @ xwiki-rendering-transformation-macro ---
[2025-12-11 20:12:16] [build-stdout] [INFO] 
[2025-12-11 20:12:16] [build-stdout] [INFO] --- maven-enforcer-plugin:1.4.1:enforce (enforce-javase-dependencies) @ xwiki-rendering-transformation-macro ---
[2025-12-11 20:12:16] [build-stdout] [INFO] 
[2025-12-11 20:12:16] [build-stdout] [INFO] --- maven-enforcer-plugin:1.4.1:enforce (enforce-jsr305) @ xwiki-rendering-transformation-macro ---
[2025-12-11 20:12:16] [build-stdout] [INFO] 
[2025-12-11 20:12:16] [build-stdout] [INFO] --- maven-enforcer-plugin:1.4.1:enforce (enforce-jta) @ xwiki-rendering-transformation-macro ---
[2025-12-11 20:12:16] [build-stdout] [INFO] 
[2025-12-11 20:12:16] [build-stdout] [INFO] --- maven-enforcer-plugin:1.4.1:enforce (enforce-jakarta.validation-api) @ xwiki-rendering-transformation-macro ---
[2025-12-11 20:12:16] [build-stdout] [INFO] 
[2025-12-11 20:12:16] [build-stdout] [INFO] --- maven-enforcer-plugin:1.4.1:enforce (enforce-hibernate-validator) @ xwiki-rendering-transformation-macro ---
[2025-12-11 20:12:16] [build-stdout] [INFO] 
[2025-12-11 20:12:16] [build-stdout] [INFO] --- maven-enforcer-plugin:1.4.1:enforce (enforce-upper-bounds) @ xwiki-rendering-transformation-macro ---
[2025-12-11 20:12:16] [build-stdout] [INFO] 
[2025-12-11 20:12:16] [build-stdout] [INFO] --- maven-enforcer-plugin:1.4.1:enforce (enforce-no-legacy-dependencies) @ xwiki-rendering-transformation-macro ---
[2025-12-11 20:12:16] [build-stdout] [INFO] 
[2025-12-11 20:12:16] [build-stdout] [INFO] --- maven-enforcer-plugin:1.4.1:enforce (enforce-valid-poms) @ xwiki-rendering-transformation-macro ---
[2025-12-11 20:12:16] [build-stdout] [INFO] 
[2025-12-11 20:12:16] [build-stdout] [INFO] --- maven-enforcer-plugin:1.4.1:enforce (enforce-platform-isolation) @ xwiki-rendering-transformation-macro ---
[2025-12-11 20:12:16] [build-stdout] [INFO] 
[2025-12-11 20:12:16] [build-stdout] [INFO] --- maven-enforcer-plugin:1.4.1:enforce (check-dependency-version) @ xwiki-rendering-transformation-macro ---
[2025-12-11 20:12:16] [build-stdout] [INFO] 
[2025-12-11 20:12:16] [build-stdout] [INFO] --- xwiki-commons-tool-remote-resource-plugin:14.6:process (xwiki-license-resources) @ xwiki-rendering-transformation-macro ---
[2025-12-11 20:12:16] [build-stdout] [INFO] Preparing remote bundle org.xwiki.commons:xwiki-commons-tool-license-resources:14.6
[2025-12-11 20:12:16] [build-stdout] [INFO] Copying 2 resources from 1 bundle.
[2025-12-11 20:12:17] [build-stdout] [INFO] 
[2025-12-11 20:12:17] [build-stdout] [INFO] --- maven-resources-plugin:3.2.0:resources (default-resources) @ xwiki-rendering-transformation-macro ---
[2025-12-11 20:12:17] [build-stdout] [INFO] Using 'UTF-8' encoding to copy filtered resources.
[2025-12-11 20:12:17] [build-stdout] [INFO] Using 'UTF-8' encoding to copy filtered properties files.
[2025-12-11 20:12:17] [build-stdout] [INFO] Copying 5 resources
[2025-12-11 20:12:17] [build-stdout] [INFO] Copying 2 resources
[2025-12-11 20:12:17] [build-stdout] [INFO] 
[2025-12-11 20:12:17] [build-stdout] [INFO] --- maven-compiler-plugin:3.10.1:compile (default-compile) @ xwiki-rendering-transformation-macro ---
[2025-12-11 20:12:17] [build-stdout] [INFO] Loaded from the build cache, saving 134ms
[2025-12-11 20:12:17] [build-stdout] [INFO] 
[2025-12-11 20:12:17] [build-stdout] [INFO] --- maven-bundle-plugin:5.1.6:manifest (bundle-manifest) @ xwiki-rendering-transformation-macro ---
[2025-12-11 20:12:17] [build-stdout] [INFO] No MANIFEST.MF file found, generating manifest.
[2025-12-11 20:12:17] [build-stdout] [INFO] Writing manifest: /data/iris_projects/xwiki__xwiki-rendering_CVE-2023-32070_14.6/xwiki-rendering-transformations/xwiki-rendering-transformation-macro/target/classes/META-INF/MANIFEST.MF
[2025-12-11 20:12:17] [build-stdout] [INFO] 
[2025-12-11 20:12:17] [build-stdout] [INFO] --- maven-resources-plugin:3.2.0:testResources (default-testResources) @ xwiki-rendering-transformation-macro ---
[2025-12-11 20:12:17] [build-stdout] [INFO] Using 'UTF-8' encoding to copy filtered resources.
[2025-12-11 20:12:17] [build-stdout] [INFO] Using 'UTF-8' encoding to copy filtered properties files.
[2025-12-11 20:12:17] [build-stdout] [INFO] Copying 1 resource
[2025-12-11 20:12:17] [build-stdout] [INFO] Copying 2 resources
[2025-12-11 20:12:17] [build-stdout] [INFO] 
[2025-12-11 20:12:17] [build-stdout] [INFO] --- maven-compiler-plugin:3.10.1:testCompile (default-testCompile) @ xwiki-rendering-transformation-macro ---
[2025-12-11 20:12:17] [build-stdout] [INFO] Loaded from the build cache, saving 277ms
[2025-12-11 20:12:17] [build-stdout] [INFO] 
[2025-12-11 20:12:17] [build-stdout] [INFO] --- maven-surefire-plugin:2.22.2:test (default-test) @ xwiki-rendering-transformation-macro ---
[2025-12-11 20:12:17] [build-stdout] [INFO] Tests are skipped.
[2025-12-11 20:12:17] [build-stdout] [INFO] Skipped
[2025-12-11 20:12:17] [build-stdout] [INFO] 
[2025-12-11 20:12:17] [build-stdout] [INFO] --- maven-jar-plugin:3.2.2:jar (default-jar) @ xwiki-rendering-transformation-macro ---
[2025-12-11 20:12:17] [build-stdout] [INFO] Building jar: /data/iris_projects/xwiki__xwiki-rendering_CVE-2023-32070_14.6/xwiki-rendering-transformations/xwiki-rendering-transformation-macro/target/xwiki-rendering-transformation-macro-14.6.jar
[2025-12-11 20:12:17] [build-stdout] [INFO] 
[2025-12-11 20:12:17] [build-stdout] [INFO] --- maven-jar-plugin:3.2.2:test-jar (test-jar) @ xwiki-rendering-transformation-macro ---
[2025-12-11 20:12:17] [build-stdout] [INFO] Building jar: /data/iris_projects/xwiki__xwiki-rendering_CVE-2023-32070_14.6/xwiki-rendering-transformations/xwiki-rendering-transformation-macro/target/xwiki-rendering-transformation-macro-14.6-tests.jar
[2025-12-11 20:12:17] [build-stdout] [INFO] 
[2025-12-11 20:12:17] [build-stdout] [INFO] ------------------------------------------------------------------------
[2025-12-11 20:12:17] [build-stdout] [INFO] Building XWiki Rendering - Macro Archetype 14.6
[2025-12-11 20:12:17] [build-stdout] [INFO] ------------------------------------------------------------------------
[2025-12-11 20:12:17] [build-stdout] [INFO] 
[2025-12-11 20:12:17] [build-stdout] [INFO] --- maven-clean-plugin:3.2.0:clean (default-clean) @ xwiki-rendering-archetype-macro ---
[2025-12-11 20:12:17] [build-stdout] [INFO] Deleting /data/iris_projects/xwiki__xwiki-rendering_CVE-2023-32070_14.6/xwiki-rendering-archetype-macro/target
[2025-12-11 20:12:17] [build-stdout] [INFO] 
[2025-12-11 20:12:17] [build-stdout] [INFO] --- maven-enforcer-plugin:1.4.1:enforce (enforce-plugins) @ xwiki-rendering-archetype-macro ---
[2025-12-11 20:12:17] [build-stdout] [INFO] 
[2025-12-11 20:12:17] [build-stdout] [INFO] --- maven-enforcer-plugin:1.4.1:enforce (enforce-jcl-log4j-isolation) @ xwiki-rendering-archetype-macro ---
[2025-12-11 20:12:17] [build-stdout] [INFO] 
[2025-12-11 20:12:17] [build-stdout] [INFO] --- maven-enforcer-plugin:1.4.1:enforce (enforce-jakarta.xml.bind-api) @ xwiki-rendering-archetype-macro ---
[2025-12-11 20:12:17] [build-stdout] [INFO] 
[2025-12-11 20:12:17] [build-stdout] [INFO] --- maven-enforcer-plugin:1.4.1:enforce (enforce-glasshfish-jaxb) @ xwiki-rendering-archetype-macro ---
[2025-12-11 20:12:17] [build-stdout] [INFO] 
[2025-12-11 20:12:17] [build-stdout] [INFO] --- maven-enforcer-plugin:1.4.1:enforce (enforce-jaxrs1) @ xwiki-rendering-archetype-macro ---
[2025-12-11 20:12:17] [build-stdout] [INFO] 
[2025-12-11 20:12:17] [build-stdout] [INFO] --- maven-enforcer-plugin:1.4.1:enforce (enforce-open-json) @ xwiki-rendering-archetype-macro ---
[2025-12-11 20:12:17] [build-stdout] [INFO] 
[2025-12-11 20:12:17] [build-stdout] [INFO] --- maven-enforcer-plugin:1.4.1:enforce (enforce-glassfish-el) @ xwiki-rendering-archetype-macro ---
[2025-12-11 20:12:17] [build-stdout] [INFO] 
[2025-12-11 20:12:17] [build-stdout] [INFO] --- maven-enforcer-plugin:1.4.1:enforce (enforce-commons-lang3) @ xwiki-rendering-archetype-macro ---
[2025-12-11 20:12:17] [build-stdout] [INFO] 
[2025-12-11 20:12:17] [build-stdout] [INFO] --- maven-enforcer-plugin:1.4.1:enforce (enforce-commons-configuration2) @ xwiki-rendering-archetype-macro ---
[2025-12-11 20:12:17] [build-stdout] [INFO] 
[2025-12-11 20:12:17] [build-stdout] [INFO] --- maven-enforcer-plugin:1.4.1:enforce (enforce-jakarta.activation-api) @ xwiki-rendering-archetype-macro ---
[2025-12-11 20:12:17] [build-stdout] [INFO] 
[2025-12-11 20:12:17] [build-stdout] [INFO] --- maven-enforcer-plugin:1.4.1:enforce (enforce-jakarta.activation) @ xwiki-rendering-archetype-macro ---
[2025-12-11 20:12:17] [build-stdout] [INFO] 
[2025-12-11 20:12:17] [build-stdout] [INFO] --- maven-enforcer-plugin:1.4.1:enforce (enforce-jakarta.mail-api) @ xwiki-rendering-archetype-macro ---
[2025-12-11 20:12:17] [build-stdout] [INFO] 
[2025-12-11 20:12:17] [build-stdout] [INFO] --- maven-enforcer-plugin:1.4.1:enforce (enforce-jakarta.mail) @ xwiki-rendering-archetype-macro ---
[2025-12-11 20:12:17] [build-stdout] [INFO] 
[2025-12-11 20:12:17] [build-stdout] [INFO] --- maven-enforcer-plugin:1.4.1:enforce (enforce-jakarta.annotation-api) @ xwiki-rendering-archetype-macro ---
[2025-12-11 20:12:17] [build-stdout] [INFO] 
[2025-12-11 20:12:17] [build-stdout] [INFO] --- maven-enforcer-plugin:1.4.1:enforce (enforce-bouncycastle-ids) @ xwiki-rendering-archetype-macro ---
[2025-12-11 20:12:17] [build-stdout] [INFO] 
[2025-12-11 20:12:17] [build-stdout] [INFO] --- maven-enforcer-plugin:1.4.1:enforce (enforce-velocity-engine-core) @ xwiki-rendering-archetype-macro ---
[2025-12-11 20:12:17] [build-stdout] [INFO] 
[2025-12-11 20:12:17] [build-stdout] [INFO] --- maven-enforcer-plugin:1.4.1:enforce (enforce-asm) @ xwiki-rendering-archetype-macro ---
[2025-12-11 20:12:17] [build-stdout] [INFO] 
[2025-12-11 20:12:17] [build-stdout] [INFO] --- maven-enforcer-plugin:1.4.1:enforce (enforce-cglib) @ xwiki-rendering-archetype-macro ---
[2025-12-11 20:12:17] [build-stdout] [INFO] 
[2025-12-11 20:12:17] [build-stdout] [INFO] --- maven-enforcer-plugin:1.4.1:enforce (enforce-javase-dependencies) @ xwiki-rendering-archetype-macro ---
[2025-12-11 20:12:17] [build-stdout] [INFO] 
[2025-12-11 20:12:17] [build-stdout] [INFO] --- maven-enforcer-plugin:1.4.1:enforce (enforce-jsr305) @ xwiki-rendering-archetype-macro ---
[2025-12-11 20:12:17] [build-stdout] [INFO] 
[2025-12-11 20:12:17] [build-stdout] [INFO] --- maven-enforcer-plugin:1.4.1:enforce (enforce-jta) @ xwiki-rendering-archetype-macro ---
[2025-12-11 20:12:17] [build-stdout] [INFO] 
[2025-12-11 20:12:17] [build-stdout] [INFO] --- maven-enforcer-plugin:1.4.1:enforce (enforce-jakarta.validation-api) @ xwiki-rendering-archetype-macro ---
[2025-12-11 20:12:17] [build-stdout] [INFO] 
[2025-12-11 20:12:17] [build-stdout] [INFO] --- maven-enforcer-plugin:1.4.1:enforce (enforce-hibernate-validator) @ xwiki-rendering-archetype-macro ---
[2025-12-11 20:12:17] [build-stdout] [INFO] 
[2025-12-11 20:12:17] [build-stdout] [INFO] --- maven-enforcer-plugin:1.4.1:enforce (enforce-upper-bounds) @ xwiki-rendering-archetype-macro ---
[2025-12-11 20:12:17] [build-stdout] [INFO] 
[2025-12-11 20:12:17] [build-stdout] [INFO] --- maven-enforcer-plugin:1.4.1:enforce (enforce-no-legacy-dependencies) @ xwiki-rendering-archetype-macro ---
[2025-12-11 20:12:17] [build-stdout] [INFO] 
[2025-12-11 20:12:17] [build-stdout] [INFO] --- maven-enforcer-plugin:1.4.1:enforce (enforce-valid-poms) @ xwiki-rendering-archetype-macro ---
[2025-12-11 20:12:17] [build-stdout] [INFO] 
[2025-12-11 20:12:17] [build-stdout] [INFO] --- maven-enforcer-plugin:1.4.1:enforce (enforce-platform-isolation) @ xwiki-rendering-archetype-macro ---
[2025-12-11 20:12:17] [build-stdout] [INFO] 
[2025-12-11 20:12:17] [build-stdout] [INFO] --- maven-enforcer-plugin:1.4.1:enforce (check-dependency-version) @ xwiki-rendering-archetype-macro ---
[2025-12-11 20:12:17] [build-stdout] [INFO] 
[2025-12-11 20:12:17] [build-stdout] [INFO] --- xwiki-commons-tool-remote-resource-plugin:14.6:process (xwiki-license-resources) @ xwiki-rendering-archetype-macro ---
[2025-12-11 20:12:17] [build-stdout] [INFO] Preparing remote bundle org.xwiki.commons:xwiki-commons-tool-license-resources:14.6
[2025-12-11 20:12:17] [build-stdout] [INFO] Copying 2 resources from 1 bundle.
[2025-12-11 20:12:17] [build-stdout] [INFO] 
[2025-12-11 20:12:17] [build-stdout] [INFO] --- maven-resources-plugin:3.2.0:resources (default-resources) @ xwiki-rendering-archetype-macro ---
[2025-12-11 20:12:17] [build-stdout] [INFO] Using 'UTF-8' encoding to copy filtered resources.
[2025-12-11 20:12:17] [build-stdout] [INFO] Using 'UTF-8' encoding to copy filtered properties files.
[2025-12-11 20:12:17] [build-stdout] [INFO] Copying 1 resource
[2025-12-11 20:12:18] [build-stdout] [INFO] Copying 7 resources
[2025-12-11 20:12:18] [build-stdout] [INFO] Copying 2 resources
[2025-12-11 20:12:18] [build-stdout] [INFO] 
[2025-12-11 20:12:18] [build-stdout] [INFO] --- maven-bundle-plugin:5.1.6:manifest (bundle-manifest) @ xwiki-rendering-archetype-macro ---
[2025-12-11 20:12:18] [build-stdout] [WARNING] Ignoring project type maven-archetype - supportedProjectTypes = [jar, bundle]
[2025-12-11 20:12:18] [build-stdout] [INFO] 
[2025-12-11 20:12:18] [build-stdout] [INFO] --- maven-resources-plugin:3.2.0:testResources (default-testResources) @ xwiki-rendering-archetype-macro ---
[2025-12-11 20:12:18] [build-stdout] [INFO] Using 'UTF-8' encoding to copy filtered resources.
[2025-12-11 20:12:18] [build-stdout] [INFO] Using 'UTF-8' encoding to copy filtered properties files.
[2025-12-11 20:12:18] [build-stdout] [INFO] Copying 2 resources
[2025-12-11 20:12:18] [build-stdout] [INFO] Copying 2 resources
[2025-12-11 20:12:18] [build-stdout] [INFO] 
[2025-12-11 20:12:18] [build-stdout] [INFO] --- maven-archetype-plugin:3.2.1:jar (default-jar) @ xwiki-rendering-archetype-macro ---
[2025-12-11 20:12:18] [build-stdout] [INFO] Building archetype jar: /data/iris_projects/xwiki__xwiki-rendering_CVE-2023-32070_14.6/xwiki-rendering-archetype-macro/target/xwiki-rendering-archetype-macro-14.6.jar
[2025-12-11 20:12:18] [build-stdout] [INFO] Building jar: /data/iris_projects/xwiki__xwiki-rendering_CVE-2023-32070_14.6/xwiki-rendering-archetype-macro/target/xwiki-rendering-archetype-macro-14.6.jar
[2025-12-11 20:12:18] [build-stdout] [INFO] 
[2025-12-11 20:12:18] [build-stdout] [INFO] ------------------------------------------------------------------------
[2025-12-11 20:12:18] [build-stdout] [INFO] Building XWiki Rendering - Syntax - Annotated XHTML 14.6
[2025-12-11 20:12:18] [build-stdout] [INFO] ------------------------------------------------------------------------
[2025-12-11 20:12:18] [build-stdout] [INFO] 
[2025-12-11 20:12:18] [build-stdout] [INFO] --- maven-clean-plugin:3.2.0:clean (default-clean) @ xwiki-rendering-syntax-annotatedxhtml ---
[2025-12-11 20:12:18] [build-stdout] [INFO] Deleting /data/iris_projects/xwiki__xwiki-rendering_CVE-2023-32070_14.6/xwiki-rendering-syntaxes/xwiki-rendering-syntax-annotatedxhtml/target
[2025-12-11 20:12:18] [build-stdout] [INFO] 
[2025-12-11 20:12:18] [build-stdout] [INFO] --- maven-enforcer-plugin:1.4.1:enforce (enforce-plugins) @ xwiki-rendering-syntax-annotatedxhtml ---
[2025-12-11 20:12:18] [build-stdout] [INFO] 
[2025-12-11 20:12:18] [build-stdout] [INFO] --- maven-enforcer-plugin:1.4.1:enforce (enforce-jcl-log4j-isolation) @ xwiki-rendering-syntax-annotatedxhtml ---
[2025-12-11 20:12:18] [build-stdout] [INFO] 
[2025-12-11 20:12:18] [build-stdout] [INFO] --- maven-enforcer-plugin:1.4.1:enforce (enforce-jakarta.xml.bind-api) @ xwiki-rendering-syntax-annotatedxhtml ---
[2025-12-11 20:12:18] [build-stdout] [INFO] 
[2025-12-11 20:12:18] [build-stdout] [INFO] --- maven-enforcer-plugin:1.4.1:enforce (enforce-glasshfish-jaxb) @ xwiki-rendering-syntax-annotatedxhtml ---
[2025-12-11 20:12:18] [build-stdout] [INFO] 
[2025-12-11 20:12:18] [build-stdout] [INFO] --- maven-enforcer-plugin:1.4.1:enforce (enforce-jaxrs1) @ xwiki-rendering-syntax-annotatedxhtml ---
[2025-12-11 20:12:18] [build-stdout] [INFO] 
[2025-12-11 20:12:18] [build-stdout] [INFO] --- maven-enforcer-plugin:1.4.1:enforce (enforce-open-json) @ xwiki-rendering-syntax-annotatedxhtml ---
[2025-12-11 20:12:18] [build-stdout] [INFO] 
[2025-12-11 20:12:18] [build-stdout] [INFO] --- maven-enforcer-plugin:1.4.1:enforce (enforce-glassfish-el) @ xwiki-rendering-syntax-annotatedxhtml ---
[2025-12-11 20:12:18] [build-stdout] [INFO] 
[2025-12-11 20:12:18] [build-stdout] [INFO] --- maven-enforcer-plugin:1.4.1:enforce (enforce-commons-lang3) @ xwiki-rendering-syntax-annotatedxhtml ---
[2025-12-11 20:12:18] [build-stdout] [INFO] 
[2025-12-11 20:12:18] [build-stdout] [INFO] --- maven-enforcer-plugin:1.4.1:enforce (enforce-commons-configuration2) @ xwiki-rendering-syntax-annotatedxhtml ---
[2025-12-11 20:12:18] [build-stdout] [INFO] 
[2025-12-11 20:12:18] [build-stdout] [INFO] --- maven-enforcer-plugin:1.4.1:enforce (enforce-jakarta.activation-api) @ xwiki-rendering-syntax-annotatedxhtml ---
[2025-12-11 20:12:18] [build-stdout] [INFO] 
[2025-12-11 20:12:18] [build-stdout] [INFO] --- maven-enforcer-plugin:1.4.1:enforce (enforce-jakarta.activation) @ xwiki-rendering-syntax-annotatedxhtml ---
[2025-12-11 20:12:18] [build-stdout] [INFO] 
[2025-12-11 20:12:18] [build-stdout] [INFO] --- maven-enforcer-plugin:1.4.1:enforce (enforce-jakarta.mail-api) @ xwiki-rendering-syntax-annotatedxhtml ---
[2025-12-11 20:12:18] [build-stdout] [INFO] 
[2025-12-11 20:12:18] [build-stdout] [INFO] --- maven-enforcer-plugin:1.4.1:enforce (enforce-jakarta.mail) @ xwiki-rendering-syntax-annotatedxhtml ---
[2025-12-11 20:12:18] [build-stdout] [INFO] 
[2025-12-11 20:12:18] [build-stdout] [INFO] --- maven-enforcer-plugin:1.4.1:enforce (enforce-jakarta.annotation-api) @ xwiki-rendering-syntax-annotatedxhtml ---
[2025-12-11 20:12:18] [build-stdout] [INFO] 
[2025-12-11 20:12:18] [build-stdout] [INFO] --- maven-enforcer-plugin:1.4.1:enforce (enforce-bouncycastle-ids) @ xwiki-rendering-syntax-annotatedxhtml ---
[2025-12-11 20:12:18] [build-stdout] [INFO] 
[2025-12-11 20:12:18] [build-stdout] [INFO] --- maven-enforcer-plugin:1.4.1:enforce (enforce-velocity-engine-core) @ xwiki-rendering-syntax-annotatedxhtml ---
[2025-12-11 20:12:18] [build-stdout] [INFO] 
[2025-12-11 20:12:18] [build-stdout] [INFO] --- maven-enforcer-plugin:1.4.1:enforce (enforce-asm) @ xwiki-rendering-syntax-annotatedxhtml ---
[2025-12-11 20:12:18] [build-stdout] [INFO] 
[2025-12-11 20:12:18] [build-stdout] [INFO] --- maven-enforcer-plugin:1.4.1:enforce (enforce-cglib) @ xwiki-rendering-syntax-annotatedxhtml ---
[2025-12-11 20:12:18] [build-stdout] [INFO] 
[2025-12-11 20:12:18] [build-stdout] [INFO] --- maven-enforcer-plugin:1.4.1:enforce (enforce-javase-dependencies) @ xwiki-rendering-syntax-annotatedxhtml ---
[2025-12-11 20:12:18] [build-stdout] [INFO] 
[2025-12-11 20:12:18] [build-stdout] [INFO] --- maven-enforcer-plugin:1.4.1:enforce (enforce-jsr305) @ xwiki-rendering-syntax-annotatedxhtml ---
[2025-12-11 20:12:19] [build-stdout] [INFO] 
[2025-12-11 20:12:19] [build-stdout] [INFO] --- maven-enforcer-plugin:1.4.1:enforce (enforce-jta) @ xwiki-rendering-syntax-annotatedxhtml ---
[2025-12-11 20:12:19] [build-stdout] [INFO] 
[2025-12-11 20:12:19] [build-stdout] [INFO] --- maven-enforcer-plugin:1.4.1:enforce (enforce-jakarta.validation-api) @ xwiki-rendering-syntax-annotatedxhtml ---
[2025-12-11 20:12:19] [build-stdout] [INFO] 
[2025-12-11 20:12:19] [build-stdout] [INFO] --- maven-enforcer-plugin:1.4.1:enforce (enforce-hibernate-validator) @ xwiki-rendering-syntax-annotatedxhtml ---
[2025-12-11 20:12:19] [build-stdout] [INFO] 
[2025-12-11 20:12:19] [build-stdout] [INFO] --- maven-enforcer-plugin:1.4.1:enforce (enforce-upper-bounds) @ xwiki-rendering-syntax-annotatedxhtml ---
[2025-12-11 20:12:19] [build-stdout] [INFO] 
[2025-12-11 20:12:19] [build-stdout] [INFO] --- maven-enforcer-plugin:1.4.1:enforce (enforce-no-legacy-dependencies) @ xwiki-rendering-syntax-annotatedxhtml ---
[2025-12-11 20:12:19] [build-stdout] [INFO] 
[2025-12-11 20:12:19] [build-stdout] [INFO] --- maven-enforcer-plugin:1.4.1:enforce (enforce-valid-poms) @ xwiki-rendering-syntax-annotatedxhtml ---
[2025-12-11 20:12:19] [build-stdout] [INFO] 
[2025-12-11 20:12:19] [build-stdout] [INFO] --- maven-enforcer-plugin:1.4.1:enforce (enforce-platform-isolation) @ xwiki-rendering-syntax-annotatedxhtml ---
[2025-12-11 20:12:19] [build-stdout] [INFO] 
[2025-12-11 20:12:19] [build-stdout] [INFO] --- maven-enforcer-plugin:1.4.1:enforce (check-dependency-version) @ xwiki-rendering-syntax-annotatedxhtml ---
[2025-12-11 20:12:19] [build-stdout] [INFO] 
[2025-12-11 20:12:19] [build-stdout] [INFO] --- xwiki-commons-tool-remote-resource-plugin:14.6:process (xwiki-license-resources) @ xwiki-rendering-syntax-annotatedxhtml ---
[2025-12-11 20:12:19] [build-stdout] [INFO] Preparing remote bundle org.xwiki.commons:xwiki-commons-tool-license-resources:14.6
[2025-12-11 20:12:19] [build-stdout] [INFO] Copying 2 resources from 1 bundle.
[2025-12-11 20:12:19] [build-stdout] [INFO] 
[2025-12-11 20:12:19] [build-stdout] [INFO] --- maven-resources-plugin:3.2.0:resources (default-resources) @ xwiki-rendering-syntax-annotatedxhtml ---
[2025-12-11 20:12:19] [build-stdout] [INFO] Using 'UTF-8' encoding to copy filtered resources.
[2025-12-11 20:12:19] [build-stdout] [INFO] Using 'UTF-8' encoding to copy filtered properties files.
[2025-12-11 20:12:19] [build-stdout] [INFO] Copying 1 resource
[2025-12-11 20:12:19] [build-stdout] [INFO] Copying 2 resources
[2025-12-11 20:12:19] [build-stdout] [INFO] 
[2025-12-11 20:12:19] [build-stdout] [INFO] --- maven-compiler-plugin:3.10.1:compile (default-compile) @ xwiki-rendering-syntax-annotatedxhtml ---
[2025-12-11 20:12:19] [build-stdout] [INFO] Loaded from the build cache, saving 106ms
[2025-12-11 20:12:19] [build-stdout] [INFO] 
[2025-12-11 20:12:19] [build-stdout] [INFO] --- maven-bundle-plugin:5.1.6:manifest (bundle-manifest) @ xwiki-rendering-syntax-annotatedxhtml ---
[2025-12-11 20:12:19] [build-stdout] [INFO] No MANIFEST.MF file found, generating manifest.
[2025-12-11 20:12:19] [build-stdout] [INFO] Writing manifest: /data/iris_projects/xwiki__xwiki-rendering_CVE-2023-32070_14.6/xwiki-rendering-syntaxes/xwiki-rendering-syntax-annotatedxhtml/target/classes/META-INF/MANIFEST.MF
[2025-12-11 20:12:19] [build-stdout] [INFO] 
[2025-12-11 20:12:19] [build-stdout] [INFO] --- maven-resources-plugin:3.2.0:testResources (default-testResources) @ xwiki-rendering-syntax-annotatedxhtml ---
[2025-12-11 20:12:19] [build-stdout] [INFO] Using 'UTF-8' encoding to copy filtered resources.
[2025-12-11 20:12:19] [build-stdout] [INFO] Using 'UTF-8' encoding to copy filtered properties files.
[2025-12-11 20:12:19] [build-stdout] [INFO] Copying 11 resources
[2025-12-11 20:12:19] [build-stdout] [INFO] Copying 2 resources
[2025-12-11 20:12:19] [build-stdout] [INFO] 
[2025-12-11 20:12:19] [build-stdout] [INFO] --- maven-compiler-plugin:3.10.1:testCompile (default-testCompile) @ xwiki-rendering-syntax-annotatedxhtml ---
[2025-12-11 20:12:19] [build-stdout] [INFO] Loaded from the build cache, saving 100ms
[2025-12-11 20:12:19] [build-stdout] [INFO] 
[2025-12-11 20:12:19] [build-stdout] [INFO] --- maven-surefire-plugin:2.22.2:test (default-test) @ xwiki-rendering-syntax-annotatedxhtml ---
[2025-12-11 20:12:19] [build-stdout] [INFO] Tests are skipped.
[2025-12-11 20:12:19] [build-stdout] [INFO] Skipped
[2025-12-11 20:12:19] [build-stdout] [INFO] 
[2025-12-11 20:12:19] [build-stdout] [INFO] --- maven-jar-plugin:3.2.2:jar (default-jar) @ xwiki-rendering-syntax-annotatedxhtml ---
[2025-12-11 20:12:19] [build-stdout] [INFO] Building jar: /data/iris_projects/xwiki__xwiki-rendering_CVE-2023-32070_14.6/xwiki-rendering-syntaxes/xwiki-rendering-syntax-annotatedxhtml/target/xwiki-rendering-syntax-annotatedxhtml-14.6.jar
[2025-12-11 20:12:19] [build-stdout] [INFO] 
[2025-12-11 20:12:19] [build-stdout] [INFO] ------------------------------------------------------------------------
[2025-12-11 20:12:19] [build-stdout] [INFO] Building XWiki Rendering - Syntax - Doxia Bridge 14.6
[2025-12-11 20:12:19] [build-stdout] [INFO] ------------------------------------------------------------------------
[2025-12-11 20:12:19] [build-stdout] [INFO] 
[2025-12-11 20:12:19] [build-stdout] [INFO] --- maven-clean-plugin:3.2.0:clean (default-clean) @ xwiki-rendering-syntax-doxia ---
[2025-12-11 20:12:19] [build-stdout] [INFO] Deleting /data/iris_projects/xwiki__xwiki-rendering_CVE-2023-32070_14.6/xwiki-rendering-syntaxes/xwiki-rendering-syntax-doxia/target
[2025-12-11 20:12:19] [build-stdout] [INFO] 
[2025-12-11 20:12:19] [build-stdout] [INFO] --- maven-enforcer-plugin:1.4.1:enforce (enforce-plugins) @ xwiki-rendering-syntax-doxia ---
[2025-12-11 20:12:19] [build-stdout] [INFO] 
[2025-12-11 20:12:19] [build-stdout] [INFO] --- maven-enforcer-plugin:1.4.1:enforce (enforce-jcl-log4j-isolation) @ xwiki-rendering-syntax-doxia ---
[2025-12-11 20:12:19] [build-stdout] [INFO] 
[2025-12-11 20:12:19] [build-stdout] [INFO] --- maven-enforcer-plugin:1.4.1:enforce (enforce-jakarta.xml.bind-api) @ xwiki-rendering-syntax-doxia ---
[2025-12-11 20:12:19] [build-stdout] [INFO] 
[2025-12-11 20:12:19] [build-stdout] [INFO] --- maven-enforcer-plugin:1.4.1:enforce (enforce-glasshfish-jaxb) @ xwiki-rendering-syntax-doxia ---
[2025-12-11 20:12:19] [build-stdout] [INFO] 
[2025-12-11 20:12:19] [build-stdout] [INFO] --- maven-enforcer-plugin:1.4.1:enforce (enforce-jaxrs1) @ xwiki-rendering-syntax-doxia ---
[2025-12-11 20:12:19] [build-stdout] [INFO] 
[2025-12-11 20:12:19] [build-stdout] [INFO] --- maven-enforcer-plugin:1.4.1:enforce (enforce-open-json) @ xwiki-rendering-syntax-doxia ---
[2025-12-11 20:12:19] [build-stdout] [INFO] 
[2025-12-11 20:12:19] [build-stdout] [INFO] --- maven-enforcer-plugin:1.4.1:enforce (enforce-glassfish-el) @ xwiki-rendering-syntax-doxia ---
[2025-12-11 20:12:19] [build-stdout] [INFO] 
[2025-12-11 20:12:19] [build-stdout] [INFO] --- maven-enforcer-plugin:1.4.1:enforce (enforce-commons-lang3) @ xwiki-rendering-syntax-doxia ---
[2025-12-11 20:12:19] [build-stdout] [INFO] 
[2025-12-11 20:12:19] [build-stdout] [INFO] --- maven-enforcer-plugin:1.4.1:enforce (enforce-commons-configuration2) @ xwiki-rendering-syntax-doxia ---
[2025-12-11 20:12:19] [build-stdout] [INFO] 
[2025-12-11 20:12:19] [build-stdout] [INFO] --- maven-enforcer-plugin:1.4.1:enforce (enforce-jakarta.activation-api) @ xwiki-rendering-syntax-doxia ---
[2025-12-11 20:12:19] [build-stdout] [INFO] 
[2025-12-11 20:12:19] [build-stdout] [INFO] --- maven-enforcer-plugin:1.4.1:enforce (enforce-jakarta.activation) @ xwiki-rendering-syntax-doxia ---
[2025-12-11 20:12:19] [build-stdout] [INFO] 
[2025-12-11 20:12:19] [build-stdout] [INFO] --- maven-enforcer-plugin:1.4.1:enforce (enforce-jakarta.mail-api) @ xwiki-rendering-syntax-doxia ---
[2025-12-11 20:12:20] [build-stdout] [INFO] 
[2025-12-11 20:12:20] [build-stdout] [INFO] --- maven-enforcer-plugin:1.4.1:enforce (enforce-jakarta.mail) @ xwiki-rendering-syntax-doxia ---
[2025-12-11 20:12:20] [build-stdout] [INFO] 
[2025-12-11 20:12:20] [build-stdout] [INFO] --- maven-enforcer-plugin:1.4.1:enforce (enforce-jakarta.annotation-api) @ xwiki-rendering-syntax-doxia ---
[2025-12-11 20:12:20] [build-stdout] [INFO] 
[2025-12-11 20:12:20] [build-stdout] [INFO] --- maven-enforcer-plugin:1.4.1:enforce (enforce-bouncycastle-ids) @ xwiki-rendering-syntax-doxia ---
[2025-12-11 20:12:20] [build-stdout] [INFO] 
[2025-12-11 20:12:20] [build-stdout] [INFO] --- maven-enforcer-plugin:1.4.1:enforce (enforce-velocity-engine-core) @ xwiki-rendering-syntax-doxia ---
[2025-12-11 20:12:20] [build-stdout] [INFO] 
[2025-12-11 20:12:20] [build-stdout] [INFO] --- maven-enforcer-plugin:1.4.1:enforce (enforce-asm) @ xwiki-rendering-syntax-doxia ---
[2025-12-11 20:12:20] [build-stdout] [INFO] 
[2025-12-11 20:12:20] [build-stdout] [INFO] --- maven-enforcer-plugin:1.4.1:enforce (enforce-cglib) @ xwiki-rendering-syntax-doxia ---
[2025-12-11 20:12:20] [build-stdout] [INFO] 
[2025-12-11 20:12:20] [build-stdout] [INFO] --- maven-enforcer-plugin:1.4.1:enforce (enforce-javase-dependencies) @ xwiki-rendering-syntax-doxia ---
[2025-12-11 20:12:20] [build-stdout] [INFO] 
[2025-12-11 20:12:20] [build-stdout] [INFO] --- maven-enforcer-plugin:1.4.1:enforce (enforce-jsr305) @ xwiki-rendering-syntax-doxia ---
[2025-12-11 20:12:20] [build-stdout] [INFO] 
[2025-12-11 20:12:20] [build-stdout] [INFO] --- maven-enforcer-plugin:1.4.1:enforce (enforce-jta) @ xwiki-rendering-syntax-doxia ---
[2025-12-11 20:12:20] [build-stdout] [INFO] 
[2025-12-11 20:12:20] [build-stdout] [INFO] --- maven-enforcer-plugin:1.4.1:enforce (enforce-jakarta.validation-api) @ xwiki-rendering-syntax-doxia ---
[2025-12-11 20:12:20] [build-stdout] [INFO] 
[2025-12-11 20:12:20] [build-stdout] [INFO] --- maven-enforcer-plugin:1.4.1:enforce (enforce-hibernate-validator) @ xwiki-rendering-syntax-doxia ---
[2025-12-11 20:12:20] [build-stdout] [INFO] 
[2025-12-11 20:12:20] [build-stdout] [INFO] --- maven-enforcer-plugin:1.4.1:enforce (enforce-upper-bounds) @ xwiki-rendering-syntax-doxia ---
[2025-12-11 20:12:20] [build-stdout] [INFO] 
[2025-12-11 20:12:20] [build-stdout] [INFO] --- maven-enforcer-plugin:1.4.1:enforce (enforce-no-legacy-dependencies) @ xwiki-rendering-syntax-doxia ---
[2025-12-11 20:12:20] [build-stdout] [INFO] 
[2025-12-11 20:12:20] [build-stdout] [INFO] --- maven-enforcer-plugin:1.4.1:enforce (enforce-valid-poms) @ xwiki-rendering-syntax-doxia ---
[2025-12-11 20:12:20] [build-stdout] [INFO] 
[2025-12-11 20:12:20] [build-stdout] [INFO] --- maven-enforcer-plugin:1.4.1:enforce (enforce-platform-isolation) @ xwiki-rendering-syntax-doxia ---
[2025-12-11 20:12:20] [build-stdout] [INFO] 
[2025-12-11 20:12:20] [build-stdout] [INFO] --- maven-enforcer-plugin:1.4.1:enforce (check-dependency-version) @ xwiki-rendering-syntax-doxia ---
[2025-12-11 20:12:20] [build-stdout] [INFO] 
[2025-12-11 20:12:20] [build-stdout] [INFO] --- xwiki-commons-tool-remote-resource-plugin:14.6:process (xwiki-license-resources) @ xwiki-rendering-syntax-doxia ---
[2025-12-11 20:12:20] [build-stdout] [INFO] Preparing remote bundle org.xwiki.commons:xwiki-commons-tool-license-resources:14.6
[2025-12-11 20:12:20] [build-stdout] [INFO] Copying 2 resources from 1 bundle.
[2025-12-11 20:12:21] [build-stdout] [INFO] 
[2025-12-11 20:12:21] [build-stdout] [INFO] --- maven-resources-plugin:3.2.0:resources (default-resources) @ xwiki-rendering-syntax-doxia ---
[2025-12-11 20:12:21] [build-stdout] [INFO] Using 'UTF-8' encoding to copy filtered resources.
[2025-12-11 20:12:21] [build-stdout] [INFO] Using 'UTF-8' encoding to copy filtered properties files.
[2025-12-11 20:12:21] [build-stdout] [INFO] skip non existing resourceDirectory /data/iris_projects/xwiki__xwiki-rendering_CVE-2023-32070_14.6/xwiki-rendering-syntaxes/xwiki-rendering-syntax-doxia/src/main/resources
[2025-12-11 20:12:21] [build-stdout] [INFO] Copying 2 resources
[2025-12-11 20:12:21] [build-stdout] [INFO] 
[2025-12-11 20:12:21] [build-stdout] [INFO] --- maven-compiler-plugin:3.10.1:compile (default-compile) @ xwiki-rendering-syntax-doxia ---
[2025-12-11 20:12:21] [build-stdout] [INFO] Loaded from the build cache, saving 96ms
[2025-12-11 20:12:21] [build-stdout] [INFO] 
[2025-12-11 20:12:21] [build-stdout] [INFO] --- maven-bundle-plugin:5.1.6:manifest (bundle-manifest) @ xwiki-rendering-syntax-doxia ---
[2025-12-11 20:12:21] [build-stdout] [INFO] No MANIFEST.MF file found, generating manifest.
[2025-12-11 20:12:21] [build-stdout] [INFO] Writing manifest: /data/iris_projects/xwiki__xwiki-rendering_CVE-2023-32070_14.6/xwiki-rendering-syntaxes/xwiki-rendering-syntax-doxia/target/classes/META-INF/MANIFEST.MF
[2025-12-11 20:12:21] [build-stdout] [INFO] 
[2025-12-11 20:12:21] [build-stdout] [INFO] --- maven-resources-plugin:3.2.0:testResources (default-testResources) @ xwiki-rendering-syntax-doxia ---
[2025-12-11 20:12:21] [build-stdout] [INFO] Using 'UTF-8' encoding to copy filtered resources.
[2025-12-11 20:12:21] [build-stdout] [INFO] Using 'UTF-8' encoding to copy filtered properties files.
[2025-12-11 20:12:21] [build-stdout] [INFO] skip non existing resourceDirectory /data/iris_projects/xwiki__xwiki-rendering_CVE-2023-32070_14.6/xwiki-rendering-syntaxes/xwiki-rendering-syntax-doxia/src/test/resources
[2025-12-11 20:12:21] [build-stdout] [INFO] Copying 2 resources
[2025-12-11 20:12:21] [build-stdout] [INFO] 
[2025-12-11 20:12:21] [build-stdout] [INFO] --- maven-compiler-plugin:3.10.1:testCompile (default-testCompile) @ xwiki-rendering-syntax-doxia ---
[2025-12-11 20:12:21] [build-stdout] [INFO] Loaded from the build cache
[2025-12-11 20:12:21] [build-stdout] [INFO] 
[2025-12-11 20:12:21] [build-stdout] [INFO] --- maven-surefire-plugin:2.22.2:test (default-test) @ xwiki-rendering-syntax-doxia ---
[2025-12-11 20:12:21] [build-stdout] [INFO] Tests are skipped.
[2025-12-11 20:12:21] [build-stdout] [INFO] Skipped
[2025-12-11 20:12:21] [build-stdout] [INFO] 
[2025-12-11 20:12:21] [build-stdout] [INFO] --- maven-jar-plugin:3.2.2:jar (default-jar) @ xwiki-rendering-syntax-doxia ---
[2025-12-11 20:12:21] [build-stdout] [INFO] Building jar: /data/iris_projects/xwiki__xwiki-rendering_CVE-2023-32070_14.6/xwiki-rendering-syntaxes/xwiki-rendering-syntax-doxia/target/xwiki-rendering-syntax-doxia-14.6.jar
[2025-12-11 20:12:21] [build-stdout] [INFO] 
[2025-12-11 20:12:21] [build-stdout] [INFO] ------------------------------------------------------------------------
[2025-12-11 20:12:21] [build-stdout] [INFO] Building XWiki Rendering - Syntax - DocBook 14.6
[2025-12-11 20:12:21] [build-stdout] [INFO] ------------------------------------------------------------------------
[2025-12-11 20:12:21] [build-stdout] [INFO] 
[2025-12-11 20:12:21] [build-stdout] [INFO] --- maven-clean-plugin:3.2.0:clean (default-clean) @ xwiki-rendering-syntax-docbook ---
[2025-12-11 20:12:21] [build-stdout] [INFO] Deleting /data/iris_projects/xwiki__xwiki-rendering_CVE-2023-32070_14.6/xwiki-rendering-syntaxes/xwiki-rendering-syntax-docbook/target
[2025-12-11 20:12:21] [build-stdout] [INFO] 
[2025-12-11 20:12:21] [build-stdout] [INFO] --- maven-enforcer-plugin:1.4.1:enforce (enforce-plugins) @ xwiki-rendering-syntax-docbook ---
[2025-12-11 20:12:21] [build-stdout] [INFO] 
[2025-12-11 20:12:21] [build-stdout] [INFO] --- maven-enforcer-plugin:1.4.1:enforce (enforce-jcl-log4j-isolation) @ xwiki-rendering-syntax-docbook ---
[2025-12-11 20:12:21] [build-stdout] [INFO] 
[2025-12-11 20:12:21] [build-stdout] [INFO] --- maven-enforcer-plugin:1.4.1:enforce (enforce-jakarta.xml.bind-api) @ xwiki-rendering-syntax-docbook ---
[2025-12-11 20:12:21] [build-stdout] [INFO] 
[2025-12-11 20:12:21] [build-stdout] [INFO] --- maven-enforcer-plugin:1.4.1:enforce (enforce-glasshfish-jaxb) @ xwiki-rendering-syntax-docbook ---
[2025-12-11 20:12:21] [build-stdout] [INFO] 
[2025-12-11 20:12:21] [build-stdout] [INFO] --- maven-enforcer-plugin:1.4.1:enforce (enforce-jaxrs1) @ xwiki-rendering-syntax-docbook ---
[2025-12-11 20:12:21] [build-stdout] [INFO] 
[2025-12-11 20:12:21] [build-stdout] [INFO] --- maven-enforcer-plugin:1.4.1:enforce (enforce-open-json) @ xwiki-rendering-syntax-docbook ---
[2025-12-11 20:12:21] [build-stdout] [INFO] 
[2025-12-11 20:12:21] [build-stdout] [INFO] --- maven-enforcer-plugin:1.4.1:enforce (enforce-glassfish-el) @ xwiki-rendering-syntax-docbook ---
[2025-12-11 20:12:21] [build-stdout] [INFO] 
[2025-12-11 20:12:21] [build-stdout] [INFO] --- maven-enforcer-plugin:1.4.1:enforce (enforce-commons-lang3) @ xwiki-rendering-syntax-docbook ---
[2025-12-11 20:12:21] [build-stdout] [INFO] 
[2025-12-11 20:12:21] [build-stdout] [INFO] --- maven-enforcer-plugin:1.4.1:enforce (enforce-commons-configuration2) @ xwiki-rendering-syntax-docbook ---
[2025-12-11 20:12:21] [build-stdout] [INFO] 
[2025-12-11 20:12:21] [build-stdout] [INFO] --- maven-enforcer-plugin:1.4.1:enforce (enforce-jakarta.activation-api) @ xwiki-rendering-syntax-docbook ---
[2025-12-11 20:12:21] [build-stdout] [INFO] 
[2025-12-11 20:12:21] [build-stdout] [INFO] --- maven-enforcer-plugin:1.4.1:enforce (enforce-jakarta.activation) @ xwiki-rendering-syntax-docbook ---
[2025-12-11 20:12:21] [build-stdout] [INFO] 
[2025-12-11 20:12:21] [build-stdout] [INFO] --- maven-enforcer-plugin:1.4.1:enforce (enforce-jakarta.mail-api) @ xwiki-rendering-syntax-docbook ---
[2025-12-11 20:12:21] [build-stdout] [INFO] 
[2025-12-11 20:12:21] [build-stdout] [INFO] --- maven-enforcer-plugin:1.4.1:enforce (enforce-jakarta.mail) @ xwiki-rendering-syntax-docbook ---
[2025-12-11 20:12:21] [build-stdout] [INFO] 
[2025-12-11 20:12:21] [build-stdout] [INFO] --- maven-enforcer-plugin:1.4.1:enforce (enforce-jakarta.annotation-api) @ xwiki-rendering-syntax-docbook ---
[2025-12-11 20:12:21] [build-stdout] [INFO] 
[2025-12-11 20:12:21] [build-stdout] [INFO] --- maven-enforcer-plugin:1.4.1:enforce (enforce-bouncycastle-ids) @ xwiki-rendering-syntax-docbook ---
[2025-12-11 20:12:21] [build-stdout] [INFO] 
[2025-12-11 20:12:21] [build-stdout] [INFO] --- maven-enforcer-plugin:1.4.1:enforce (enforce-velocity-engine-core) @ xwiki-rendering-syntax-docbook ---
[2025-12-11 20:12:21] [build-stdout] [INFO] 
[2025-12-11 20:12:21] [build-stdout] [INFO] --- maven-enforcer-plugin:1.4.1:enforce (enforce-asm) @ xwiki-rendering-syntax-docbook ---
[2025-12-11 20:12:21] [build-stdout] [INFO] 
[2025-12-11 20:12:21] [build-stdout] [INFO] --- maven-enforcer-plugin:1.4.1:enforce (enforce-cglib) @ xwiki-rendering-syntax-docbook ---
[2025-12-11 20:12:21] [build-stdout] [INFO] 
[2025-12-11 20:12:21] [build-stdout] [INFO] --- maven-enforcer-plugin:1.4.1:enforce (enforce-javase-dependencies) @ xwiki-rendering-syntax-docbook ---
[2025-12-11 20:12:21] [build-stdout] [INFO] 
[2025-12-11 20:12:21] [build-stdout] [INFO] --- maven-enforcer-plugin:1.4.1:enforce (enforce-jsr305) @ xwiki-rendering-syntax-docbook ---
[2025-12-11 20:12:21] [build-stdout] [INFO] 
[2025-12-11 20:12:21] [build-stdout] [INFO] --- maven-enforcer-plugin:1.4.1:enforce (enforce-jta) @ xwiki-rendering-syntax-docbook ---
[2025-12-11 20:12:21] [build-stdout] [INFO] 
[2025-12-11 20:12:21] [build-stdout] [INFO] --- maven-enforcer-plugin:1.4.1:enforce (enforce-jakarta.validation-api) @ xwiki-rendering-syntax-docbook ---
[2025-12-11 20:12:21] [build-stdout] [INFO] 
[2025-12-11 20:12:21] [build-stdout] [INFO] --- maven-enforcer-plugin:1.4.1:enforce (enforce-hibernate-validator) @ xwiki-rendering-syntax-docbook ---
[2025-12-11 20:12:21] [build-stdout] [INFO] 
[2025-12-11 20:12:21] [build-stdout] [INFO] --- maven-enforcer-plugin:1.4.1:enforce (enforce-upper-bounds) @ xwiki-rendering-syntax-docbook ---
[2025-12-11 20:12:21] [build-stdout] [INFO] 
[2025-12-11 20:12:21] [build-stdout] [INFO] --- maven-enforcer-plugin:1.4.1:enforce (enforce-no-legacy-dependencies) @ xwiki-rendering-syntax-docbook ---
[2025-12-11 20:12:21] [build-stdout] [INFO] 
[2025-12-11 20:12:21] [build-stdout] [INFO] --- maven-enforcer-plugin:1.4.1:enforce (enforce-valid-poms) @ xwiki-rendering-syntax-docbook ---
[2025-12-11 20:12:21] [build-stdout] [INFO] 
[2025-12-11 20:12:21] [build-stdout] [INFO] --- maven-enforcer-plugin:1.4.1:enforce (enforce-platform-isolation) @ xwiki-rendering-syntax-docbook ---
[2025-12-11 20:12:21] [build-stdout] [INFO] 
[2025-12-11 20:12:21] [build-stdout] [INFO] --- maven-enforcer-plugin:1.4.1:enforce (check-dependency-version) @ xwiki-rendering-syntax-docbook ---
[2025-12-11 20:12:21] [build-stdout] [INFO] 
[2025-12-11 20:12:21] [build-stdout] [INFO] --- xwiki-commons-tool-remote-resource-plugin:14.6:process (xwiki-license-resources) @ xwiki-rendering-syntax-docbook ---
[2025-12-11 20:12:21] [build-stdout] [INFO] Preparing remote bundle org.xwiki.commons:xwiki-commons-tool-license-resources:14.6
[2025-12-11 20:12:21] [build-stdout] [INFO] Copying 2 resources from 1 bundle.
[2025-12-11 20:12:22] [build-stdout] [INFO] 
[2025-12-11 20:12:22] [build-stdout] [INFO] --- maven-resources-plugin:3.2.0:resources (default-resources) @ xwiki-rendering-syntax-docbook ---
[2025-12-11 20:12:22] [build-stdout] [INFO] Using 'UTF-8' encoding to copy filtered resources.
[2025-12-11 20:12:22] [build-stdout] [INFO] Using 'UTF-8' encoding to copy filtered properties files.
[2025-12-11 20:12:22] [build-stdout] [INFO] Copying 1 resource
[2025-12-11 20:12:22] [build-stdout] [INFO] Copying 2 resources
[2025-12-11 20:12:22] [build-stdout] [INFO] 
[2025-12-11 20:12:22] [build-stdout] [INFO] --- maven-compiler-plugin:3.10.1:compile (default-compile) @ xwiki-rendering-syntax-docbook ---
[2025-12-11 20:12:22] [build-stdout] [INFO] Loaded from the build cache, saving 82ms
[2025-12-11 20:12:22] [build-stdout] [INFO] 
[2025-12-11 20:12:22] [build-stdout] [INFO] --- maven-bundle-plugin:5.1.6:manifest (bundle-manifest) @ xwiki-rendering-syntax-docbook ---
[2025-12-11 20:12:22] [build-stdout] [INFO] No MANIFEST.MF file found, generating manifest.
[2025-12-11 20:12:22] [build-stdout] [INFO] Writing manifest: /data/iris_projects/xwiki__xwiki-rendering_CVE-2023-32070_14.6/xwiki-rendering-syntaxes/xwiki-rendering-syntax-docbook/target/classes/META-INF/MANIFEST.MF
[2025-12-11 20:12:22] [build-stdout] [INFO] 
[2025-12-11 20:12:22] [build-stdout] [INFO] --- maven-resources-plugin:3.2.0:testResources (default-testResources) @ xwiki-rendering-syntax-docbook ---
[2025-12-11 20:12:22] [build-stdout] [INFO] Using 'UTF-8' encoding to copy filtered resources.
[2025-12-11 20:12:22] [build-stdout] [INFO] Using 'UTF-8' encoding to copy filtered properties files.
[2025-12-11 20:12:22] [build-stdout] [INFO] Copying 13 resources
[2025-12-11 20:12:22] [build-stdout] [INFO] Copying 2 resources
[2025-12-11 20:12:22] [build-stdout] [INFO] 
[2025-12-11 20:12:22] [build-stdout] [INFO] --- maven-compiler-plugin:3.10.1:testCompile (default-testCompile) @ xwiki-rendering-syntax-docbook ---
[2025-12-11 20:12:22] [build-stdout] [INFO] Loaded from the build cache, saving 170ms
[2025-12-11 20:12:22] [build-stdout] [INFO] 
[2025-12-11 20:12:22] [build-stdout] [INFO] --- maven-surefire-plugin:2.22.2:test (default-test) @ xwiki-rendering-syntax-docbook ---
[2025-12-11 20:12:22] [build-stdout] [INFO] Tests are skipped.
[2025-12-11 20:12:22] [build-stdout] [INFO] Skipped
[2025-12-11 20:12:22] [build-stdout] [INFO] 
[2025-12-11 20:12:22] [build-stdout] [INFO] --- maven-jar-plugin:3.2.2:jar (default-jar) @ xwiki-rendering-syntax-docbook ---
[2025-12-11 20:12:22] [build-stdout] [INFO] Building jar: /data/iris_projects/xwiki__xwiki-rendering_CVE-2023-32070_14.6/xwiki-rendering-syntaxes/xwiki-rendering-syntax-docbook/target/xwiki-rendering-syntax-docbook-14.6.jar
[2025-12-11 20:12:22] [build-stdout] [INFO] 
[2025-12-11 20:12:22] [build-stdout] [INFO] ------------------------------------------------------------------------
[2025-12-11 20:12:22] [build-stdout] [INFO] Building XWiki Rendering - Syntax - JSPWiki 14.6
[2025-12-11 20:12:22] [build-stdout] [INFO] ------------------------------------------------------------------------
[2025-12-11 20:12:22] [build-stdout] [INFO] 
[2025-12-11 20:12:22] [build-stdout] [INFO] --- maven-clean-plugin:3.2.0:clean (default-clean) @ xwiki-rendering-syntax-jspwiki ---
[2025-12-11 20:12:22] [build-stdout] [INFO] Deleting /data/iris_projects/xwiki__xwiki-rendering_CVE-2023-32070_14.6/xwiki-rendering-syntaxes/xwiki-rendering-syntax-jspwiki/target
[2025-12-11 20:12:22] [build-stdout] [INFO] 
[2025-12-11 20:12:22] [build-stdout] [INFO] --- maven-enforcer-plugin:1.4.1:enforce (enforce-plugins) @ xwiki-rendering-syntax-jspwiki ---
[2025-12-11 20:12:22] [build-stdout] [INFO] 
[2025-12-11 20:12:22] [build-stdout] [INFO] --- maven-enforcer-plugin:1.4.1:enforce (enforce-jcl-log4j-isolation) @ xwiki-rendering-syntax-jspwiki ---
[2025-12-11 20:12:22] [build-stdout] [INFO] 
[2025-12-11 20:12:22] [build-stdout] [INFO] --- maven-enforcer-plugin:1.4.1:enforce (enforce-jakarta.xml.bind-api) @ xwiki-rendering-syntax-jspwiki ---
[2025-12-11 20:12:22] [build-stdout] [INFO] 
[2025-12-11 20:12:22] [build-stdout] [INFO] --- maven-enforcer-plugin:1.4.1:enforce (enforce-glasshfish-jaxb) @ xwiki-rendering-syntax-jspwiki ---
[2025-12-11 20:12:22] [build-stdout] [INFO] 
[2025-12-11 20:12:22] [build-stdout] [INFO] --- maven-enforcer-plugin:1.4.1:enforce (enforce-jaxrs1) @ xwiki-rendering-syntax-jspwiki ---
[2025-12-11 20:12:22] [build-stdout] [INFO] 
[2025-12-11 20:12:22] [build-stdout] [INFO] --- maven-enforcer-plugin:1.4.1:enforce (enforce-open-json) @ xwiki-rendering-syntax-jspwiki ---
[2025-12-11 20:12:22] [build-stdout] [INFO] 
[2025-12-11 20:12:22] [build-stdout] [INFO] --- maven-enforcer-plugin:1.4.1:enforce (enforce-glassfish-el) @ xwiki-rendering-syntax-jspwiki ---
[2025-12-11 20:12:22] [build-stdout] [INFO] 
[2025-12-11 20:12:22] [build-stdout] [INFO] --- maven-enforcer-plugin:1.4.1:enforce (enforce-commons-lang3) @ xwiki-rendering-syntax-jspwiki ---
[2025-12-11 20:12:22] [build-stdout] [INFO] 
[2025-12-11 20:12:22] [build-stdout] [INFO] --- maven-enforcer-plugin:1.4.1:enforce (enforce-commons-configuration2) @ xwiki-rendering-syntax-jspwiki ---
[2025-12-11 20:12:22] [build-stdout] [INFO] 
[2025-12-11 20:12:22] [build-stdout] [INFO] --- maven-enforcer-plugin:1.4.1:enforce (enforce-jakarta.activation-api) @ xwiki-rendering-syntax-jspwiki ---
[2025-12-11 20:12:22] [build-stdout] [INFO] 
[2025-12-11 20:12:22] [build-stdout] [INFO] --- maven-enforcer-plugin:1.4.1:enforce (enforce-jakarta.activation) @ xwiki-rendering-syntax-jspwiki ---
[2025-12-11 20:12:22] [build-stdout] [INFO] 
[2025-12-11 20:12:22] [build-stdout] [INFO] --- maven-enforcer-plugin:1.4.1:enforce (enforce-jakarta.mail-api) @ xwiki-rendering-syntax-jspwiki ---
[2025-12-11 20:12:22] [build-stdout] [INFO] 
[2025-12-11 20:12:22] [build-stdout] [INFO] --- maven-enforcer-plugin:1.4.1:enforce (enforce-jakarta.mail) @ xwiki-rendering-syntax-jspwiki ---
[2025-12-11 20:12:22] [build-stdout] [INFO] 
[2025-12-11 20:12:22] [build-stdout] [INFO] --- maven-enforcer-plugin:1.4.1:enforce (enforce-jakarta.annotation-api) @ xwiki-rendering-syntax-jspwiki ---
[2025-12-11 20:12:22] [build-stdout] [INFO] 
[2025-12-11 20:12:22] [build-stdout] [INFO] --- maven-enforcer-plugin:1.4.1:enforce (enforce-bouncycastle-ids) @ xwiki-rendering-syntax-jspwiki ---
[2025-12-11 20:12:22] [build-stdout] [INFO] 
[2025-12-11 20:12:22] [build-stdout] [INFO] --- maven-enforcer-plugin:1.4.1:enforce (enforce-velocity-engine-core) @ xwiki-rendering-syntax-jspwiki ---
[2025-12-11 20:12:22] [build-stdout] [INFO] 
[2025-12-11 20:12:22] [build-stdout] [INFO] --- maven-enforcer-plugin:1.4.1:enforce (enforce-asm) @ xwiki-rendering-syntax-jspwiki ---
[2025-12-11 20:12:22] [build-stdout] [INFO] 
[2025-12-11 20:12:22] [build-stdout] [INFO] --- maven-enforcer-plugin:1.4.1:enforce (enforce-cglib) @ xwiki-rendering-syntax-jspwiki ---
[2025-12-11 20:12:22] [build-stdout] [INFO] 
[2025-12-11 20:12:22] [build-stdout] [INFO] --- maven-enforcer-plugin:1.4.1:enforce (enforce-javase-dependencies) @ xwiki-rendering-syntax-jspwiki ---
[2025-12-11 20:12:22] [build-stdout] [INFO] 
[2025-12-11 20:12:22] [build-stdout] [INFO] --- maven-enforcer-plugin:1.4.1:enforce (enforce-jsr305) @ xwiki-rendering-syntax-jspwiki ---
[2025-12-11 20:12:22] [build-stdout] [INFO] 
[2025-12-11 20:12:22] [build-stdout] [INFO] --- maven-enforcer-plugin:1.4.1:enforce (enforce-jta) @ xwiki-rendering-syntax-jspwiki ---
[2025-12-11 20:12:22] [build-stdout] [INFO] 
[2025-12-11 20:12:22] [build-stdout] [INFO] --- maven-enforcer-plugin:1.4.1:enforce (enforce-jakarta.validation-api) @ xwiki-rendering-syntax-jspwiki ---
[2025-12-11 20:12:22] [build-stdout] [INFO] 
[2025-12-11 20:12:22] [build-stdout] [INFO] --- maven-enforcer-plugin:1.4.1:enforce (enforce-hibernate-validator) @ xwiki-rendering-syntax-jspwiki ---
[2025-12-11 20:12:22] [build-stdout] [INFO] 
[2025-12-11 20:12:22] [build-stdout] [INFO] --- maven-enforcer-plugin:1.4.1:enforce (enforce-upper-bounds) @ xwiki-rendering-syntax-jspwiki ---
[2025-12-11 20:12:22] [build-stdout] [INFO] 
[2025-12-11 20:12:22] [build-stdout] [INFO] --- maven-enforcer-plugin:1.4.1:enforce (enforce-no-legacy-dependencies) @ xwiki-rendering-syntax-jspwiki ---
[2025-12-11 20:12:22] [build-stdout] [INFO] 
[2025-12-11 20:12:22] [build-stdout] [INFO] --- maven-enforcer-plugin:1.4.1:enforce (enforce-valid-poms) @ xwiki-rendering-syntax-jspwiki ---
[2025-12-11 20:12:22] [build-stdout] [INFO] 
[2025-12-11 20:12:22] [build-stdout] [INFO] --- maven-enforcer-plugin:1.4.1:enforce (enforce-platform-isolation) @ xwiki-rendering-syntax-jspwiki ---
[2025-12-11 20:12:22] [build-stdout] [INFO] 
[2025-12-11 20:12:22] [build-stdout] [INFO] --- maven-enforcer-plugin:1.4.1:enforce (check-dependency-version) @ xwiki-rendering-syntax-jspwiki ---
[2025-12-11 20:12:22] [build-stdout] [INFO] 
[2025-12-11 20:12:22] [build-stdout] [INFO] --- xwiki-commons-tool-remote-resource-plugin:14.6:process (xwiki-license-resources) @ xwiki-rendering-syntax-jspwiki ---
[2025-12-11 20:12:22] [build-stdout] [INFO] Preparing remote bundle org.xwiki.commons:xwiki-commons-tool-license-resources:14.6
[2025-12-11 20:12:22] [build-stdout] [INFO] Copying 2 resources from 1 bundle.
[2025-12-11 20:12:23] [build-stdout] [INFO] 
[2025-12-11 20:12:23] [build-stdout] [INFO] --- maven-resources-plugin:3.2.0:resources (default-resources) @ xwiki-rendering-syntax-jspwiki ---
[2025-12-11 20:12:23] [build-stdout] [INFO] Using 'UTF-8' encoding to copy filtered resources.
[2025-12-11 20:12:23] [build-stdout] [INFO] Using 'UTF-8' encoding to copy filtered properties files.
[2025-12-11 20:12:23] [build-stdout] [INFO] Copying 1 resource
[2025-12-11 20:12:23] [build-stdout] [INFO] Copying 2 resources
[2025-12-11 20:12:23] [build-stdout] [INFO] 
[2025-12-11 20:12:23] [build-stdout] [INFO] --- maven-compiler-plugin:3.10.1:compile (default-compile) @ xwiki-rendering-syntax-jspwiki ---
[2025-12-11 20:12:23] [build-stdout] [INFO] Loaded from the build cache, saving 80ms
[2025-12-11 20:12:23] [build-stdout] [INFO] 
[2025-12-11 20:12:23] [build-stdout] [INFO] --- maven-bundle-plugin:5.1.6:manifest (bundle-manifest) @ xwiki-rendering-syntax-jspwiki ---
[2025-12-11 20:12:23] [build-stdout] [INFO] No MANIFEST.MF file found, generating manifest.
[2025-12-11 20:12:23] [build-stdout] [INFO] Writing manifest: /data/iris_projects/xwiki__xwiki-rendering_CVE-2023-32070_14.6/xwiki-rendering-syntaxes/xwiki-rendering-syntax-jspwiki/target/classes/META-INF/MANIFEST.MF
[2025-12-11 20:12:23] [build-stdout] [INFO] 
[2025-12-11 20:12:23] [build-stdout] [INFO] --- maven-resources-plugin:3.2.0:testResources (default-testResources) @ xwiki-rendering-syntax-jspwiki ---
[2025-12-11 20:12:23] [build-stdout] [INFO] Using 'UTF-8' encoding to copy filtered resources.
[2025-12-11 20:12:23] [build-stdout] [INFO] Using 'UTF-8' encoding to copy filtered properties files.
[2025-12-11 20:12:23] [build-stdout] [INFO] Copying 10 resources
[2025-12-11 20:12:23] [build-stdout] [INFO] Copying 2 resources
[2025-12-11 20:12:23] [build-stdout] [INFO] 
[2025-12-11 20:12:23] [build-stdout] [INFO] --- maven-compiler-plugin:3.10.1:testCompile (default-testCompile) @ xwiki-rendering-syntax-jspwiki ---
[2025-12-11 20:12:23] [build-stdout] [INFO] Loaded from the build cache, saving 136ms
[2025-12-11 20:12:23] [build-stdout] [INFO] 
[2025-12-11 20:12:23] [build-stdout] [INFO] --- maven-surefire-plugin:2.22.2:test (default-test) @ xwiki-rendering-syntax-jspwiki ---
[2025-12-11 20:12:23] [build-stdout] [INFO] Tests are skipped.
[2025-12-11 20:12:23] [build-stdout] [INFO] Skipped
[2025-12-11 20:12:23] [build-stdout] [INFO] 
[2025-12-11 20:12:23] [build-stdout] [INFO] --- maven-jar-plugin:3.2.2:jar (default-jar) @ xwiki-rendering-syntax-jspwiki ---
[2025-12-11 20:12:23] [build-stdout] [INFO] Building jar: /data/iris_projects/xwiki__xwiki-rendering_CVE-2023-32070_14.6/xwiki-rendering-syntaxes/xwiki-rendering-syntax-jspwiki/target/xwiki-rendering-syntax-jspwiki-14.6.jar
[2025-12-11 20:12:23] [build-stdout] [INFO] 
[2025-12-11 20:12:23] [build-stdout] [INFO] ------------------------------------------------------------------------
[2025-12-11 20:12:23] [build-stdout] [INFO] Building XWiki Rendering - Syntax - Creole 14.6
[2025-12-11 20:12:23] [build-stdout] [INFO] ------------------------------------------------------------------------
[2025-12-11 20:12:23] [build-stdout] [INFO] 
[2025-12-11 20:12:23] [build-stdout] [INFO] --- maven-clean-plugin:3.2.0:clean (default-clean) @ xwiki-rendering-syntax-creole ---
[2025-12-11 20:12:23] [build-stdout] [INFO] Deleting /data/iris_projects/xwiki__xwiki-rendering_CVE-2023-32070_14.6/xwiki-rendering-syntaxes/xwiki-rendering-syntax-creole/target
[2025-12-11 20:12:23] [build-stdout] [INFO] 
[2025-12-11 20:12:23] [build-stdout] [INFO] --- maven-enforcer-plugin:1.4.1:enforce (enforce-plugins) @ xwiki-rendering-syntax-creole ---
[2025-12-11 20:12:23] [build-stdout] [INFO] 
[2025-12-11 20:12:23] [build-stdout] [INFO] --- maven-enforcer-plugin:1.4.1:enforce (enforce-jcl-log4j-isolation) @ xwiki-rendering-syntax-creole ---
[2025-12-11 20:12:23] [build-stdout] [INFO] 
[2025-12-11 20:12:23] [build-stdout] [INFO] --- maven-enforcer-plugin:1.4.1:enforce (enforce-jakarta.xml.bind-api) @ xwiki-rendering-syntax-creole ---
[2025-12-11 20:12:23] [build-stdout] [INFO] 
[2025-12-11 20:12:23] [build-stdout] [INFO] --- maven-enforcer-plugin:1.4.1:enforce (enforce-glasshfish-jaxb) @ xwiki-rendering-syntax-creole ---
[2025-12-11 20:12:23] [build-stdout] [INFO] 
[2025-12-11 20:12:23] [build-stdout] [INFO] --- maven-enforcer-plugin:1.4.1:enforce (enforce-jaxrs1) @ xwiki-rendering-syntax-creole ---
[2025-12-11 20:12:23] [build-stdout] [INFO] 
[2025-12-11 20:12:23] [build-stdout] [INFO] --- maven-enforcer-plugin:1.4.1:enforce (enforce-open-json) @ xwiki-rendering-syntax-creole ---
[2025-12-11 20:12:23] [build-stdout] [INFO] 
[2025-12-11 20:12:23] [build-stdout] [INFO] --- maven-enforcer-plugin:1.4.1:enforce (enforce-glassfish-el) @ xwiki-rendering-syntax-creole ---
[2025-12-11 20:12:23] [build-stdout] [INFO] 
[2025-12-11 20:12:23] [build-stdout] [INFO] --- maven-enforcer-plugin:1.4.1:enforce (enforce-commons-lang3) @ xwiki-rendering-syntax-creole ---
[2025-12-11 20:12:23] [build-stdout] [INFO] 
[2025-12-11 20:12:23] [build-stdout] [INFO] --- maven-enforcer-plugin:1.4.1:enforce (enforce-commons-configuration2) @ xwiki-rendering-syntax-creole ---
[2025-12-11 20:12:23] [build-stdout] [INFO] 
[2025-12-11 20:12:23] [build-stdout] [INFO] --- maven-enforcer-plugin:1.4.1:enforce (enforce-jakarta.activation-api) @ xwiki-rendering-syntax-creole ---
[2025-12-11 20:12:23] [build-stdout] [INFO] 
[2025-12-11 20:12:23] [build-stdout] [INFO] --- maven-enforcer-plugin:1.4.1:enforce (enforce-jakarta.activation) @ xwiki-rendering-syntax-creole ---
[2025-12-11 20:12:23] [build-stdout] [INFO] 
[2025-12-11 20:12:23] [build-stdout] [INFO] --- maven-enforcer-plugin:1.4.1:enforce (enforce-jakarta.mail-api) @ xwiki-rendering-syntax-creole ---
[2025-12-11 20:12:23] [build-stdout] [INFO] 
[2025-12-11 20:12:23] [build-stdout] [INFO] --- maven-enforcer-plugin:1.4.1:enforce (enforce-jakarta.mail) @ xwiki-rendering-syntax-creole ---
[2025-12-11 20:12:23] [build-stdout] [INFO] 
[2025-12-11 20:12:23] [build-stdout] [INFO] --- maven-enforcer-plugin:1.4.1:enforce (enforce-jakarta.annotation-api) @ xwiki-rendering-syntax-creole ---
[2025-12-11 20:12:23] [build-stdout] [INFO] 
[2025-12-11 20:12:23] [build-stdout] [INFO] --- maven-enforcer-plugin:1.4.1:enforce (enforce-bouncycastle-ids) @ xwiki-rendering-syntax-creole ---
[2025-12-11 20:12:23] [build-stdout] [INFO] 
[2025-12-11 20:12:23] [build-stdout] [INFO] --- maven-enforcer-plugin:1.4.1:enforce (enforce-velocity-engine-core) @ xwiki-rendering-syntax-creole ---
[2025-12-11 20:12:23] [build-stdout] [INFO] 
[2025-12-11 20:12:23] [build-stdout] [INFO] --- maven-enforcer-plugin:1.4.1:enforce (enforce-asm) @ xwiki-rendering-syntax-creole ---
[2025-12-11 20:12:23] [build-stdout] [INFO] 
[2025-12-11 20:12:23] [build-stdout] [INFO] --- maven-enforcer-plugin:1.4.1:enforce (enforce-cglib) @ xwiki-rendering-syntax-creole ---
[2025-12-11 20:12:23] [build-stdout] [INFO] 
[2025-12-11 20:12:23] [build-stdout] [INFO] --- maven-enforcer-plugin:1.4.1:enforce (enforce-javase-dependencies) @ xwiki-rendering-syntax-creole ---
[2025-12-11 20:12:23] [build-stdout] [INFO] 
[2025-12-11 20:12:23] [build-stdout] [INFO] --- maven-enforcer-plugin:1.4.1:enforce (enforce-jsr305) @ xwiki-rendering-syntax-creole ---
[2025-12-11 20:12:23] [build-stdout] [INFO] 
[2025-12-11 20:12:23] [build-stdout] [INFO] --- maven-enforcer-plugin:1.4.1:enforce (enforce-jta) @ xwiki-rendering-syntax-creole ---
[2025-12-11 20:12:23] [build-stdout] [INFO] 
[2025-12-11 20:12:23] [build-stdout] [INFO] --- maven-enforcer-plugin:1.4.1:enforce (enforce-jakarta.validation-api) @ xwiki-rendering-syntax-creole ---
[2025-12-11 20:12:23] [build-stdout] [INFO] 
[2025-12-11 20:12:23] [build-stdout] [INFO] --- maven-enforcer-plugin:1.4.1:enforce (enforce-hibernate-validator) @ xwiki-rendering-syntax-creole ---
[2025-12-11 20:12:23] [build-stdout] [INFO] 
[2025-12-11 20:12:23] [build-stdout] [INFO] --- maven-enforcer-plugin:1.4.1:enforce (enforce-upper-bounds) @ xwiki-rendering-syntax-creole ---
[2025-12-11 20:12:23] [build-stdout] [INFO] 
[2025-12-11 20:12:23] [build-stdout] [INFO] --- maven-enforcer-plugin:1.4.1:enforce (enforce-no-legacy-dependencies) @ xwiki-rendering-syntax-creole ---
[2025-12-11 20:12:23] [build-stdout] [INFO] 
[2025-12-11 20:12:23] [build-stdout] [INFO] --- maven-enforcer-plugin:1.4.1:enforce (enforce-valid-poms) @ xwiki-rendering-syntax-creole ---
[2025-12-11 20:12:23] [build-stdout] [INFO] 
[2025-12-11 20:12:23] [build-stdout] [INFO] --- maven-enforcer-plugin:1.4.1:enforce (enforce-platform-isolation) @ xwiki-rendering-syntax-creole ---
[2025-12-11 20:12:23] [build-stdout] [INFO] 
[2025-12-11 20:12:23] [build-stdout] [INFO] --- maven-enforcer-plugin:1.4.1:enforce (check-dependency-version) @ xwiki-rendering-syntax-creole ---
[2025-12-11 20:12:23] [build-stdout] [INFO] 
[2025-12-11 20:12:23] [build-stdout] [INFO] --- xwiki-commons-tool-remote-resource-plugin:14.6:process (xwiki-license-resources) @ xwiki-rendering-syntax-creole ---
[2025-12-11 20:12:23] [build-stdout] [INFO] Preparing remote bundle org.xwiki.commons:xwiki-commons-tool-license-resources:14.6
[2025-12-11 20:12:23] [build-stdout] [INFO] Copying 2 resources from 1 bundle.
[2025-12-11 20:12:24] [build-stdout] [INFO] 
[2025-12-11 20:12:24] [build-stdout] [INFO] --- maven-resources-plugin:3.2.0:resources (default-resources) @ xwiki-rendering-syntax-creole ---
[2025-12-11 20:12:24] [build-stdout] [INFO] Using 'UTF-8' encoding to copy filtered resources.
[2025-12-11 20:12:24] [build-stdout] [INFO] Using 'UTF-8' encoding to copy filtered properties files.
[2025-12-11 20:12:24] [build-stdout] [INFO] Copying 1 resource
[2025-12-11 20:12:24] [build-stdout] [INFO] Copying 2 resources
[2025-12-11 20:12:24] [build-stdout] [INFO] 
[2025-12-11 20:12:24] [build-stdout] [INFO] --- maven-compiler-plugin:3.10.1:compile (default-compile) @ xwiki-rendering-syntax-creole ---
[2025-12-11 20:12:24] [build-stdout] [INFO] Loaded from the build cache, saving 72ms
[2025-12-11 20:12:24] [build-stdout] [INFO] 
[2025-12-11 20:12:24] [build-stdout] [INFO] --- maven-bundle-plugin:5.1.6:manifest (bundle-manifest) @ xwiki-rendering-syntax-creole ---
[2025-12-11 20:12:24] [build-stdout] [INFO] No MANIFEST.MF file found, generating manifest.
[2025-12-11 20:12:24] [build-stdout] [INFO] Writing manifest: /data/iris_projects/xwiki__xwiki-rendering_CVE-2023-32070_14.6/xwiki-rendering-syntaxes/xwiki-rendering-syntax-creole/target/classes/META-INF/MANIFEST.MF
[2025-12-11 20:12:24] [build-stdout] [INFO] 
[2025-12-11 20:12:24] [build-stdout] [INFO] --- maven-resources-plugin:3.2.0:testResources (default-testResources) @ xwiki-rendering-syntax-creole ---
[2025-12-11 20:12:24] [build-stdout] [INFO] Using 'UTF-8' encoding to copy filtered resources.
[2025-12-11 20:12:24] [build-stdout] [INFO] Using 'UTF-8' encoding to copy filtered properties files.
[2025-12-11 20:12:24] [build-stdout] [INFO] Copying 25 resources
[2025-12-11 20:12:24] [build-stdout] [INFO] Copying 2 resources
[2025-12-11 20:12:24] [build-stdout] [INFO] 
[2025-12-11 20:12:24] [build-stdout] [INFO] --- maven-compiler-plugin:3.10.1:testCompile (default-testCompile) @ xwiki-rendering-syntax-creole ---
[2025-12-11 20:12:24] [build-stdout] [INFO] Loaded from the build cache, saving 103ms
[2025-12-11 20:12:24] [build-stdout] [INFO] 
[2025-12-11 20:12:24] [build-stdout] [INFO] --- maven-surefire-plugin:2.22.2:test (default-test) @ xwiki-rendering-syntax-creole ---
[2025-12-11 20:12:24] [build-stdout] [INFO] Tests are skipped.
[2025-12-11 20:12:24] [build-stdout] [INFO] Skipped
[2025-12-11 20:12:24] [build-stdout] [INFO] 
[2025-12-11 20:12:24] [build-stdout] [INFO] --- maven-jar-plugin:3.2.2:jar (default-jar) @ xwiki-rendering-syntax-creole ---
[2025-12-11 20:12:24] [build-stdout] [INFO] Building jar: /data/iris_projects/xwiki__xwiki-rendering_CVE-2023-32070_14.6/xwiki-rendering-syntaxes/xwiki-rendering-syntax-creole/target/xwiki-rendering-syntax-creole-14.6.jar
[2025-12-11 20:12:24] [build-stdout] [INFO] 
[2025-12-11 20:12:24] [build-stdout] [INFO] ------------------------------------------------------------------------
[2025-12-11 20:12:24] [build-stdout] [INFO] Building XWiki Rendering - Syntax - TWiki 14.6
[2025-12-11 20:12:24] [build-stdout] [INFO] ------------------------------------------------------------------------
[2025-12-11 20:12:24] [build-stdout] [INFO] 
[2025-12-11 20:12:24] [build-stdout] [INFO] --- maven-clean-plugin:3.2.0:clean (default-clean) @ xwiki-rendering-syntax-twiki ---
[2025-12-11 20:12:24] [build-stdout] [INFO] Deleting /data/iris_projects/xwiki__xwiki-rendering_CVE-2023-32070_14.6/xwiki-rendering-syntaxes/xwiki-rendering-syntax-twiki/target
[2025-12-11 20:12:24] [build-stdout] [INFO] 
[2025-12-11 20:12:24] [build-stdout] [INFO] --- maven-enforcer-plugin:1.4.1:enforce (enforce-plugins) @ xwiki-rendering-syntax-twiki ---
[2025-12-11 20:12:24] [build-stdout] [INFO] 
[2025-12-11 20:12:24] [build-stdout] [INFO] --- maven-enforcer-plugin:1.4.1:enforce (enforce-jcl-log4j-isolation) @ xwiki-rendering-syntax-twiki ---
[2025-12-11 20:12:24] [build-stdout] [INFO] 
[2025-12-11 20:12:24] [build-stdout] [INFO] --- maven-enforcer-plugin:1.4.1:enforce (enforce-jakarta.xml.bind-api) @ xwiki-rendering-syntax-twiki ---
[2025-12-11 20:12:24] [build-stdout] [INFO] 
[2025-12-11 20:12:24] [build-stdout] [INFO] --- maven-enforcer-plugin:1.4.1:enforce (enforce-glasshfish-jaxb) @ xwiki-rendering-syntax-twiki ---
[2025-12-11 20:12:24] [build-stdout] [INFO] 
[2025-12-11 20:12:24] [build-stdout] [INFO] --- maven-enforcer-plugin:1.4.1:enforce (enforce-jaxrs1) @ xwiki-rendering-syntax-twiki ---
[2025-12-11 20:12:24] [build-stdout] [INFO] 
[2025-12-11 20:12:24] [build-stdout] [INFO] --- maven-enforcer-plugin:1.4.1:enforce (enforce-open-json) @ xwiki-rendering-syntax-twiki ---
[2025-12-11 20:12:24] [build-stdout] [INFO] 
[2025-12-11 20:12:24] [build-stdout] [INFO] --- maven-enforcer-plugin:1.4.1:enforce (enforce-glassfish-el) @ xwiki-rendering-syntax-twiki ---
[2025-12-11 20:12:24] [build-stdout] [INFO] 
[2025-12-11 20:12:24] [build-stdout] [INFO] --- maven-enforcer-plugin:1.4.1:enforce (enforce-commons-lang3) @ xwiki-rendering-syntax-twiki ---
[2025-12-11 20:12:24] [build-stdout] [INFO] 
[2025-12-11 20:12:24] [build-stdout] [INFO] --- maven-enforcer-plugin:1.4.1:enforce (enforce-commons-configuration2) @ xwiki-rendering-syntax-twiki ---
[2025-12-11 20:12:24] [build-stdout] [INFO] 
[2025-12-11 20:12:24] [build-stdout] [INFO] --- maven-enforcer-plugin:1.4.1:enforce (enforce-jakarta.activation-api) @ xwiki-rendering-syntax-twiki ---
[2025-12-11 20:12:24] [build-stdout] [INFO] 
[2025-12-11 20:12:24] [build-stdout] [INFO] --- maven-enforcer-plugin:1.4.1:enforce (enforce-jakarta.activation) @ xwiki-rendering-syntax-twiki ---
[2025-12-11 20:12:24] [build-stdout] [INFO] 
[2025-12-11 20:12:24] [build-stdout] [INFO] --- maven-enforcer-plugin:1.4.1:enforce (enforce-jakarta.mail-api) @ xwiki-rendering-syntax-twiki ---
[2025-12-11 20:12:24] [build-stdout] [INFO] 
[2025-12-11 20:12:24] [build-stdout] [INFO] --- maven-enforcer-plugin:1.4.1:enforce (enforce-jakarta.mail) @ xwiki-rendering-syntax-twiki ---
[2025-12-11 20:12:24] [build-stdout] [INFO] 
[2025-12-11 20:12:24] [build-stdout] [INFO] --- maven-enforcer-plugin:1.4.1:enforce (enforce-jakarta.annotation-api) @ xwiki-rendering-syntax-twiki ---
[2025-12-11 20:12:24] [build-stdout] [INFO] 
[2025-12-11 20:12:24] [build-stdout] [INFO] --- maven-enforcer-plugin:1.4.1:enforce (enforce-bouncycastle-ids) @ xwiki-rendering-syntax-twiki ---
[2025-12-11 20:12:24] [build-stdout] [INFO] 
[2025-12-11 20:12:24] [build-stdout] [INFO] --- maven-enforcer-plugin:1.4.1:enforce (enforce-velocity-engine-core) @ xwiki-rendering-syntax-twiki ---
[2025-12-11 20:12:24] [build-stdout] [INFO] 
[2025-12-11 20:12:24] [build-stdout] [INFO] --- maven-enforcer-plugin:1.4.1:enforce (enforce-asm) @ xwiki-rendering-syntax-twiki ---
[2025-12-11 20:12:24] [build-stdout] [INFO] 
[2025-12-11 20:12:24] [build-stdout] [INFO] --- maven-enforcer-plugin:1.4.1:enforce (enforce-cglib) @ xwiki-rendering-syntax-twiki ---
[2025-12-11 20:12:24] [build-stdout] [INFO] 
[2025-12-11 20:12:24] [build-stdout] [INFO] --- maven-enforcer-plugin:1.4.1:enforce (enforce-javase-dependencies) @ xwiki-rendering-syntax-twiki ---
[2025-12-11 20:12:24] [build-stdout] [INFO] 
[2025-12-11 20:12:24] [build-stdout] [INFO] --- maven-enforcer-plugin:1.4.1:enforce (enforce-jsr305) @ xwiki-rendering-syntax-twiki ---
[2025-12-11 20:12:24] [build-stdout] [INFO] 
[2025-12-11 20:12:24] [build-stdout] [INFO] --- maven-enforcer-plugin:1.4.1:enforce (enforce-jta) @ xwiki-rendering-syntax-twiki ---
[2025-12-11 20:12:24] [build-stdout] [INFO] 
[2025-12-11 20:12:24] [build-stdout] [INFO] --- maven-enforcer-plugin:1.4.1:enforce (enforce-jakarta.validation-api) @ xwiki-rendering-syntax-twiki ---
[2025-12-11 20:12:24] [build-stdout] [INFO] 
[2025-12-11 20:12:24] [build-stdout] [INFO] --- maven-enforcer-plugin:1.4.1:enforce (enforce-hibernate-validator) @ xwiki-rendering-syntax-twiki ---
[2025-12-11 20:12:24] [build-stdout] [INFO] 
[2025-12-11 20:12:24] [build-stdout] [INFO] --- maven-enforcer-plugin:1.4.1:enforce (enforce-upper-bounds) @ xwiki-rendering-syntax-twiki ---
[2025-12-11 20:12:24] [build-stdout] [INFO] 
[2025-12-11 20:12:24] [build-stdout] [INFO] --- maven-enforcer-plugin:1.4.1:enforce (enforce-no-legacy-dependencies) @ xwiki-rendering-syntax-twiki ---
[2025-12-11 20:12:24] [build-stdout] [INFO] 
[2025-12-11 20:12:24] [build-stdout] [INFO] --- maven-enforcer-plugin:1.4.1:enforce (enforce-valid-poms) @ xwiki-rendering-syntax-twiki ---
[2025-12-11 20:12:24] [build-stdout] [INFO] 
[2025-12-11 20:12:24] [build-stdout] [INFO] --- maven-enforcer-plugin:1.4.1:enforce (enforce-platform-isolation) @ xwiki-rendering-syntax-twiki ---
[2025-12-11 20:12:24] [build-stdout] [INFO] 
[2025-12-11 20:12:24] [build-stdout] [INFO] --- maven-enforcer-plugin:1.4.1:enforce (check-dependency-version) @ xwiki-rendering-syntax-twiki ---
[2025-12-11 20:12:24] [build-stdout] [INFO] 
[2025-12-11 20:12:24] [build-stdout] [INFO] --- xwiki-commons-tool-remote-resource-plugin:14.6:process (xwiki-license-resources) @ xwiki-rendering-syntax-twiki ---
[2025-12-11 20:12:24] [build-stdout] [INFO] Preparing remote bundle org.xwiki.commons:xwiki-commons-tool-license-resources:14.6
[2025-12-11 20:12:24] [build-stdout] [INFO] Copying 2 resources from 1 bundle.
[2025-12-11 20:12:25] [build-stdout] [INFO] 
[2025-12-11 20:12:25] [build-stdout] [INFO] --- maven-resources-plugin:3.2.0:resources (default-resources) @ xwiki-rendering-syntax-twiki ---
[2025-12-11 20:12:25] [build-stdout] [INFO] Using 'UTF-8' encoding to copy filtered resources.
[2025-12-11 20:12:25] [build-stdout] [INFO] Using 'UTF-8' encoding to copy filtered properties files.
[2025-12-11 20:12:25] [build-stdout] [INFO] Copying 1 resource
[2025-12-11 20:12:25] [build-stdout] [INFO] Copying 2 resources
[2025-12-11 20:12:25] [build-stdout] [INFO] 
[2025-12-11 20:12:25] [build-stdout] [INFO] --- maven-compiler-plugin:3.10.1:compile (default-compile) @ xwiki-rendering-syntax-twiki ---
[2025-12-11 20:12:25] [build-stdout] [INFO] Loaded from the build cache, saving 75ms
[2025-12-11 20:12:25] [build-stdout] [INFO] 
[2025-12-11 20:12:25] [build-stdout] [INFO] --- maven-bundle-plugin:5.1.6:manifest (bundle-manifest) @ xwiki-rendering-syntax-twiki ---
[2025-12-11 20:12:25] [build-stdout] [INFO] No MANIFEST.MF file found, generating manifest.
[2025-12-11 20:12:25] [build-stdout] [INFO] Writing manifest: /data/iris_projects/xwiki__xwiki-rendering_CVE-2023-32070_14.6/xwiki-rendering-syntaxes/xwiki-rendering-syntax-twiki/target/classes/META-INF/MANIFEST.MF
[2025-12-11 20:12:25] [build-stdout] [INFO] 
[2025-12-11 20:12:25] [build-stdout] [INFO] --- maven-resources-plugin:3.2.0:testResources (default-testResources) @ xwiki-rendering-syntax-twiki ---
[2025-12-11 20:12:25] [build-stdout] [INFO] Using 'UTF-8' encoding to copy filtered resources.
[2025-12-11 20:12:25] [build-stdout] [INFO] Using 'UTF-8' encoding to copy filtered properties files.
[2025-12-11 20:12:25] [build-stdout] [INFO] Copying 11 resources
[2025-12-11 20:12:25] [build-stdout] [INFO] Copying 2 resources
[2025-12-11 20:12:25] [build-stdout] [INFO] 
[2025-12-11 20:12:25] [build-stdout] [INFO] --- maven-compiler-plugin:3.10.1:testCompile (default-testCompile) @ xwiki-rendering-syntax-twiki ---
[2025-12-11 20:12:25] [build-stdout] [INFO] Loaded from the build cache, saving 90ms
[2025-12-11 20:12:25] [build-stdout] [INFO] 
[2025-12-11 20:12:25] [build-stdout] [INFO] --- maven-surefire-plugin:2.22.2:test (default-test) @ xwiki-rendering-syntax-twiki ---
[2025-12-11 20:12:25] [build-stdout] [INFO] Tests are skipped.
[2025-12-11 20:12:25] [build-stdout] [INFO] Skipped
[2025-12-11 20:12:25] [build-stdout] [INFO] 
[2025-12-11 20:12:25] [build-stdout] [INFO] --- maven-jar-plugin:3.2.2:jar (default-jar) @ xwiki-rendering-syntax-twiki ---
[2025-12-11 20:12:25] [build-stdout] [INFO] Building jar: /data/iris_projects/xwiki__xwiki-rendering_CVE-2023-32070_14.6/xwiki-rendering-syntaxes/xwiki-rendering-syntax-twiki/target/xwiki-rendering-syntax-twiki-14.6.jar
[2025-12-11 20:12:25] [build-stdout] [INFO] 
[2025-12-11 20:12:25] [build-stdout] [INFO] ------------------------------------------------------------------------
[2025-12-11 20:12:25] [build-stdout] [INFO] Building XWiki Rendering - Syntax - HTML 14.6
[2025-12-11 20:12:25] [build-stdout] [INFO] ------------------------------------------------------------------------
[2025-12-11 20:12:25] [build-stdout] [INFO] 
[2025-12-11 20:12:25] [build-stdout] [INFO] --- maven-clean-plugin:3.2.0:clean (default-clean) @ xwiki-rendering-syntax-html ---
[2025-12-11 20:12:25] [build-stdout] [INFO] Deleting /data/iris_projects/xwiki__xwiki-rendering_CVE-2023-32070_14.6/xwiki-rendering-syntaxes/xwiki-rendering-syntax-html/target
[2025-12-11 20:12:25] [build-stdout] [INFO] 
[2025-12-11 20:12:25] [build-stdout] [INFO] --- maven-enforcer-plugin:1.4.1:enforce (enforce-plugins) @ xwiki-rendering-syntax-html ---
[2025-12-11 20:12:25] [build-stdout] [INFO] 
[2025-12-11 20:12:25] [build-stdout] [INFO] --- maven-enforcer-plugin:1.4.1:enforce (enforce-jcl-log4j-isolation) @ xwiki-rendering-syntax-html ---
[2025-12-11 20:12:25] [build-stdout] [INFO] 
[2025-12-11 20:12:25] [build-stdout] [INFO] --- maven-enforcer-plugin:1.4.1:enforce (enforce-jakarta.xml.bind-api) @ xwiki-rendering-syntax-html ---
[2025-12-11 20:12:25] [build-stdout] [INFO] 
[2025-12-11 20:12:25] [build-stdout] [INFO] --- maven-enforcer-plugin:1.4.1:enforce (enforce-glasshfish-jaxb) @ xwiki-rendering-syntax-html ---
[2025-12-11 20:12:25] [build-stdout] [INFO] 
[2025-12-11 20:12:25] [build-stdout] [INFO] --- maven-enforcer-plugin:1.4.1:enforce (enforce-jaxrs1) @ xwiki-rendering-syntax-html ---
[2025-12-11 20:12:25] [build-stdout] [INFO] 
[2025-12-11 20:12:25] [build-stdout] [INFO] --- maven-enforcer-plugin:1.4.1:enforce (enforce-open-json) @ xwiki-rendering-syntax-html ---
[2025-12-11 20:12:25] [build-stdout] [INFO] 
[2025-12-11 20:12:25] [build-stdout] [INFO] --- maven-enforcer-plugin:1.4.1:enforce (enforce-glassfish-el) @ xwiki-rendering-syntax-html ---
[2025-12-11 20:12:25] [build-stdout] [INFO] 
[2025-12-11 20:12:25] [build-stdout] [INFO] --- maven-enforcer-plugin:1.4.1:enforce (enforce-commons-lang3) @ xwiki-rendering-syntax-html ---
[2025-12-11 20:12:25] [build-stdout] [INFO] 
[2025-12-11 20:12:25] [build-stdout] [INFO] --- maven-enforcer-plugin:1.4.1:enforce (enforce-commons-configuration2) @ xwiki-rendering-syntax-html ---
[2025-12-11 20:12:25] [build-stdout] [INFO] 
[2025-12-11 20:12:25] [build-stdout] [INFO] --- maven-enforcer-plugin:1.4.1:enforce (enforce-jakarta.activation-api) @ xwiki-rendering-syntax-html ---
[2025-12-11 20:12:25] [build-stdout] [INFO] 
[2025-12-11 20:12:25] [build-stdout] [INFO] --- maven-enforcer-plugin:1.4.1:enforce (enforce-jakarta.activation) @ xwiki-rendering-syntax-html ---
[2025-12-11 20:12:25] [build-stdout] [INFO] 
[2025-12-11 20:12:25] [build-stdout] [INFO] --- maven-enforcer-plugin:1.4.1:enforce (enforce-jakarta.mail-api) @ xwiki-rendering-syntax-html ---
[2025-12-11 20:12:25] [build-stdout] [INFO] 
[2025-12-11 20:12:25] [build-stdout] [INFO] --- maven-enforcer-plugin:1.4.1:enforce (enforce-jakarta.mail) @ xwiki-rendering-syntax-html ---
[2025-12-11 20:12:25] [build-stdout] [INFO] 
[2025-12-11 20:12:25] [build-stdout] [INFO] --- maven-enforcer-plugin:1.4.1:enforce (enforce-jakarta.annotation-api) @ xwiki-rendering-syntax-html ---
[2025-12-11 20:12:25] [build-stdout] [INFO] 
[2025-12-11 20:12:25] [build-stdout] [INFO] --- maven-enforcer-plugin:1.4.1:enforce (enforce-bouncycastle-ids) @ xwiki-rendering-syntax-html ---
[2025-12-11 20:12:25] [build-stdout] [INFO] 
[2025-12-11 20:12:25] [build-stdout] [INFO] --- maven-enforcer-plugin:1.4.1:enforce (enforce-velocity-engine-core) @ xwiki-rendering-syntax-html ---
[2025-12-11 20:12:25] [build-stdout] [INFO] 
[2025-12-11 20:12:25] [build-stdout] [INFO] --- maven-enforcer-plugin:1.4.1:enforce (enforce-asm) @ xwiki-rendering-syntax-html ---
[2025-12-11 20:12:25] [build-stdout] [INFO] 
[2025-12-11 20:12:25] [build-stdout] [INFO] --- maven-enforcer-plugin:1.4.1:enforce (enforce-cglib) @ xwiki-rendering-syntax-html ---
[2025-12-11 20:12:25] [build-stdout] [INFO] 
[2025-12-11 20:12:25] [build-stdout] [INFO] --- maven-enforcer-plugin:1.4.1:enforce (enforce-javase-dependencies) @ xwiki-rendering-syntax-html ---
[2025-12-11 20:12:25] [build-stdout] [INFO] 
[2025-12-11 20:12:25] [build-stdout] [INFO] --- maven-enforcer-plugin:1.4.1:enforce (enforce-jsr305) @ xwiki-rendering-syntax-html ---
[2025-12-11 20:12:25] [build-stdout] [INFO] 
[2025-12-11 20:12:25] [build-stdout] [INFO] --- maven-enforcer-plugin:1.4.1:enforce (enforce-jta) @ xwiki-rendering-syntax-html ---
[2025-12-11 20:12:25] [build-stdout] [INFO] 
[2025-12-11 20:12:25] [build-stdout] [INFO] --- maven-enforcer-plugin:1.4.1:enforce (enforce-jakarta.validation-api) @ xwiki-rendering-syntax-html ---
[2025-12-11 20:12:25] [build-stdout] [INFO] 
[2025-12-11 20:12:25] [build-stdout] [INFO] --- maven-enforcer-plugin:1.4.1:enforce (enforce-hibernate-validator) @ xwiki-rendering-syntax-html ---
[2025-12-11 20:12:25] [build-stdout] [INFO] 
[2025-12-11 20:12:25] [build-stdout] [INFO] --- maven-enforcer-plugin:1.4.1:enforce (enforce-upper-bounds) @ xwiki-rendering-syntax-html ---
[2025-12-11 20:12:25] [build-stdout] [INFO] 
[2025-12-11 20:12:25] [build-stdout] [INFO] --- maven-enforcer-plugin:1.4.1:enforce (enforce-no-legacy-dependencies) @ xwiki-rendering-syntax-html ---
[2025-12-11 20:12:25] [build-stdout] [INFO] 
[2025-12-11 20:12:25] [build-stdout] [INFO] --- maven-enforcer-plugin:1.4.1:enforce (enforce-valid-poms) @ xwiki-rendering-syntax-html ---
[2025-12-11 20:12:25] [build-stdout] [INFO] 
[2025-12-11 20:12:25] [build-stdout] [INFO] --- maven-enforcer-plugin:1.4.1:enforce (enforce-platform-isolation) @ xwiki-rendering-syntax-html ---
[2025-12-11 20:12:25] [build-stdout] [INFO] 
[2025-12-11 20:12:25] [build-stdout] [INFO] --- maven-enforcer-plugin:1.4.1:enforce (check-dependency-version) @ xwiki-rendering-syntax-html ---
[2025-12-11 20:12:25] [build-stdout] [INFO] 
[2025-12-11 20:12:25] [build-stdout] [INFO] --- xwiki-commons-tool-remote-resource-plugin:14.6:process (xwiki-license-resources) @ xwiki-rendering-syntax-html ---
[2025-12-11 20:12:25] [build-stdout] [INFO] Preparing remote bundle org.xwiki.commons:xwiki-commons-tool-license-resources:14.6
[2025-12-11 20:12:25] [build-stdout] [INFO] Copying 2 resources from 1 bundle.
[2025-12-11 20:12:25] [build-stdout] [INFO] 
[2025-12-11 20:12:25] [build-stdout] [INFO] --- maven-resources-plugin:3.2.0:resources (default-resources) @ xwiki-rendering-syntax-html ---
[2025-12-11 20:12:25] [build-stdout] [INFO] Using 'UTF-8' encoding to copy filtered resources.
[2025-12-11 20:12:25] [build-stdout] [INFO] Using 'UTF-8' encoding to copy filtered properties files.
[2025-12-11 20:12:25] [build-stdout] [INFO] Copying 1 resource
[2025-12-11 20:12:25] [build-stdout] [INFO] Copying 2 resources
[2025-12-11 20:12:25] [build-stdout] [INFO] 
[2025-12-11 20:12:25] [build-stdout] [INFO] --- maven-compiler-plugin:3.10.1:compile (default-compile) @ xwiki-rendering-syntax-html ---
[2025-12-11 20:12:25] [build-stdout] [INFO] Loaded from the build cache, saving 77ms
[2025-12-11 20:12:25] [build-stdout] [INFO] 
[2025-12-11 20:12:25] [build-stdout] [INFO] --- maven-bundle-plugin:5.1.6:manifest (bundle-manifest) @ xwiki-rendering-syntax-html ---
[2025-12-11 20:12:25] [build-stdout] [INFO] No MANIFEST.MF file found, generating manifest.
[2025-12-11 20:12:25] [build-stdout] [INFO] Writing manifest: /data/iris_projects/xwiki__xwiki-rendering_CVE-2023-32070_14.6/xwiki-rendering-syntaxes/xwiki-rendering-syntax-html/target/classes/META-INF/MANIFEST.MF
[2025-12-11 20:12:25] [build-stdout] [INFO] 
[2025-12-11 20:12:25] [build-stdout] [INFO] --- maven-resources-plugin:3.2.0:testResources (default-testResources) @ xwiki-rendering-syntax-html ---
[2025-12-11 20:12:25] [build-stdout] [INFO] Using 'UTF-8' encoding to copy filtered resources.
[2025-12-11 20:12:25] [build-stdout] [INFO] Using 'UTF-8' encoding to copy filtered properties files.
[2025-12-11 20:12:25] [build-stdout] [INFO] Copying 1 resource
[2025-12-11 20:12:25] [build-stdout] [INFO] Copying 2 resources
[2025-12-11 20:12:25] [build-stdout] [INFO] 
[2025-12-11 20:12:25] [build-stdout] [INFO] --- maven-compiler-plugin:3.10.1:testCompile (default-testCompile) @ xwiki-rendering-syntax-html ---
[2025-12-11 20:12:26] [build-stdout] [INFO] Loaded from the build cache, saving 97ms
[2025-12-11 20:12:26] [build-stdout] [INFO] 
[2025-12-11 20:12:26] [build-stdout] [INFO] --- maven-surefire-plugin:2.22.2:test (default-test) @ xwiki-rendering-syntax-html ---
[2025-12-11 20:12:26] [build-stdout] [INFO] Tests are skipped.
[2025-12-11 20:12:26] [build-stdout] [INFO] Skipped
[2025-12-11 20:12:26] [build-stdout] [INFO] 
[2025-12-11 20:12:26] [build-stdout] [INFO] --- maven-jar-plugin:3.2.2:jar (default-jar) @ xwiki-rendering-syntax-html ---
[2025-12-11 20:12:26] [build-stdout] [INFO] Building jar: /data/iris_projects/xwiki__xwiki-rendering_CVE-2023-32070_14.6/xwiki-rendering-syntaxes/xwiki-rendering-syntax-html/target/xwiki-rendering-syntax-html-14.6.jar
[2025-12-11 20:12:26] [build-stdout] [INFO] 
[2025-12-11 20:12:26] [build-stdout] [INFO] ------------------------------------------------------------------------
[2025-12-11 20:12:26] [build-stdout] [INFO] Building XWiki Rendering - Syntax - XHTML5 14.6
[2025-12-11 20:12:26] [build-stdout] [INFO] ------------------------------------------------------------------------
[2025-12-11 20:12:26] [build-stdout] [INFO] 
[2025-12-11 20:12:26] [build-stdout] [INFO] --- maven-clean-plugin:3.2.0:clean (default-clean) @ xwiki-rendering-syntax-xhtml5 ---
[2025-12-11 20:12:26] [build-stdout] [INFO] Deleting /data/iris_projects/xwiki__xwiki-rendering_CVE-2023-32070_14.6/xwiki-rendering-syntaxes/xwiki-rendering-syntax-xhtml5/target
[2025-12-11 20:12:26] [build-stdout] [INFO] 
[2025-12-11 20:12:26] [build-stdout] [INFO] --- maven-enforcer-plugin:1.4.1:enforce (enforce-plugins) @ xwiki-rendering-syntax-xhtml5 ---
[2025-12-11 20:12:26] [build-stdout] [INFO] 
[2025-12-11 20:12:26] [build-stdout] [INFO] --- maven-enforcer-plugin:1.4.1:enforce (enforce-jcl-log4j-isolation) @ xwiki-rendering-syntax-xhtml5 ---
[2025-12-11 20:12:26] [build-stdout] [INFO] 
[2025-12-11 20:12:26] [build-stdout] [INFO] --- maven-enforcer-plugin:1.4.1:enforce (enforce-jakarta.xml.bind-api) @ xwiki-rendering-syntax-xhtml5 ---
[2025-12-11 20:12:26] [build-stdout] [INFO] 
[2025-12-11 20:12:26] [build-stdout] [INFO] --- maven-enforcer-plugin:1.4.1:enforce (enforce-glasshfish-jaxb) @ xwiki-rendering-syntax-xhtml5 ---
[2025-12-11 20:12:26] [build-stdout] [INFO] 
[2025-12-11 20:12:26] [build-stdout] [INFO] --- maven-enforcer-plugin:1.4.1:enforce (enforce-jaxrs1) @ xwiki-rendering-syntax-xhtml5 ---
[2025-12-11 20:12:26] [build-stdout] [INFO] 
[2025-12-11 20:12:26] [build-stdout] [INFO] --- maven-enforcer-plugin:1.4.1:enforce (enforce-open-json) @ xwiki-rendering-syntax-xhtml5 ---
[2025-12-11 20:12:26] [build-stdout] [INFO] 
[2025-12-11 20:12:26] [build-stdout] [INFO] --- maven-enforcer-plugin:1.4.1:enforce (enforce-glassfish-el) @ xwiki-rendering-syntax-xhtml5 ---
[2025-12-11 20:12:26] [build-stdout] [INFO] 
[2025-12-11 20:12:26] [build-stdout] [INFO] --- maven-enforcer-plugin:1.4.1:enforce (enforce-commons-lang3) @ xwiki-rendering-syntax-xhtml5 ---
[2025-12-11 20:12:26] [build-stdout] [INFO] 
[2025-12-11 20:12:26] [build-stdout] [INFO] --- maven-enforcer-plugin:1.4.1:enforce (enforce-commons-configuration2) @ xwiki-rendering-syntax-xhtml5 ---
[2025-12-11 20:12:26] [build-stdout] [INFO] 
[2025-12-11 20:12:26] [build-stdout] [INFO] --- maven-enforcer-plugin:1.4.1:enforce (enforce-jakarta.activation-api) @ xwiki-rendering-syntax-xhtml5 ---
[2025-12-11 20:12:26] [build-stdout] [INFO] 
[2025-12-11 20:12:26] [build-stdout] [INFO] --- maven-enforcer-plugin:1.4.1:enforce (enforce-jakarta.activation) @ xwiki-rendering-syntax-xhtml5 ---
[2025-12-11 20:12:26] [build-stdout] [INFO] 
[2025-12-11 20:12:26] [build-stdout] [INFO] --- maven-enforcer-plugin:1.4.1:enforce (enforce-jakarta.mail-api) @ xwiki-rendering-syntax-xhtml5 ---
[2025-12-11 20:12:26] [build-stdout] [INFO] 
[2025-12-11 20:12:26] [build-stdout] [INFO] --- maven-enforcer-plugin:1.4.1:enforce (enforce-jakarta.mail) @ xwiki-rendering-syntax-xhtml5 ---
[2025-12-11 20:12:26] [build-stdout] [INFO] 
[2025-12-11 20:12:26] [build-stdout] [INFO] --- maven-enforcer-plugin:1.4.1:enforce (enforce-jakarta.annotation-api) @ xwiki-rendering-syntax-xhtml5 ---
[2025-12-11 20:12:26] [build-stdout] [INFO] 
[2025-12-11 20:12:26] [build-stdout] [INFO] --- maven-enforcer-plugin:1.4.1:enforce (enforce-bouncycastle-ids) @ xwiki-rendering-syntax-xhtml5 ---
[2025-12-11 20:12:26] [build-stdout] [INFO] 
[2025-12-11 20:12:26] [build-stdout] [INFO] --- maven-enforcer-plugin:1.4.1:enforce (enforce-velocity-engine-core) @ xwiki-rendering-syntax-xhtml5 ---
[2025-12-11 20:12:26] [build-stdout] [INFO] 
[2025-12-11 20:12:26] [build-stdout] [INFO] --- maven-enforcer-plugin:1.4.1:enforce (enforce-asm) @ xwiki-rendering-syntax-xhtml5 ---
[2025-12-11 20:12:26] [build-stdout] [INFO] 
[2025-12-11 20:12:26] [build-stdout] [INFO] --- maven-enforcer-plugin:1.4.1:enforce (enforce-cglib) @ xwiki-rendering-syntax-xhtml5 ---
[2025-12-11 20:12:26] [build-stdout] [INFO] 
[2025-12-11 20:12:26] [build-stdout] [INFO] --- maven-enforcer-plugin:1.4.1:enforce (enforce-javase-dependencies) @ xwiki-rendering-syntax-xhtml5 ---
[2025-12-11 20:12:26] [build-stdout] [INFO] 
[2025-12-11 20:12:26] [build-stdout] [INFO] --- maven-enforcer-plugin:1.4.1:enforce (enforce-jsr305) @ xwiki-rendering-syntax-xhtml5 ---
[2025-12-11 20:12:26] [build-stdout] [INFO] 
[2025-12-11 20:12:26] [build-stdout] [INFO] --- maven-enforcer-plugin:1.4.1:enforce (enforce-jta) @ xwiki-rendering-syntax-xhtml5 ---
[2025-12-11 20:12:26] [build-stdout] [INFO] 
[2025-12-11 20:12:26] [build-stdout] [INFO] --- maven-enforcer-plugin:1.4.1:enforce (enforce-jakarta.validation-api) @ xwiki-rendering-syntax-xhtml5 ---
[2025-12-11 20:12:26] [build-stdout] [INFO] 
[2025-12-11 20:12:26] [build-stdout] [INFO] --- maven-enforcer-plugin:1.4.1:enforce (enforce-hibernate-validator) @ xwiki-rendering-syntax-xhtml5 ---
[2025-12-11 20:12:26] [build-stdout] [INFO] 
[2025-12-11 20:12:26] [build-stdout] [INFO] --- maven-enforcer-plugin:1.4.1:enforce (enforce-upper-bounds) @ xwiki-rendering-syntax-xhtml5 ---
[2025-12-11 20:12:26] [build-stdout] [INFO] 
[2025-12-11 20:12:26] [build-stdout] [INFO] --- maven-enforcer-plugin:1.4.1:enforce (enforce-no-legacy-dependencies) @ xwiki-rendering-syntax-xhtml5 ---
[2025-12-11 20:12:26] [build-stdout] [INFO] 
[2025-12-11 20:12:26] [build-stdout] [INFO] --- maven-enforcer-plugin:1.4.1:enforce (enforce-valid-poms) @ xwiki-rendering-syntax-xhtml5 ---
[2025-12-11 20:12:26] [build-stdout] [INFO] 
[2025-12-11 20:12:26] [build-stdout] [INFO] --- maven-enforcer-plugin:1.4.1:enforce (enforce-platform-isolation) @ xwiki-rendering-syntax-xhtml5 ---
[2025-12-11 20:12:26] [build-stdout] [INFO] 
[2025-12-11 20:12:26] [build-stdout] [INFO] --- maven-enforcer-plugin:1.4.1:enforce (check-dependency-version) @ xwiki-rendering-syntax-xhtml5 ---
[2025-12-11 20:12:26] [build-stdout] [INFO] 
[2025-12-11 20:12:26] [build-stdout] [INFO] --- xwiki-commons-tool-remote-resource-plugin:14.6:process (xwiki-license-resources) @ xwiki-rendering-syntax-xhtml5 ---
[2025-12-11 20:12:26] [build-stdout] [INFO] Preparing remote bundle org.xwiki.commons:xwiki-commons-tool-license-resources:14.6
[2025-12-11 20:12:26] [build-stdout] [INFO] Copying 2 resources from 1 bundle.
[2025-12-11 20:12:26] [build-stdout] [INFO] 
[2025-12-11 20:12:26] [build-stdout] [INFO] --- maven-resources-plugin:3.2.0:resources (default-resources) @ xwiki-rendering-syntax-xhtml5 ---
[2025-12-11 20:12:26] [build-stdout] [INFO] Using 'UTF-8' encoding to copy filtered resources.
[2025-12-11 20:12:26] [build-stdout] [INFO] Using 'UTF-8' encoding to copy filtered properties files.
[2025-12-11 20:12:26] [build-stdout] [INFO] Copying 1 resource
[2025-12-11 20:12:26] [build-stdout] [INFO] Copying 2 resources
[2025-12-11 20:12:26] [build-stdout] [INFO] 
[2025-12-11 20:12:26] [build-stdout] [INFO] --- maven-compiler-plugin:3.10.1:compile (default-compile) @ xwiki-rendering-syntax-xhtml5 ---
[2025-12-11 20:12:26] [build-stdout] [INFO] Loaded from the build cache, saving 116ms
[2025-12-11 20:12:26] [build-stdout] [INFO] 
[2025-12-11 20:12:26] [build-stdout] [INFO] --- maven-bundle-plugin:5.1.6:manifest (bundle-manifest) @ xwiki-rendering-syntax-xhtml5 ---
[2025-12-11 20:12:26] [build-stdout] [INFO] No MANIFEST.MF file found, generating manifest.
[2025-12-11 20:12:26] [build-stdout] [INFO] Writing manifest: /data/iris_projects/xwiki__xwiki-rendering_CVE-2023-32070_14.6/xwiki-rendering-syntaxes/xwiki-rendering-syntax-xhtml5/target/classes/META-INF/MANIFEST.MF
[2025-12-11 20:12:26] [build-stdout] [INFO] 
[2025-12-11 20:12:26] [build-stdout] [INFO] --- maven-resources-plugin:3.2.0:testResources (default-testResources) @ xwiki-rendering-syntax-xhtml5 ---
[2025-12-11 20:12:26] [build-stdout] [INFO] Using 'UTF-8' encoding to copy filtered resources.
[2025-12-11 20:12:26] [build-stdout] [INFO] Using 'UTF-8' encoding to copy filtered properties files.
[2025-12-11 20:12:26] [build-stdout] [INFO] Copying 5 resources
[2025-12-11 20:12:26] [build-stdout] [INFO] Copying 2 resources
[2025-12-11 20:12:26] [build-stdout] [INFO] 
[2025-12-11 20:12:26] [build-stdout] [INFO] --- maven-compiler-plugin:3.10.1:testCompile (default-testCompile) @ xwiki-rendering-syntax-xhtml5 ---
[2025-12-11 20:12:26] [build-stdout] [INFO] Loaded from the build cache, saving 124ms
[2025-12-11 20:12:26] [build-stdout] [INFO] 
[2025-12-11 20:12:26] [build-stdout] [INFO] --- maven-surefire-plugin:2.22.2:test (default-test) @ xwiki-rendering-syntax-xhtml5 ---
[2025-12-11 20:12:26] [build-stdout] [INFO] Tests are skipped.
[2025-12-11 20:12:26] [build-stdout] [INFO] Skipped
[2025-12-11 20:12:26] [build-stdout] [INFO] 
[2025-12-11 20:12:26] [build-stdout] [INFO] --- maven-jar-plugin:3.2.2:jar (default-jar) @ xwiki-rendering-syntax-xhtml5 ---
[2025-12-11 20:12:26] [build-stdout] [INFO] Building jar: /data/iris_projects/xwiki__xwiki-rendering_CVE-2023-32070_14.6/xwiki-rendering-syntaxes/xwiki-rendering-syntax-xhtml5/target/xwiki-rendering-syntax-xhtml5-14.6.jar
[2025-12-11 20:12:26] [build-stdout] [INFO] 
[2025-12-11 20:12:26] [build-stdout] [INFO] --- maven-jar-plugin:3.2.2:test-jar (default) @ xwiki-rendering-syntax-xhtml5 ---
[2025-12-11 20:12:26] [build-stdout] [INFO] Building jar: /data/iris_projects/xwiki__xwiki-rendering_CVE-2023-32070_14.6/xwiki-rendering-syntaxes/xwiki-rendering-syntax-xhtml5/target/xwiki-rendering-syntax-xhtml5-14.6-tests.jar
[2025-12-11 20:12:26] [build-stdout] [INFO] 
[2025-12-11 20:12:26] [build-stdout] [INFO] ------------------------------------------------------------------------
[2025-12-11 20:12:26] [build-stdout] [INFO] Building XWiki Rendering - Macros - Parent POM 14.6
[2025-12-11 20:12:26] [build-stdout] [INFO] ------------------------------------------------------------------------
[2025-12-11 20:12:26] [build-stdout] [INFO] 
[2025-12-11 20:12:26] [build-stdout] [INFO] --- maven-clean-plugin:3.2.0:clean (default-clean) @ xwiki-rendering-macros ---
[2025-12-11 20:12:26] [build-stdout] [INFO] Deleting /data/iris_projects/xwiki__xwiki-rendering_CVE-2023-32070_14.6/xwiki-rendering-macros/target
[2025-12-11 20:12:26] [build-stdout] [INFO] 
[2025-12-11 20:12:26] [build-stdout] [INFO] --- maven-enforcer-plugin:1.4.1:enforce (enforce-plugins) @ xwiki-rendering-macros ---
[2025-12-11 20:12:26] [build-stdout] [INFO] 
[2025-12-11 20:12:26] [build-stdout] [INFO] --- maven-enforcer-plugin:1.4.1:enforce (enforce-jcl-log4j-isolation) @ xwiki-rendering-macros ---
[2025-12-11 20:12:26] [build-stdout] [INFO] 
[2025-12-11 20:12:26] [build-stdout] [INFO] --- maven-enforcer-plugin:1.4.1:enforce (enforce-jakarta.xml.bind-api) @ xwiki-rendering-macros ---
[2025-12-11 20:12:26] [build-stdout] [INFO] 
[2025-12-11 20:12:26] [build-stdout] [INFO] --- maven-enforcer-plugin:1.4.1:enforce (enforce-glasshfish-jaxb) @ xwiki-rendering-macros ---
[2025-12-11 20:12:26] [build-stdout] [INFO] 
[2025-12-11 20:12:26] [build-stdout] [INFO] --- maven-enforcer-plugin:1.4.1:enforce (enforce-jaxrs1) @ xwiki-rendering-macros ---
[2025-12-11 20:12:27] [build-stdout] [INFO] 
[2025-12-11 20:12:27] [build-stdout] [INFO] --- maven-enforcer-plugin:1.4.1:enforce (enforce-open-json) @ xwiki-rendering-macros ---
[2025-12-11 20:12:27] [build-stdout] [INFO] 
[2025-12-11 20:12:27] [build-stdout] [INFO] --- maven-enforcer-plugin:1.4.1:enforce (enforce-glassfish-el) @ xwiki-rendering-macros ---
[2025-12-11 20:12:27] [build-stdout] [INFO] 
[2025-12-11 20:12:27] [build-stdout] [INFO] --- maven-enforcer-plugin:1.4.1:enforce (enforce-commons-lang3) @ xwiki-rendering-macros ---
[2025-12-11 20:12:27] [build-stdout] [INFO] 
[2025-12-11 20:12:27] [build-stdout] [INFO] --- maven-enforcer-plugin:1.4.1:enforce (enforce-commons-configuration2) @ xwiki-rendering-macros ---
[2025-12-11 20:12:27] [build-stdout] [INFO] 
[2025-12-11 20:12:27] [build-stdout] [INFO] --- maven-enforcer-plugin:1.4.1:enforce (enforce-jakarta.activation-api) @ xwiki-rendering-macros ---
[2025-12-11 20:12:27] [build-stdout] [INFO] 
[2025-12-11 20:12:27] [build-stdout] [INFO] --- maven-enforcer-plugin:1.4.1:enforce (enforce-jakarta.activation) @ xwiki-rendering-macros ---
[2025-12-11 20:12:27] [build-stdout] [INFO] 
[2025-12-11 20:12:27] [build-stdout] [INFO] --- maven-enforcer-plugin:1.4.1:enforce (enforce-jakarta.mail-api) @ xwiki-rendering-macros ---
[2025-12-11 20:12:27] [build-stdout] [INFO] 
[2025-12-11 20:12:27] [build-stdout] [INFO] --- maven-enforcer-plugin:1.4.1:enforce (enforce-jakarta.mail) @ xwiki-rendering-macros ---
[2025-12-11 20:12:27] [build-stdout] [INFO] 
[2025-12-11 20:12:27] [build-stdout] [INFO] --- maven-enforcer-plugin:1.4.1:enforce (enforce-jakarta.annotation-api) @ xwiki-rendering-macros ---
[2025-12-11 20:12:27] [build-stdout] [INFO] 
[2025-12-11 20:12:27] [build-stdout] [INFO] --- maven-enforcer-plugin:1.4.1:enforce (enforce-bouncycastle-ids) @ xwiki-rendering-macros ---
[2025-12-11 20:12:27] [build-stdout] [INFO] 
[2025-12-11 20:12:27] [build-stdout] [INFO] --- maven-enforcer-plugin:1.4.1:enforce (enforce-velocity-engine-core) @ xwiki-rendering-macros ---
[2025-12-11 20:12:27] [build-stdout] [INFO] 
[2025-12-11 20:12:27] [build-stdout] [INFO] --- maven-enforcer-plugin:1.4.1:enforce (enforce-asm) @ xwiki-rendering-macros ---
[2025-12-11 20:12:27] [build-stdout] [INFO] 
[2025-12-11 20:12:27] [build-stdout] [INFO] --- maven-enforcer-plugin:1.4.1:enforce (enforce-cglib) @ xwiki-rendering-macros ---
[2025-12-11 20:12:27] [build-stdout] [INFO] 
[2025-12-11 20:12:27] [build-stdout] [INFO] --- maven-enforcer-plugin:1.4.1:enforce (enforce-javase-dependencies) @ xwiki-rendering-macros ---
[2025-12-11 20:12:27] [build-stdout] [INFO] 
[2025-12-11 20:12:27] [build-stdout] [INFO] --- maven-enforcer-plugin:1.4.1:enforce (enforce-jsr305) @ xwiki-rendering-macros ---
[2025-12-11 20:12:27] [build-stdout] [INFO] 
[2025-12-11 20:12:27] [build-stdout] [INFO] --- maven-enforcer-plugin:1.4.1:enforce (enforce-jta) @ xwiki-rendering-macros ---
[2025-12-11 20:12:27] [build-stdout] [INFO] 
[2025-12-11 20:12:27] [build-stdout] [INFO] --- maven-enforcer-plugin:1.4.1:enforce (enforce-jakarta.validation-api) @ xwiki-rendering-macros ---
[2025-12-11 20:12:27] [build-stdout] [INFO] 
[2025-12-11 20:12:27] [build-stdout] [INFO] --- maven-enforcer-plugin:1.4.1:enforce (enforce-hibernate-validator) @ xwiki-rendering-macros ---
[2025-12-11 20:12:27] [build-stdout] [INFO] 
[2025-12-11 20:12:27] [build-stdout] [INFO] --- maven-enforcer-plugin:1.4.1:enforce (enforce-upper-bounds) @ xwiki-rendering-macros ---
[2025-12-11 20:12:27] [build-stdout] [INFO] 
[2025-12-11 20:12:27] [build-stdout] [INFO] --- maven-enforcer-plugin:1.4.1:enforce (enforce-no-legacy-dependencies) @ xwiki-rendering-macros ---
[2025-12-11 20:12:27] [build-stdout] [INFO] 
[2025-12-11 20:12:27] [build-stdout] [INFO] --- maven-enforcer-plugin:1.4.1:enforce (enforce-valid-poms) @ xwiki-rendering-macros ---
[2025-12-11 20:12:27] [build-stdout] [INFO] 
[2025-12-11 20:12:27] [build-stdout] [INFO] --- maven-enforcer-plugin:1.4.1:enforce (enforce-platform-isolation) @ xwiki-rendering-macros ---
[2025-12-11 20:12:27] [build-stdout] [INFO] 
[2025-12-11 20:12:27] [build-stdout] [INFO] --- maven-enforcer-plugin:1.4.1:enforce (check-dependency-version) @ xwiki-rendering-macros ---
[2025-12-11 20:12:27] [build-stdout] [INFO] 
[2025-12-11 20:12:27] [build-stdout] [INFO] --- maven-enforcer-plugin:1.4.1:enforce (enforce-banned-dependencies) @ xwiki-rendering-macros ---
[2025-12-11 20:12:27] [build-stdout] [INFO] 
[2025-12-11 20:12:27] [build-stdout] [INFO] --- xwiki-commons-tool-remote-resource-plugin:14.6:process (xwiki-license-resources) @ xwiki-rendering-macros ---
[2025-12-11 20:12:27] [build-stdout] [INFO] Preparing remote bundle org.xwiki.commons:xwiki-commons-tool-license-resources:14.6
[2025-12-11 20:12:27] [build-stdout] [INFO] Copying 2 resources from 1 bundle.
[2025-12-11 20:12:27] [build-stdout] [INFO] 
[2025-12-11 20:12:27] [build-stdout] [INFO] --- maven-bundle-plugin:5.1.6:manifest (bundle-manifest) @ xwiki-rendering-macros ---
[2025-12-11 20:12:27] [build-stdout] [WARNING] Ignoring project type pom - supportedProjectTypes = [jar, bundle]
[2025-12-11 20:12:27] [build-stdout] [INFO] 
[2025-12-11 20:12:27] [build-stdout] [INFO] ------------------------------------------------------------------------
[2025-12-11 20:12:27] [build-stdout] [INFO] Building XWiki Rendering - Macro - Figure 14.6
[2025-12-11 20:12:27] [build-stdout] [INFO] ------------------------------------------------------------------------
[2025-12-11 20:12:27] [build-stdout] [INFO] 
[2025-12-11 20:12:27] [build-stdout] [INFO] --- maven-clean-plugin:3.2.0:clean (default-clean) @ xwiki-rendering-macro-figure ---
[2025-12-11 20:12:27] [build-stdout] [INFO] Deleting /data/iris_projects/xwiki__xwiki-rendering_CVE-2023-32070_14.6/xwiki-rendering-macros/xwiki-rendering-macro-figure/target
[2025-12-11 20:12:27] [build-stdout] [INFO] 
[2025-12-11 20:12:27] [build-stdout] [INFO] --- maven-enforcer-plugin:1.4.1:enforce (enforce-plugins) @ xwiki-rendering-macro-figure ---
[2025-12-11 20:12:27] [build-stdout] [INFO] 
[2025-12-11 20:12:27] [build-stdout] [INFO] --- maven-enforcer-plugin:1.4.1:enforce (enforce-jcl-log4j-isolation) @ xwiki-rendering-macro-figure ---
[2025-12-11 20:12:27] [build-stdout] [INFO] 
[2025-12-11 20:12:27] [build-stdout] [INFO] --- maven-enforcer-plugin:1.4.1:enforce (enforce-jakarta.xml.bind-api) @ xwiki-rendering-macro-figure ---
[2025-12-11 20:12:27] [build-stdout] [INFO] 
[2025-12-11 20:12:27] [build-stdout] [INFO] --- maven-enforcer-plugin:1.4.1:enforce (enforce-glasshfish-jaxb) @ xwiki-rendering-macro-figure ---
[2025-12-11 20:12:27] [build-stdout] [INFO] 
[2025-12-11 20:12:27] [build-stdout] [INFO] --- maven-enforcer-plugin:1.4.1:enforce (enforce-jaxrs1) @ xwiki-rendering-macro-figure ---
[2025-12-11 20:12:27] [build-stdout] [INFO] 
[2025-12-11 20:12:27] [build-stdout] [INFO] --- maven-enforcer-plugin:1.4.1:enforce (enforce-open-json) @ xwiki-rendering-macro-figure ---
[2025-12-11 20:12:27] [build-stdout] [INFO] 
[2025-12-11 20:12:27] [build-stdout] [INFO] --- maven-enforcer-plugin:1.4.1:enforce (enforce-glassfish-el) @ xwiki-rendering-macro-figure ---
[2025-12-11 20:12:27] [build-stdout] [INFO] 
[2025-12-11 20:12:27] [build-stdout] [INFO] --- maven-enforcer-plugin:1.4.1:enforce (enforce-commons-lang3) @ xwiki-rendering-macro-figure ---
[2025-12-11 20:12:27] [build-stdout] [INFO] 
[2025-12-11 20:12:27] [build-stdout] [INFO] --- maven-enforcer-plugin:1.4.1:enforce (enforce-commons-configuration2) @ xwiki-rendering-macro-figure ---
[2025-12-11 20:12:27] [build-stdout] [INFO] 
[2025-12-11 20:12:27] [build-stdout] [INFO] --- maven-enforcer-plugin:1.4.1:enforce (enforce-jakarta.activation-api) @ xwiki-rendering-macro-figure ---
[2025-12-11 20:12:27] [build-stdout] [INFO] 
[2025-12-11 20:12:27] [build-stdout] [INFO] --- maven-enforcer-plugin:1.4.1:enforce (enforce-jakarta.activation) @ xwiki-rendering-macro-figure ---
[2025-12-11 20:12:27] [build-stdout] [INFO] 
[2025-12-11 20:12:27] [build-stdout] [INFO] --- maven-enforcer-plugin:1.4.1:enforce (enforce-jakarta.mail-api) @ xwiki-rendering-macro-figure ---
[2025-12-11 20:12:27] [build-stdout] [INFO] 
[2025-12-11 20:12:27] [build-stdout] [INFO] --- maven-enforcer-plugin:1.4.1:enforce (enforce-jakarta.mail) @ xwiki-rendering-macro-figure ---
[2025-12-11 20:12:27] [build-stdout] [INFO] 
[2025-12-11 20:12:27] [build-stdout] [INFO] --- maven-enforcer-plugin:1.4.1:enforce (enforce-jakarta.annotation-api) @ xwiki-rendering-macro-figure ---
[2025-12-11 20:12:27] [build-stdout] [INFO] 
[2025-12-11 20:12:27] [build-stdout] [INFO] --- maven-enforcer-plugin:1.4.1:enforce (enforce-bouncycastle-ids) @ xwiki-rendering-macro-figure ---
[2025-12-11 20:12:27] [build-stdout] [INFO] 
[2025-12-11 20:12:27] [build-stdout] [INFO] --- maven-enforcer-plugin:1.4.1:enforce (enforce-velocity-engine-core) @ xwiki-rendering-macro-figure ---
[2025-12-11 20:12:27] [build-stdout] [INFO] 
[2025-12-11 20:12:27] [build-stdout] [INFO] --- maven-enforcer-plugin:1.4.1:enforce (enforce-asm) @ xwiki-rendering-macro-figure ---
[2025-12-11 20:12:27] [build-stdout] [INFO] 
[2025-12-11 20:12:27] [build-stdout] [INFO] --- maven-enforcer-plugin:1.4.1:enforce (enforce-cglib) @ xwiki-rendering-macro-figure ---
[2025-12-11 20:12:27] [build-stdout] [INFO] 
[2025-12-11 20:12:27] [build-stdout] [INFO] --- maven-enforcer-plugin:1.4.1:enforce (enforce-javase-dependencies) @ xwiki-rendering-macro-figure ---
[2025-12-11 20:12:27] [build-stdout] [INFO] 
[2025-12-11 20:12:27] [build-stdout] [INFO] --- maven-enforcer-plugin:1.4.1:enforce (enforce-jsr305) @ xwiki-rendering-macro-figure ---
[2025-12-11 20:12:27] [build-stdout] [INFO] 
[2025-12-11 20:12:27] [build-stdout] [INFO] --- maven-enforcer-plugin:1.4.1:enforce (enforce-jta) @ xwiki-rendering-macro-figure ---
[2025-12-11 20:12:27] [build-stdout] [INFO] 
[2025-12-11 20:12:27] [build-stdout] [INFO] --- maven-enforcer-plugin:1.4.1:enforce (enforce-jakarta.validation-api) @ xwiki-rendering-macro-figure ---
[2025-12-11 20:12:27] [build-stdout] [INFO] 
[2025-12-11 20:12:27] [build-stdout] [INFO] --- maven-enforcer-plugin:1.4.1:enforce (enforce-hibernate-validator) @ xwiki-rendering-macro-figure ---
[2025-12-11 20:12:27] [build-stdout] [INFO] 
[2025-12-11 20:12:27] [build-stdout] [INFO] --- maven-enforcer-plugin:1.4.1:enforce (enforce-upper-bounds) @ xwiki-rendering-macro-figure ---
[2025-12-11 20:12:27] [build-stdout] [INFO] 
[2025-12-11 20:12:27] [build-stdout] [INFO] --- maven-enforcer-plugin:1.4.1:enforce (enforce-no-legacy-dependencies) @ xwiki-rendering-macro-figure ---
[2025-12-11 20:12:27] [build-stdout] [INFO] 
[2025-12-11 20:12:27] [build-stdout] [INFO] --- maven-enforcer-plugin:1.4.1:enforce (enforce-valid-poms) @ xwiki-rendering-macro-figure ---
[2025-12-11 20:12:27] [build-stdout] [INFO] 
[2025-12-11 20:12:27] [build-stdout] [INFO] --- maven-enforcer-plugin:1.4.1:enforce (enforce-platform-isolation) @ xwiki-rendering-macro-figure ---
[2025-12-11 20:12:27] [build-stdout] [INFO] 
[2025-12-11 20:12:27] [build-stdout] [INFO] --- maven-enforcer-plugin:1.4.1:enforce (check-dependency-version) @ xwiki-rendering-macro-figure ---
[2025-12-11 20:12:27] [build-stdout] [INFO] 
[2025-12-11 20:12:27] [build-stdout] [INFO] --- maven-enforcer-plugin:1.4.1:enforce (enforce-banned-dependencies) @ xwiki-rendering-macro-figure ---
[2025-12-11 20:12:27] [build-stdout] [INFO] 
[2025-12-11 20:12:27] [build-stdout] [INFO] --- xwiki-commons-tool-remote-resource-plugin:14.6:process (xwiki-license-resources) @ xwiki-rendering-macro-figure ---
[2025-12-11 20:12:27] [build-stdout] [INFO] Preparing remote bundle org.xwiki.commons:xwiki-commons-tool-license-resources:14.6
[2025-12-11 20:12:27] [build-stdout] [INFO] Copying 2 resources from 1 bundle.
[2025-12-11 20:12:28] [build-stdout] [INFO] 
[2025-12-11 20:12:28] [build-stdout] [INFO] --- maven-resources-plugin:3.2.0:resources (default-resources) @ xwiki-rendering-macro-figure ---
[2025-12-11 20:12:28] [build-stdout] [INFO] Using 'UTF-8' encoding to copy filtered resources.
[2025-12-11 20:12:28] [build-stdout] [INFO] Using 'UTF-8' encoding to copy filtered properties files.
[2025-12-11 20:12:28] [build-stdout] [INFO] Copying 1 resource
[2025-12-11 20:12:28] [build-stdout] [INFO] Copying 2 resources
[2025-12-11 20:12:28] [build-stdout] [INFO] 
[2025-12-11 20:12:28] [build-stdout] [INFO] --- maven-compiler-plugin:3.10.1:compile (default-compile) @ xwiki-rendering-macro-figure ---
[2025-12-11 20:12:28] [build-stdout] [INFO] Loaded from the build cache, saving 82ms
[2025-12-11 20:12:28] [build-stdout] [INFO] 
[2025-12-11 20:12:28] [build-stdout] [INFO] --- maven-bundle-plugin:5.1.6:manifest (bundle-manifest) @ xwiki-rendering-macro-figure ---
[2025-12-11 20:12:28] [build-stdout] [INFO] No MANIFEST.MF file found, generating manifest.
[2025-12-11 20:12:28] [build-stdout] [INFO] Writing manifest: /data/iris_projects/xwiki__xwiki-rendering_CVE-2023-32070_14.6/xwiki-rendering-macros/xwiki-rendering-macro-figure/target/classes/META-INF/MANIFEST.MF
[2025-12-11 20:12:28] [build-stdout] [INFO] 
[2025-12-11 20:12:28] [build-stdout] [INFO] --- maven-resources-plugin:3.2.0:testResources (default-testResources) @ xwiki-rendering-macro-figure ---
[2025-12-11 20:12:28] [build-stdout] [INFO] Using 'UTF-8' encoding to copy filtered resources.
[2025-12-11 20:12:28] [build-stdout] [INFO] Using 'UTF-8' encoding to copy filtered properties files.
[2025-12-11 20:12:28] [build-stdout] [INFO] Copying 6 resources
[2025-12-11 20:12:28] [build-stdout] [INFO] Copying 2 resources
[2025-12-11 20:12:28] [build-stdout] [INFO] 
[2025-12-11 20:12:28] [build-stdout] [INFO] --- maven-compiler-plugin:3.10.1:testCompile (default-testCompile) @ xwiki-rendering-macro-figure ---
[2025-12-11 20:12:28] [build-stdout] [INFO] Loaded from the build cache, saving 160ms
[2025-12-11 20:12:28] [build-stdout] [INFO] 
[2025-12-11 20:12:28] [build-stdout] [INFO] --- maven-surefire-plugin:2.22.2:test (default-test) @ xwiki-rendering-macro-figure ---
[2025-12-11 20:12:28] [build-stdout] [INFO] Tests are skipped.
[2025-12-11 20:12:28] [build-stdout] [INFO] Skipped
[2025-12-11 20:12:28] [build-stdout] [INFO] 
[2025-12-11 20:12:28] [build-stdout] [INFO] --- maven-jar-plugin:3.2.2:jar (default-jar) @ xwiki-rendering-macro-figure ---
[2025-12-11 20:12:28] [build-stdout] [INFO] Building jar: /data/iris_projects/xwiki__xwiki-rendering_CVE-2023-32070_14.6/xwiki-rendering-macros/xwiki-rendering-macro-figure/target/xwiki-rendering-macro-figure-14.6.jar
[2025-12-11 20:12:28] [build-stdout] [INFO] 
[2025-12-11 20:12:28] [build-stdout] [INFO] ------------------------------------------------------------------------
[2025-12-11 20:12:28] [build-stdout] [INFO] Building XWiki Rendering - Syntax - HTML5 14.6
[2025-12-11 20:12:28] [build-stdout] [INFO] ------------------------------------------------------------------------
[2025-12-11 20:12:28] [build-stdout] [INFO] 
[2025-12-11 20:12:28] [build-stdout] [INFO] --- maven-clean-plugin:3.2.0:clean (default-clean) @ xwiki-rendering-syntax-html5 ---
[2025-12-11 20:12:28] [build-stdout] [INFO] Deleting /data/iris_projects/xwiki__xwiki-rendering_CVE-2023-32070_14.6/xwiki-rendering-syntaxes/xwiki-rendering-syntax-html5/target
[2025-12-11 20:12:28] [build-stdout] [INFO] 
[2025-12-11 20:12:28] [build-stdout] [INFO] --- maven-enforcer-plugin:1.4.1:enforce (enforce-plugins) @ xwiki-rendering-syntax-html5 ---
[2025-12-11 20:12:28] [build-stdout] [INFO] 
[2025-12-11 20:12:28] [build-stdout] [INFO] --- maven-enforcer-plugin:1.4.1:enforce (enforce-jcl-log4j-isolation) @ xwiki-rendering-syntax-html5 ---
[2025-12-11 20:12:28] [build-stdout] [INFO] 
[2025-12-11 20:12:28] [build-stdout] [INFO] --- maven-enforcer-plugin:1.4.1:enforce (enforce-jakarta.xml.bind-api) @ xwiki-rendering-syntax-html5 ---
[2025-12-11 20:12:28] [build-stdout] [INFO] 
[2025-12-11 20:12:28] [build-stdout] [INFO] --- maven-enforcer-plugin:1.4.1:enforce (enforce-glasshfish-jaxb) @ xwiki-rendering-syntax-html5 ---
[2025-12-11 20:12:28] [build-stdout] [INFO] 
[2025-12-11 20:12:28] [build-stdout] [INFO] --- maven-enforcer-plugin:1.4.1:enforce (enforce-jaxrs1) @ xwiki-rendering-syntax-html5 ---
[2025-12-11 20:12:28] [build-stdout] [INFO] 
[2025-12-11 20:12:28] [build-stdout] [INFO] --- maven-enforcer-plugin:1.4.1:enforce (enforce-open-json) @ xwiki-rendering-syntax-html5 ---
[2025-12-11 20:12:28] [build-stdout] [INFO] 
[2025-12-11 20:12:28] [build-stdout] [INFO] --- maven-enforcer-plugin:1.4.1:enforce (enforce-glassfish-el) @ xwiki-rendering-syntax-html5 ---
[2025-12-11 20:12:28] [build-stdout] [INFO] 
[2025-12-11 20:12:28] [build-stdout] [INFO] --- maven-enforcer-plugin:1.4.1:enforce (enforce-commons-lang3) @ xwiki-rendering-syntax-html5 ---
[2025-12-11 20:12:28] [build-stdout] [INFO] 
[2025-12-11 20:12:28] [build-stdout] [INFO] --- maven-enforcer-plugin:1.4.1:enforce (enforce-commons-configuration2) @ xwiki-rendering-syntax-html5 ---
[2025-12-11 20:12:28] [build-stdout] [INFO] 
[2025-12-11 20:12:28] [build-stdout] [INFO] --- maven-enforcer-plugin:1.4.1:enforce (enforce-jakarta.activation-api) @ xwiki-rendering-syntax-html5 ---
[2025-12-11 20:12:28] [build-stdout] [INFO] 
[2025-12-11 20:12:28] [build-stdout] [INFO] --- maven-enforcer-plugin:1.4.1:enforce (enforce-jakarta.activation) @ xwiki-rendering-syntax-html5 ---
[2025-12-11 20:12:28] [build-stdout] [INFO] 
[2025-12-11 20:12:28] [build-stdout] [INFO] --- maven-enforcer-plugin:1.4.1:enforce (enforce-jakarta.mail-api) @ xwiki-rendering-syntax-html5 ---
[2025-12-11 20:12:28] [build-stdout] [INFO] 
[2025-12-11 20:12:28] [build-stdout] [INFO] --- maven-enforcer-plugin:1.4.1:enforce (enforce-jakarta.mail) @ xwiki-rendering-syntax-html5 ---
[2025-12-11 20:12:28] [build-stdout] [INFO] 
[2025-12-11 20:12:28] [build-stdout] [INFO] --- maven-enforcer-plugin:1.4.1:enforce (enforce-jakarta.annotation-api) @ xwiki-rendering-syntax-html5 ---
[2025-12-11 20:12:28] [build-stdout] [INFO] 
[2025-12-11 20:12:28] [build-stdout] [INFO] --- maven-enforcer-plugin:1.4.1:enforce (enforce-bouncycastle-ids) @ xwiki-rendering-syntax-html5 ---
[2025-12-11 20:12:28] [build-stdout] [INFO] 
[2025-12-11 20:12:28] [build-stdout] [INFO] --- maven-enforcer-plugin:1.4.1:enforce (enforce-velocity-engine-core) @ xwiki-rendering-syntax-html5 ---
[2025-12-11 20:12:28] [build-stdout] [INFO] 
[2025-12-11 20:12:28] [build-stdout] [INFO] --- maven-enforcer-plugin:1.4.1:enforce (enforce-asm) @ xwiki-rendering-syntax-html5 ---
[2025-12-11 20:12:28] [build-stdout] [INFO] 
[2025-12-11 20:12:28] [build-stdout] [INFO] --- maven-enforcer-plugin:1.4.1:enforce (enforce-cglib) @ xwiki-rendering-syntax-html5 ---
[2025-12-11 20:12:28] [build-stdout] [INFO] 
[2025-12-11 20:12:28] [build-stdout] [INFO] --- maven-enforcer-plugin:1.4.1:enforce (enforce-javase-dependencies) @ xwiki-rendering-syntax-html5 ---
[2025-12-11 20:12:28] [build-stdout] [INFO] 
[2025-12-11 20:12:28] [build-stdout] [INFO] --- maven-enforcer-plugin:1.4.1:enforce (enforce-jsr305) @ xwiki-rendering-syntax-html5 ---
[2025-12-11 20:12:28] [build-stdout] [INFO] 
[2025-12-11 20:12:28] [build-stdout] [INFO] --- maven-enforcer-plugin:1.4.1:enforce (enforce-jta) @ xwiki-rendering-syntax-html5 ---
[2025-12-11 20:12:28] [build-stdout] [INFO] 
[2025-12-11 20:12:28] [build-stdout] [INFO] --- maven-enforcer-plugin:1.4.1:enforce (enforce-jakarta.validation-api) @ xwiki-rendering-syntax-html5 ---
[2025-12-11 20:12:28] [build-stdout] [INFO] 
[2025-12-11 20:12:28] [build-stdout] [INFO] --- maven-enforcer-plugin:1.4.1:enforce (enforce-hibernate-validator) @ xwiki-rendering-syntax-html5 ---
[2025-12-11 20:12:28] [build-stdout] [INFO] 
[2025-12-11 20:12:28] [build-stdout] [INFO] --- maven-enforcer-plugin:1.4.1:enforce (enforce-upper-bounds) @ xwiki-rendering-syntax-html5 ---
[2025-12-11 20:12:28] [build-stdout] [INFO] 
[2025-12-11 20:12:28] [build-stdout] [INFO] --- maven-enforcer-plugin:1.4.1:enforce (enforce-no-legacy-dependencies) @ xwiki-rendering-syntax-html5 ---
[2025-12-11 20:12:28] [build-stdout] [INFO] 
[2025-12-11 20:12:28] [build-stdout] [INFO] --- maven-enforcer-plugin:1.4.1:enforce (enforce-valid-poms) @ xwiki-rendering-syntax-html5 ---
[2025-12-11 20:12:28] [build-stdout] [INFO] 
[2025-12-11 20:12:28] [build-stdout] [INFO] --- maven-enforcer-plugin:1.4.1:enforce (enforce-platform-isolation) @ xwiki-rendering-syntax-html5 ---
[2025-12-11 20:12:28] [build-stdout] [INFO] 
[2025-12-11 20:12:28] [build-stdout] [INFO] --- maven-enforcer-plugin:1.4.1:enforce (check-dependency-version) @ xwiki-rendering-syntax-html5 ---
[2025-12-11 20:12:28] [build-stdout] [INFO] 
[2025-12-11 20:12:28] [build-stdout] [INFO] --- xwiki-commons-tool-remote-resource-plugin:14.6:process (xwiki-license-resources) @ xwiki-rendering-syntax-html5 ---
[2025-12-11 20:12:28] [build-stdout] [INFO] Preparing remote bundle org.xwiki.commons:xwiki-commons-tool-license-resources:14.6
[2025-12-11 20:12:28] [build-stdout] [INFO] Copying 2 resources from 1 bundle.
[2025-12-11 20:12:29] [build-stdout] [INFO] 
[2025-12-11 20:12:29] [build-stdout] [INFO] --- maven-resources-plugin:3.2.0:resources (default-resources) @ xwiki-rendering-syntax-html5 ---
[2025-12-11 20:12:29] [build-stdout] [INFO] Using 'UTF-8' encoding to copy filtered resources.
[2025-12-11 20:12:29] [build-stdout] [INFO] Using 'UTF-8' encoding to copy filtered properties files.
[2025-12-11 20:12:29] [build-stdout] [INFO] Copying 1 resource
[2025-12-11 20:12:29] [build-stdout] [INFO] Copying 2 resources
[2025-12-11 20:12:29] [build-stdout] [INFO] 
[2025-12-11 20:12:29] [build-stdout] [INFO] --- maven-compiler-plugin:3.10.1:compile (default-compile) @ xwiki-rendering-syntax-html5 ---
[2025-12-11 20:12:29] [build-stdout] [INFO] Loaded from the build cache, saving 110ms
[2025-12-11 20:12:29] [build-stdout] [INFO] 
[2025-12-11 20:12:29] [build-stdout] [INFO] --- maven-bundle-plugin:5.1.6:manifest (bundle-manifest) @ xwiki-rendering-syntax-html5 ---
[2025-12-11 20:12:29] [build-stdout] [INFO] No MANIFEST.MF file found, generating manifest.
[2025-12-11 20:12:29] [build-stdout] [INFO] Writing manifest: /data/iris_projects/xwiki__xwiki-rendering_CVE-2023-32070_14.6/xwiki-rendering-syntaxes/xwiki-rendering-syntax-html5/target/classes/META-INF/MANIFEST.MF
[2025-12-11 20:12:29] [build-stdout] [INFO] 
[2025-12-11 20:12:29] [build-stdout] [INFO] --- maven-resources-plugin:3.2.0:testResources (default-testResources) @ xwiki-rendering-syntax-html5 ---
[2025-12-11 20:12:29] [build-stdout] [INFO] Using 'UTF-8' encoding to copy filtered resources.
[2025-12-11 20:12:29] [build-stdout] [INFO] Using 'UTF-8' encoding to copy filtered properties files.
[2025-12-11 20:12:29] [build-stdout] [INFO] Copying 6 resources
[2025-12-11 20:12:29] [build-stdout] [INFO] Copying 2 resources
[2025-12-11 20:12:29] [build-stdout] [INFO] 
[2025-12-11 20:12:29] [build-stdout] [INFO] --- maven-compiler-plugin:3.10.1:testCompile (default-testCompile) @ xwiki-rendering-syntax-html5 ---
[2025-12-11 20:12:29] [build-stdout] [INFO] Loaded from the build cache, saving 122ms
[2025-12-11 20:12:29] [build-stdout] [INFO] 
[2025-12-11 20:12:29] [build-stdout] [INFO] --- maven-surefire-plugin:2.22.2:test (default-test) @ xwiki-rendering-syntax-html5 ---
[2025-12-11 20:12:29] [build-stdout] [INFO] Tests are skipped.
[2025-12-11 20:12:29] [build-stdout] [INFO] Skipped
[2025-12-11 20:12:29] [build-stdout] [INFO] 
[2025-12-11 20:12:29] [build-stdout] [INFO] --- maven-jar-plugin:3.2.2:jar (default-jar) @ xwiki-rendering-syntax-html5 ---
[2025-12-11 20:12:29] [build-stdout] [INFO] Building jar: /data/iris_projects/xwiki__xwiki-rendering_CVE-2023-32070_14.6/xwiki-rendering-syntaxes/xwiki-rendering-syntax-html5/target/xwiki-rendering-syntax-html5-14.6.jar
[2025-12-11 20:12:29] [build-stdout] [INFO] 
[2025-12-11 20:12:29] [build-stdout] [INFO] ------------------------------------------------------------------------
[2025-12-11 20:12:29] [build-stdout] [INFO] Building XWiki Rendering - Syntax - XDOM+XML 1.0 14.6
[2025-12-11 20:12:29] [build-stdout] [INFO] ------------------------------------------------------------------------
[2025-12-11 20:12:29] [build-stdout] [INFO] 
[2025-12-11 20:12:29] [build-stdout] [INFO] --- maven-clean-plugin:3.2.0:clean (default-clean) @ xwiki-rendering-syntax-xdomxml10 ---
[2025-12-11 20:12:29] [build-stdout] [INFO] Deleting /data/iris_projects/xwiki__xwiki-rendering_CVE-2023-32070_14.6/xwiki-rendering-syntaxes/xwiki-rendering-syntax-xdomxml10/target
[2025-12-11 20:12:29] [build-stdout] [INFO] 
[2025-12-11 20:12:29] [build-stdout] [INFO] --- maven-enforcer-plugin:1.4.1:enforce (enforce-plugins) @ xwiki-rendering-syntax-xdomxml10 ---
[2025-12-11 20:12:29] [build-stdout] [INFO] 
[2025-12-11 20:12:29] [build-stdout] [INFO] --- maven-enforcer-plugin:1.4.1:enforce (enforce-jcl-log4j-isolation) @ xwiki-rendering-syntax-xdomxml10 ---
[2025-12-11 20:12:29] [build-stdout] [INFO] 
[2025-12-11 20:12:29] [build-stdout] [INFO] --- maven-enforcer-plugin:1.4.1:enforce (enforce-jakarta.xml.bind-api) @ xwiki-rendering-syntax-xdomxml10 ---
[2025-12-11 20:12:29] [build-stdout] [INFO] 
[2025-12-11 20:12:29] [build-stdout] [INFO] --- maven-enforcer-plugin:1.4.1:enforce (enforce-glasshfish-jaxb) @ xwiki-rendering-syntax-xdomxml10 ---
[2025-12-11 20:12:29] [build-stdout] [INFO] 
[2025-12-11 20:12:29] [build-stdout] [INFO] --- maven-enforcer-plugin:1.4.1:enforce (enforce-jaxrs1) @ xwiki-rendering-syntax-xdomxml10 ---
[2025-12-11 20:12:29] [build-stdout] [INFO] 
[2025-12-11 20:12:29] [build-stdout] [INFO] --- maven-enforcer-plugin:1.4.1:enforce (enforce-open-json) @ xwiki-rendering-syntax-xdomxml10 ---
[2025-12-11 20:12:29] [build-stdout] [INFO] 
[2025-12-11 20:12:29] [build-stdout] [INFO] --- maven-enforcer-plugin:1.4.1:enforce (enforce-glassfish-el) @ xwiki-rendering-syntax-xdomxml10 ---
[2025-12-11 20:12:29] [build-stdout] [INFO] 
[2025-12-11 20:12:29] [build-stdout] [INFO] --- maven-enforcer-plugin:1.4.1:enforce (enforce-commons-lang3) @ xwiki-rendering-syntax-xdomxml10 ---
[2025-12-11 20:12:29] [build-stdout] [INFO] 
[2025-12-11 20:12:29] [build-stdout] [INFO] --- maven-enforcer-plugin:1.4.1:enforce (enforce-commons-configuration2) @ xwiki-rendering-syntax-xdomxml10 ---
[2025-12-11 20:12:29] [build-stdout] [INFO] 
[2025-12-11 20:12:29] [build-stdout] [INFO] --- maven-enforcer-plugin:1.4.1:enforce (enforce-jakarta.activation-api) @ xwiki-rendering-syntax-xdomxml10 ---
[2025-12-11 20:12:29] [build-stdout] [INFO] 
[2025-12-11 20:12:29] [build-stdout] [INFO] --- maven-enforcer-plugin:1.4.1:enforce (enforce-jakarta.activation) @ xwiki-rendering-syntax-xdomxml10 ---
[2025-12-11 20:12:29] [build-stdout] [INFO] 
[2025-12-11 20:12:29] [build-stdout] [INFO] --- maven-enforcer-plugin:1.4.1:enforce (enforce-jakarta.mail-api) @ xwiki-rendering-syntax-xdomxml10 ---
[2025-12-11 20:12:29] [build-stdout] [INFO] 
[2025-12-11 20:12:29] [build-stdout] [INFO] --- maven-enforcer-plugin:1.4.1:enforce (enforce-jakarta.mail) @ xwiki-rendering-syntax-xdomxml10 ---
[2025-12-11 20:12:29] [build-stdout] [INFO] 
[2025-12-11 20:12:29] [build-stdout] [INFO] --- maven-enforcer-plugin:1.4.1:enforce (enforce-jakarta.annotation-api) @ xwiki-rendering-syntax-xdomxml10 ---
[2025-12-11 20:12:29] [build-stdout] [INFO] 
[2025-12-11 20:12:29] [build-stdout] [INFO] --- maven-enforcer-plugin:1.4.1:enforce (enforce-bouncycastle-ids) @ xwiki-rendering-syntax-xdomxml10 ---
[2025-12-11 20:12:29] [build-stdout] [INFO] 
[2025-12-11 20:12:29] [build-stdout] [INFO] --- maven-enforcer-plugin:1.4.1:enforce (enforce-velocity-engine-core) @ xwiki-rendering-syntax-xdomxml10 ---
[2025-12-11 20:12:29] [build-stdout] [INFO] 
[2025-12-11 20:12:29] [build-stdout] [INFO] --- maven-enforcer-plugin:1.4.1:enforce (enforce-asm) @ xwiki-rendering-syntax-xdomxml10 ---
[2025-12-11 20:12:29] [build-stdout] [INFO] 
[2025-12-11 20:12:29] [build-stdout] [INFO] --- maven-enforcer-plugin:1.4.1:enforce (enforce-cglib) @ xwiki-rendering-syntax-xdomxml10 ---
[2025-12-11 20:12:29] [build-stdout] [INFO] 
[2025-12-11 20:12:29] [build-stdout] [INFO] --- maven-enforcer-plugin:1.4.1:enforce (enforce-javase-dependencies) @ xwiki-rendering-syntax-xdomxml10 ---
[2025-12-11 20:12:29] [build-stdout] [INFO] 
[2025-12-11 20:12:29] [build-stdout] [INFO] --- maven-enforcer-plugin:1.4.1:enforce (enforce-jsr305) @ xwiki-rendering-syntax-xdomxml10 ---
[2025-12-11 20:12:29] [build-stdout] [INFO] 
[2025-12-11 20:12:29] [build-stdout] [INFO] --- maven-enforcer-plugin:1.4.1:enforce (enforce-jta) @ xwiki-rendering-syntax-xdomxml10 ---
[2025-12-11 20:12:29] [build-stdout] [INFO] 
[2025-12-11 20:12:29] [build-stdout] [INFO] --- maven-enforcer-plugin:1.4.1:enforce (enforce-jakarta.validation-api) @ xwiki-rendering-syntax-xdomxml10 ---
[2025-12-11 20:12:29] [build-stdout] [INFO] 
[2025-12-11 20:12:29] [build-stdout] [INFO] --- maven-enforcer-plugin:1.4.1:enforce (enforce-hibernate-validator) @ xwiki-rendering-syntax-xdomxml10 ---
[2025-12-11 20:12:29] [build-stdout] [INFO] 
[2025-12-11 20:12:29] [build-stdout] [INFO] --- maven-enforcer-plugin:1.4.1:enforce (enforce-upper-bounds) @ xwiki-rendering-syntax-xdomxml10 ---
[2025-12-11 20:12:29] [build-stdout] [INFO] 
[2025-12-11 20:12:29] [build-stdout] [INFO] --- maven-enforcer-plugin:1.4.1:enforce (enforce-no-legacy-dependencies) @ xwiki-rendering-syntax-xdomxml10 ---
[2025-12-11 20:12:29] [build-stdout] [INFO] 
[2025-12-11 20:12:29] [build-stdout] [INFO] --- maven-enforcer-plugin:1.4.1:enforce (enforce-valid-poms) @ xwiki-rendering-syntax-xdomxml10 ---
[2025-12-11 20:12:29] [build-stdout] [INFO] 
[2025-12-11 20:12:29] [build-stdout] [INFO] --- maven-enforcer-plugin:1.4.1:enforce (enforce-platform-isolation) @ xwiki-rendering-syntax-xdomxml10 ---
[2025-12-11 20:12:29] [build-stdout] [INFO] 
[2025-12-11 20:12:29] [build-stdout] [INFO] --- maven-enforcer-plugin:1.4.1:enforce (check-dependency-version) @ xwiki-rendering-syntax-xdomxml10 ---
[2025-12-11 20:12:29] [build-stdout] [INFO] 
[2025-12-11 20:12:29] [build-stdout] [INFO] --- xwiki-commons-tool-remote-resource-plugin:14.6:process (xwiki-license-resources) @ xwiki-rendering-syntax-xdomxml10 ---
[2025-12-11 20:12:29] [build-stdout] [INFO] Preparing remote bundle org.xwiki.commons:xwiki-commons-tool-license-resources:14.6
[2025-12-11 20:12:29] [build-stdout] [INFO] Copying 2 resources from 1 bundle.
[2025-12-11 20:12:30] [build-stdout] [INFO] 
[2025-12-11 20:12:30] [build-stdout] [INFO] --- maven-resources-plugin:3.2.0:resources (default-resources) @ xwiki-rendering-syntax-xdomxml10 ---
[2025-12-11 20:12:30] [build-stdout] [INFO] Using 'UTF-8' encoding to copy filtered resources.
[2025-12-11 20:12:30] [build-stdout] [INFO] Using 'UTF-8' encoding to copy filtered properties files.
[2025-12-11 20:12:30] [build-stdout] [INFO] Copying 1 resource
[2025-12-11 20:12:30] [build-stdout] [INFO] Copying 2 resources
[2025-12-11 20:12:30] [build-stdout] [INFO] 
[2025-12-11 20:12:30] [build-stdout] [INFO] --- maven-compiler-plugin:3.10.1:compile (default-compile) @ xwiki-rendering-syntax-xdomxml10 ---
[2025-12-11 20:12:30] [build-stdout] [INFO] Loaded from the build cache, saving 192ms
[2025-12-11 20:12:30] [build-stdout] [INFO] 
[2025-12-11 20:12:30] [build-stdout] [INFO] --- maven-bundle-plugin:5.1.6:manifest (bundle-manifest) @ xwiki-rendering-syntax-xdomxml10 ---
[2025-12-11 20:12:30] [build-stdout] [INFO] No MANIFEST.MF file found, generating manifest.
[2025-12-11 20:12:30] [build-stdout] [INFO] Writing manifest: /data/iris_projects/xwiki__xwiki-rendering_CVE-2023-32070_14.6/xwiki-rendering-syntaxes/xwiki-rendering-syntax-xdomxml10/target/classes/META-INF/MANIFEST.MF
[2025-12-11 20:12:30] [build-stdout] [INFO] 
[2025-12-11 20:12:30] [build-stdout] [INFO] --- maven-resources-plugin:3.2.0:testResources (default-testResources) @ xwiki-rendering-syntax-xdomxml10 ---
[2025-12-11 20:12:30] [build-stdout] [INFO] Using 'UTF-8' encoding to copy filtered resources.
[2025-12-11 20:12:30] [build-stdout] [INFO] Using 'UTF-8' encoding to copy filtered properties files.
[2025-12-11 20:12:30] [build-stdout] [INFO] skip non existing resourceDirectory /data/iris_projects/xwiki__xwiki-rendering_CVE-2023-32070_14.6/xwiki-rendering-syntaxes/xwiki-rendering-syntax-xdomxml10/src/test/resources
[2025-12-11 20:12:30] [build-stdout] [INFO] Copying 2 resources
[2025-12-11 20:12:30] [build-stdout] [INFO] 
[2025-12-11 20:12:30] [build-stdout] [INFO] --- maven-compiler-plugin:3.10.1:testCompile (default-testCompile) @ xwiki-rendering-syntax-xdomxml10 ---
[2025-12-11 20:12:30] [build-stdout] [INFO] Loaded from the build cache
[2025-12-11 20:12:30] [build-stdout] [INFO] 
[2025-12-11 20:12:30] [build-stdout] [INFO] --- maven-surefire-plugin:2.22.2:test (default-test) @ xwiki-rendering-syntax-xdomxml10 ---
[2025-12-11 20:12:30] [build-stdout] [INFO] Tests are skipped.
[2025-12-11 20:12:30] [build-stdout] [INFO] Skipped
[2025-12-11 20:12:30] [build-stdout] [INFO] 
[2025-12-11 20:12:30] [build-stdout] [INFO] --- maven-jar-plugin:3.2.2:jar (default-jar) @ xwiki-rendering-syntax-xdomxml10 ---
[2025-12-11 20:12:30] [build-stdout] [INFO] Building jar: /data/iris_projects/xwiki__xwiki-rendering_CVE-2023-32070_14.6/xwiki-rendering-syntaxes/xwiki-rendering-syntax-xdomxml10/target/xwiki-rendering-syntax-xdomxml10-14.6.jar
[2025-12-11 20:12:30] [build-stdout] [INFO] 
[2025-12-11 20:12:30] [build-stdout] [INFO] ------------------------------------------------------------------------
[2025-12-11 20:12:30] [build-stdout] [INFO] Building XWiki Rendering - Macro - Box 14.6
[2025-12-11 20:12:30] [build-stdout] [INFO] ------------------------------------------------------------------------
[2025-12-11 20:12:30] [build-stdout] [INFO] 
[2025-12-11 20:12:30] [build-stdout] [INFO] --- maven-clean-plugin:3.2.0:clean (default-clean) @ xwiki-rendering-macro-box ---
[2025-12-11 20:12:30] [build-stdout] [INFO] Deleting /data/iris_projects/xwiki__xwiki-rendering_CVE-2023-32070_14.6/xwiki-rendering-macros/xwiki-rendering-macro-box/target
[2025-12-11 20:12:30] [build-stdout] [INFO] 
[2025-12-11 20:12:30] [build-stdout] [INFO] --- maven-enforcer-plugin:1.4.1:enforce (enforce-plugins) @ xwiki-rendering-macro-box ---
[2025-12-11 20:12:30] [build-stdout] [INFO] 
[2025-12-11 20:12:30] [build-stdout] [INFO] --- maven-enforcer-plugin:1.4.1:enforce (enforce-jcl-log4j-isolation) @ xwiki-rendering-macro-box ---
[2025-12-11 20:12:30] [build-stdout] [INFO] 
[2025-12-11 20:12:30] [build-stdout] [INFO] --- maven-enforcer-plugin:1.4.1:enforce (enforce-jakarta.xml.bind-api) @ xwiki-rendering-macro-box ---
[2025-12-11 20:12:30] [build-stdout] [INFO] 
[2025-12-11 20:12:30] [build-stdout] [INFO] --- maven-enforcer-plugin:1.4.1:enforce (enforce-glasshfish-jaxb) @ xwiki-rendering-macro-box ---
[2025-12-11 20:12:30] [build-stdout] [INFO] 
[2025-12-11 20:12:30] [build-stdout] [INFO] --- maven-enforcer-plugin:1.4.1:enforce (enforce-jaxrs1) @ xwiki-rendering-macro-box ---
[2025-12-11 20:12:30] [build-stdout] [INFO] 
[2025-12-11 20:12:30] [build-stdout] [INFO] --- maven-enforcer-plugin:1.4.1:enforce (enforce-open-json) @ xwiki-rendering-macro-box ---
[2025-12-11 20:12:30] [build-stdout] [INFO] 
[2025-12-11 20:12:30] [build-stdout] [INFO] --- maven-enforcer-plugin:1.4.1:enforce (enforce-glassfish-el) @ xwiki-rendering-macro-box ---
[2025-12-11 20:12:30] [build-stdout] [INFO] 
[2025-12-11 20:12:30] [build-stdout] [INFO] --- maven-enforcer-plugin:1.4.1:enforce (enforce-commons-lang3) @ xwiki-rendering-macro-box ---
[2025-12-11 20:12:30] [build-stdout] [INFO] 
[2025-12-11 20:12:30] [build-stdout] [INFO] --- maven-enforcer-plugin:1.4.1:enforce (enforce-commons-configuration2) @ xwiki-rendering-macro-box ---
[2025-12-11 20:12:30] [build-stdout] [INFO] 
[2025-12-11 20:12:30] [build-stdout] [INFO] --- maven-enforcer-plugin:1.4.1:enforce (enforce-jakarta.activation-api) @ xwiki-rendering-macro-box ---
[2025-12-11 20:12:30] [build-stdout] [INFO] 
[2025-12-11 20:12:30] [build-stdout] [INFO] --- maven-enforcer-plugin:1.4.1:enforce (enforce-jakarta.activation) @ xwiki-rendering-macro-box ---
[2025-12-11 20:12:30] [build-stdout] [INFO] 
[2025-12-11 20:12:30] [build-stdout] [INFO] --- maven-enforcer-plugin:1.4.1:enforce (enforce-jakarta.mail-api) @ xwiki-rendering-macro-box ---
[2025-12-11 20:12:30] [build-stdout] [INFO] 
[2025-12-11 20:12:30] [build-stdout] [INFO] --- maven-enforcer-plugin:1.4.1:enforce (enforce-jakarta.mail) @ xwiki-rendering-macro-box ---
[2025-12-11 20:12:30] [build-stdout] [INFO] 
[2025-12-11 20:12:30] [build-stdout] [INFO] --- maven-enforcer-plugin:1.4.1:enforce (enforce-jakarta.annotation-api) @ xwiki-rendering-macro-box ---
[2025-12-11 20:12:30] [build-stdout] [INFO] 
[2025-12-11 20:12:30] [build-stdout] [INFO] --- maven-enforcer-plugin:1.4.1:enforce (enforce-bouncycastle-ids) @ xwiki-rendering-macro-box ---
[2025-12-11 20:12:30] [build-stdout] [INFO] 
[2025-12-11 20:12:30] [build-stdout] [INFO] --- maven-enforcer-plugin:1.4.1:enforce (enforce-velocity-engine-core) @ xwiki-rendering-macro-box ---
[2025-12-11 20:12:30] [build-stdout] [INFO] 
[2025-12-11 20:12:30] [build-stdout] [INFO] --- maven-enforcer-plugin:1.4.1:enforce (enforce-asm) @ xwiki-rendering-macro-box ---
[2025-12-11 20:12:30] [build-stdout] [INFO] 
[2025-12-11 20:12:30] [build-stdout] [INFO] --- maven-enforcer-plugin:1.4.1:enforce (enforce-cglib) @ xwiki-rendering-macro-box ---
[2025-12-11 20:12:30] [build-stdout] [INFO] 
[2025-12-11 20:12:30] [build-stdout] [INFO] --- maven-enforcer-plugin:1.4.1:enforce (enforce-javase-dependencies) @ xwiki-rendering-macro-box ---
[2025-12-11 20:12:30] [build-stdout] [INFO] 
[2025-12-11 20:12:30] [build-stdout] [INFO] --- maven-enforcer-plugin:1.4.1:enforce (enforce-jsr305) @ xwiki-rendering-macro-box ---
[2025-12-11 20:12:30] [build-stdout] [INFO] 
[2025-12-11 20:12:30] [build-stdout] [INFO] --- maven-enforcer-plugin:1.4.1:enforce (enforce-jta) @ xwiki-rendering-macro-box ---
[2025-12-11 20:12:30] [build-stdout] [INFO] 
[2025-12-11 20:12:30] [build-stdout] [INFO] --- maven-enforcer-plugin:1.4.1:enforce (enforce-jakarta.validation-api) @ xwiki-rendering-macro-box ---
[2025-12-11 20:12:30] [build-stdout] [INFO] 
[2025-12-11 20:12:30] [build-stdout] [INFO] --- maven-enforcer-plugin:1.4.1:enforce (enforce-hibernate-validator) @ xwiki-rendering-macro-box ---
[2025-12-11 20:12:30] [build-stdout] [INFO] 
[2025-12-11 20:12:30] [build-stdout] [INFO] --- maven-enforcer-plugin:1.4.1:enforce (enforce-upper-bounds) @ xwiki-rendering-macro-box ---
[2025-12-11 20:12:30] [build-stdout] [INFO] 
[2025-12-11 20:12:30] [build-stdout] [INFO] --- maven-enforcer-plugin:1.4.1:enforce (enforce-no-legacy-dependencies) @ xwiki-rendering-macro-box ---
[2025-12-11 20:12:30] [build-stdout] [INFO] 
[2025-12-11 20:12:30] [build-stdout] [INFO] --- maven-enforcer-plugin:1.4.1:enforce (enforce-valid-poms) @ xwiki-rendering-macro-box ---
[2025-12-11 20:12:30] [build-stdout] [INFO] 
[2025-12-11 20:12:30] [build-stdout] [INFO] --- maven-enforcer-plugin:1.4.1:enforce (enforce-platform-isolation) @ xwiki-rendering-macro-box ---
[2025-12-11 20:12:30] [build-stdout] [INFO] 
[2025-12-11 20:12:30] [build-stdout] [INFO] --- maven-enforcer-plugin:1.4.1:enforce (check-dependency-version) @ xwiki-rendering-macro-box ---
[2025-12-11 20:12:30] [build-stdout] [INFO] 
[2025-12-11 20:12:30] [build-stdout] [INFO] --- maven-enforcer-plugin:1.4.1:enforce (enforce-banned-dependencies) @ xwiki-rendering-macro-box ---
[2025-12-11 20:12:30] [build-stdout] [INFO] 
[2025-12-11 20:12:30] [build-stdout] [INFO] --- xwiki-commons-tool-remote-resource-plugin:14.6:process (xwiki-license-resources) @ xwiki-rendering-macro-box ---
[2025-12-11 20:12:30] [build-stdout] [INFO] Preparing remote bundle org.xwiki.commons:xwiki-commons-tool-license-resources:14.6
[2025-12-11 20:12:30] [build-stdout] [INFO] Copying 2 resources from 1 bundle.
[2025-12-11 20:12:30] [build-stdout] [INFO] 
[2025-12-11 20:12:30] [build-stdout] [INFO] --- maven-resources-plugin:3.2.0:resources (default-resources) @ xwiki-rendering-macro-box ---
[2025-12-11 20:12:30] [build-stdout] [INFO] Using 'UTF-8' encoding to copy filtered resources.
[2025-12-11 20:12:30] [build-stdout] [INFO] Using 'UTF-8' encoding to copy filtered properties files.
[2025-12-11 20:12:30] [build-stdout] [INFO] Copying 1 resource
[2025-12-11 20:12:30] [build-stdout] [INFO] Copying 2 resources
[2025-12-11 20:12:30] [build-stdout] [INFO] 
[2025-12-11 20:12:30] [build-stdout] [INFO] --- maven-compiler-plugin:3.10.1:compile (default-compile) @ xwiki-rendering-macro-box ---
[2025-12-11 20:12:30] [build-stdout] [INFO] Loaded from the build cache, saving 87ms
[2025-12-11 20:12:30] [build-stdout] [INFO] 
[2025-12-11 20:12:30] [build-stdout] [INFO] --- maven-bundle-plugin:5.1.6:manifest (bundle-manifest) @ xwiki-rendering-macro-box ---
[2025-12-11 20:12:30] [build-stdout] [INFO] No MANIFEST.MF file found, generating manifest.
[2025-12-11 20:12:30] [build-stdout] [INFO] Writing manifest: /data/iris_projects/xwiki__xwiki-rendering_CVE-2023-32070_14.6/xwiki-rendering-macros/xwiki-rendering-macro-box/target/classes/META-INF/MANIFEST.MF
[2025-12-11 20:12:30] [build-stdout] [INFO] 
[2025-12-11 20:12:30] [build-stdout] [INFO] --- maven-resources-plugin:3.2.0:testResources (default-testResources) @ xwiki-rendering-macro-box ---
[2025-12-11 20:12:30] [build-stdout] [INFO] Using 'UTF-8' encoding to copy filtered resources.
[2025-12-11 20:12:30] [build-stdout] [INFO] Using 'UTF-8' encoding to copy filtered properties files.
[2025-12-11 20:12:30] [build-stdout] [INFO] Copying 11 resources
[2025-12-11 20:12:30] [build-stdout] [INFO] Copying 2 resources
[2025-12-11 20:12:30] [build-stdout] [INFO] 
[2025-12-11 20:12:30] [build-stdout] [INFO] --- maven-compiler-plugin:3.10.1:testCompile (default-testCompile) @ xwiki-rendering-macro-box ---
[2025-12-11 20:12:30] [build-stdout] [INFO] Loaded from the build cache, saving 140ms
[2025-12-11 20:12:30] [build-stdout] [INFO] 
[2025-12-11 20:12:30] [build-stdout] [INFO] --- maven-surefire-plugin:2.22.2:test (default-test) @ xwiki-rendering-macro-box ---
[2025-12-11 20:12:30] [build-stdout] [INFO] Tests are skipped.
[2025-12-11 20:12:30] [build-stdout] [INFO] Skipped
[2025-12-11 20:12:30] [build-stdout] [INFO] 
[2025-12-11 20:12:30] [build-stdout] [INFO] --- maven-jar-plugin:3.2.2:jar (default-jar) @ xwiki-rendering-macro-box ---
[2025-12-11 20:12:30] [build-stdout] [INFO] Building jar: /data/iris_projects/xwiki__xwiki-rendering_CVE-2023-32070_14.6/xwiki-rendering-macros/xwiki-rendering-macro-box/target/xwiki-rendering-macro-box-14.6.jar
[2025-12-11 20:12:30] [build-stdout] [INFO] 
[2025-12-11 20:12:30] [build-stdout] [INFO] ------------------------------------------------------------------------
[2025-12-11 20:12:30] [build-stdout] [INFO] Building XWiki Rendering - Integration Tests 14.6
[2025-12-11 20:12:30] [build-stdout] [INFO] ------------------------------------------------------------------------
[2025-12-11 20:12:30] [build-stdout] [INFO] 
[2025-12-11 20:12:30] [build-stdout] [INFO] --- maven-clean-plugin:3.2.0:clean (default-clean) @ xwiki-rendering-integration-tests ---
[2025-12-11 20:12:30] [build-stdout] [INFO] Deleting /data/iris_projects/xwiki__xwiki-rendering_CVE-2023-32070_14.6/xwiki-rendering-integration-tests/target
[2025-12-11 20:12:30] [build-stdout] [INFO] 
[2025-12-11 20:12:30] [build-stdout] [INFO] --- maven-enforcer-plugin:1.4.1:enforce (enforce-plugins) @ xwiki-rendering-integration-tests ---
[2025-12-11 20:12:30] [build-stdout] [INFO] 
[2025-12-11 20:12:30] [build-stdout] [INFO] --- maven-enforcer-plugin:1.4.1:enforce (enforce-jcl-log4j-isolation) @ xwiki-rendering-integration-tests ---
[2025-12-11 20:12:31] [build-stdout] [INFO] 
[2025-12-11 20:12:31] [build-stdout] [INFO] --- maven-enforcer-plugin:1.4.1:enforce (enforce-jakarta.xml.bind-api) @ xwiki-rendering-integration-tests ---
[2025-12-11 20:12:31] [build-stdout] [INFO] 
[2025-12-11 20:12:31] [build-stdout] [INFO] --- maven-enforcer-plugin:1.4.1:enforce (enforce-glasshfish-jaxb) @ xwiki-rendering-integration-tests ---
[2025-12-11 20:12:31] [build-stdout] [INFO] 
[2025-12-11 20:12:31] [build-stdout] [INFO] --- maven-enforcer-plugin:1.4.1:enforce (enforce-jaxrs1) @ xwiki-rendering-integration-tests ---
[2025-12-11 20:12:31] [build-stdout] [INFO] 
[2025-12-11 20:12:31] [build-stdout] [INFO] --- maven-enforcer-plugin:1.4.1:enforce (enforce-open-json) @ xwiki-rendering-integration-tests ---
[2025-12-11 20:12:31] [build-stdout] [INFO] 
[2025-12-11 20:12:31] [build-stdout] [INFO] --- maven-enforcer-plugin:1.4.1:enforce (enforce-glassfish-el) @ xwiki-rendering-integration-tests ---
[2025-12-11 20:12:31] [build-stdout] [INFO] 
[2025-12-11 20:12:31] [build-stdout] [INFO] --- maven-enforcer-plugin:1.4.1:enforce (enforce-commons-lang3) @ xwiki-rendering-integration-tests ---
[2025-12-11 20:12:31] [build-stdout] [INFO] 
[2025-12-11 20:12:31] [build-stdout] [INFO] --- maven-enforcer-plugin:1.4.1:enforce (enforce-commons-configuration2) @ xwiki-rendering-integration-tests ---
[2025-12-11 20:12:31] [build-stdout] [INFO] 
[2025-12-11 20:12:31] [build-stdout] [INFO] --- maven-enforcer-plugin:1.4.1:enforce (enforce-jakarta.activation-api) @ xwiki-rendering-integration-tests ---
[2025-12-11 20:12:31] [build-stdout] [INFO] 
[2025-12-11 20:12:31] [build-stdout] [INFO] --- maven-enforcer-plugin:1.4.1:enforce (enforce-jakarta.activation) @ xwiki-rendering-integration-tests ---
[2025-12-11 20:12:31] [build-stdout] [INFO] 
[2025-12-11 20:12:31] [build-stdout] [INFO] --- maven-enforcer-plugin:1.4.1:enforce (enforce-jakarta.mail-api) @ xwiki-rendering-integration-tests ---
[2025-12-11 20:12:31] [build-stdout] [INFO] 
[2025-12-11 20:12:31] [build-stdout] [INFO] --- maven-enforcer-plugin:1.4.1:enforce (enforce-jakarta.mail) @ xwiki-rendering-integration-tests ---
[2025-12-11 20:12:31] [build-stdout] [INFO] 
[2025-12-11 20:12:31] [build-stdout] [INFO] --- maven-enforcer-plugin:1.4.1:enforce (enforce-jakarta.annotation-api) @ xwiki-rendering-integration-tests ---
[2025-12-11 20:12:31] [build-stdout] [INFO] 
[2025-12-11 20:12:31] [build-stdout] [INFO] --- maven-enforcer-plugin:1.4.1:enforce (enforce-bouncycastle-ids) @ xwiki-rendering-integration-tests ---
[2025-12-11 20:12:31] [build-stdout] [INFO] 
[2025-12-11 20:12:31] [build-stdout] [INFO] --- maven-enforcer-plugin:1.4.1:enforce (enforce-velocity-engine-core) @ xwiki-rendering-integration-tests ---
[2025-12-11 20:12:31] [build-stdout] [INFO] 
[2025-12-11 20:12:31] [build-stdout] [INFO] --- maven-enforcer-plugin:1.4.1:enforce (enforce-asm) @ xwiki-rendering-integration-tests ---
[2025-12-11 20:12:31] [build-stdout] [INFO] 
[2025-12-11 20:12:31] [build-stdout] [INFO] --- maven-enforcer-plugin:1.4.1:enforce (enforce-cglib) @ xwiki-rendering-integration-tests ---
[2025-12-11 20:12:31] [build-stdout] [INFO] 
[2025-12-11 20:12:31] [build-stdout] [INFO] --- maven-enforcer-plugin:1.4.1:enforce (enforce-javase-dependencies) @ xwiki-rendering-integration-tests ---
[2025-12-11 20:12:31] [build-stdout] [INFO] 
[2025-12-11 20:12:31] [build-stdout] [INFO] --- maven-enforcer-plugin:1.4.1:enforce (enforce-jsr305) @ xwiki-rendering-integration-tests ---
[2025-12-11 20:12:31] [build-stdout] [INFO] 
[2025-12-11 20:12:31] [build-stdout] [INFO] --- maven-enforcer-plugin:1.4.1:enforce (enforce-jta) @ xwiki-rendering-integration-tests ---
[2025-12-11 20:12:31] [build-stdout] [INFO] 
[2025-12-11 20:12:31] [build-stdout] [INFO] --- maven-enforcer-plugin:1.4.1:enforce (enforce-jakarta.validation-api) @ xwiki-rendering-integration-tests ---
[2025-12-11 20:12:31] [build-stdout] [INFO] 
[2025-12-11 20:12:31] [build-stdout] [INFO] --- maven-enforcer-plugin:1.4.1:enforce (enforce-hibernate-validator) @ xwiki-rendering-integration-tests ---
[2025-12-11 20:12:31] [build-stdout] [INFO] 
[2025-12-11 20:12:31] [build-stdout] [INFO] --- maven-enforcer-plugin:1.4.1:enforce (enforce-upper-bounds) @ xwiki-rendering-integration-tests ---
[2025-12-11 20:12:31] [build-stdout] [INFO] 
[2025-12-11 20:12:31] [build-stdout] [INFO] --- maven-enforcer-plugin:1.4.1:enforce (enforce-no-legacy-dependencies) @ xwiki-rendering-integration-tests ---
[2025-12-11 20:12:31] [build-stdout] [INFO] 
[2025-12-11 20:12:31] [build-stdout] [INFO] --- maven-enforcer-plugin:1.4.1:enforce (enforce-valid-poms) @ xwiki-rendering-integration-tests ---
[2025-12-11 20:12:31] [build-stdout] [INFO] 
[2025-12-11 20:12:31] [build-stdout] [INFO] --- maven-enforcer-plugin:1.4.1:enforce (enforce-platform-isolation) @ xwiki-rendering-integration-tests ---
[2025-12-11 20:12:31] [build-stdout] [INFO] 
[2025-12-11 20:12:31] [build-stdout] [INFO] --- maven-enforcer-plugin:1.4.1:enforce (check-dependency-version) @ xwiki-rendering-integration-tests ---
[2025-12-11 20:12:31] [build-stdout] [INFO] 
[2025-12-11 20:12:31] [build-stdout] [INFO] --- xwiki-commons-tool-remote-resource-plugin:14.6:process (xwiki-license-resources) @ xwiki-rendering-integration-tests ---
[2025-12-11 20:12:31] [build-stdout] [INFO] Preparing remote bundle org.xwiki.commons:xwiki-commons-tool-license-resources:14.6
[2025-12-11 20:12:31] [build-stdout] [INFO] Copying 2 resources from 1 bundle.
[2025-12-11 20:12:31] [build-stdout] [INFO] 
[2025-12-11 20:12:31] [build-stdout] [INFO] --- maven-resources-plugin:3.2.0:resources (default-resources) @ xwiki-rendering-integration-tests ---
[2025-12-11 20:12:31] [build-stdout] [INFO] Using 'UTF-8' encoding to copy filtered resources.
[2025-12-11 20:12:31] [build-stdout] [INFO] Using 'UTF-8' encoding to copy filtered properties files.
[2025-12-11 20:12:31] [build-stdout] [INFO] skip non existing resourceDirectory /data/iris_projects/xwiki__xwiki-rendering_CVE-2023-32070_14.6/xwiki-rendering-integration-tests/src/main/resources
[2025-12-11 20:12:31] [build-stdout] [INFO] Copying 2 resources
[2025-12-11 20:12:31] [build-stdout] [INFO] 
[2025-12-11 20:12:31] [build-stdout] [INFO] --- maven-compiler-plugin:3.10.1:compile (default-compile) @ xwiki-rendering-integration-tests ---
[2025-12-11 20:12:31] [build-stdout] [INFO] Loaded from the build cache
[2025-12-11 20:12:31] [build-stdout] [INFO] 
[2025-12-11 20:12:31] [build-stdout] [INFO] --- maven-bundle-plugin:5.1.6:manifest (bundle-manifest) @ xwiki-rendering-integration-tests ---
[2025-12-11 20:12:31] [build-stdout] [INFO] No MANIFEST.MF file found, generating manifest.
[2025-12-11 20:12:31] [build-stdout] [INFO] Writing manifest: /data/iris_projects/xwiki__xwiki-rendering_CVE-2023-32070_14.6/xwiki-rendering-integration-tests/target/classes/META-INF/MANIFEST.MF
[2025-12-11 20:12:31] [build-stdout] [INFO] 
[2025-12-11 20:12:31] [build-stdout] [INFO] --- maven-resources-plugin:3.2.0:testResources (default-testResources) @ xwiki-rendering-integration-tests ---
[2025-12-11 20:12:31] [build-stdout] [INFO] Using 'UTF-8' encoding to copy filtered resources.
[2025-12-11 20:12:31] [build-stdout] [INFO] Using 'UTF-8' encoding to copy filtered properties files.
[2025-12-11 20:12:31] [build-stdout] [INFO] Copying 208 resources
[2025-12-11 20:12:31] [build-stdout] [INFO] Copying 2 resources
[2025-12-11 20:12:31] [build-stdout] [INFO] 
[2025-12-11 20:12:31] [build-stdout] [INFO] --- maven-resources-plugin:3.2.0:testResources (default) @ xwiki-rendering-integration-tests ---
[2025-12-11 20:12:31] [build-stdout] [INFO] Using 'UTF-8' encoding to copy filtered resources.
[2025-12-11 20:12:31] [build-stdout] [INFO] Using 'UTF-8' encoding to copy filtered properties files.
[2025-12-11 20:12:31] [build-stdout] [INFO] Copying 208 resources
[2025-12-11 20:12:31] [build-stdout] [INFO] Copying 2 resources
[2025-12-11 20:12:31] [build-stdout] [INFO] 
[2025-12-11 20:12:31] [build-stdout] [INFO] --- maven-compiler-plugin:3.10.1:testCompile (default-testCompile) @ xwiki-rendering-integration-tests ---
[2025-12-11 20:12:31] [build-stdout] [INFO] Loaded from the build cache, saving 99ms
[2025-12-11 20:12:31] [build-stdout] [INFO] 
[2025-12-11 20:12:31] [build-stdout] [INFO] --- maven-compiler-plugin:3.10.1:testCompile (default) @ xwiki-rendering-integration-tests ---
[2025-12-11 20:12:31] [build-stdout] [INFO] Loaded from the build cache, saving 66ms
[2025-12-11 20:12:31] [build-stdout] [INFO] 
[2025-12-11 20:12:31] [build-stdout] [INFO] --- maven-surefire-plugin:2.22.2:test (default-test) @ xwiki-rendering-integration-tests ---
[2025-12-11 20:12:31] [build-stdout] [INFO] Tests are skipped.
[2025-12-11 20:12:31] [build-stdout] [INFO] Skipped
[2025-12-11 20:12:31] [build-stdout] [INFO] 
[2025-12-11 20:12:31] [build-stdout] [INFO] --- maven-surefire-plugin:2.22.2:test (default) @ xwiki-rendering-integration-tests ---
[2025-12-11 20:12:31] [build-stdout] [INFO] Tests are skipped.
[2025-12-11 20:12:31] [build-stdout] [INFO] Skipped
[2025-12-11 20:12:31] [build-stdout] [INFO] 
[2025-12-11 20:12:31] [build-stdout] [INFO] --- maven-jar-plugin:3.2.2:jar (default-jar) @ xwiki-rendering-integration-tests ---
[2025-12-11 20:12:31] [build-stdout] [INFO] Building jar: /data/iris_projects/xwiki__xwiki-rendering_CVE-2023-32070_14.6/xwiki-rendering-integration-tests/target/xwiki-rendering-integration-tests-14.6.jar
[2025-12-11 20:12:31] [build-stdout] [INFO] 
[2025-12-11 20:12:31] [build-stdout] [INFO] ------------------------------------------------------------------------
[2025-12-11 20:12:31] [build-stdout] [INFO] Building XWiki Rendering - Macro - Comment 14.6
[2025-12-11 20:12:31] [build-stdout] [INFO] ------------------------------------------------------------------------
[2025-12-11 20:12:31] [build-stdout] [INFO] 
[2025-12-11 20:12:31] [build-stdout] [INFO] --- maven-clean-plugin:3.2.0:clean (default-clean) @ xwiki-rendering-macro-comment ---
[2025-12-11 20:12:31] [build-stdout] [INFO] Deleting /data/iris_projects/xwiki__xwiki-rendering_CVE-2023-32070_14.6/xwiki-rendering-macros/xwiki-rendering-macro-comment/target
[2025-12-11 20:12:31] [build-stdout] [INFO] 
[2025-12-11 20:12:31] [build-stdout] [INFO] --- maven-enforcer-plugin:1.4.1:enforce (enforce-plugins) @ xwiki-rendering-macro-comment ---
[2025-12-11 20:12:31] [build-stdout] [INFO] 
[2025-12-11 20:12:31] [build-stdout] [INFO] --- maven-enforcer-plugin:1.4.1:enforce (enforce-jcl-log4j-isolation) @ xwiki-rendering-macro-comment ---
[2025-12-11 20:12:31] [build-stdout] [INFO] 
[2025-12-11 20:12:31] [build-stdout] [INFO] --- maven-enforcer-plugin:1.4.1:enforce (enforce-jakarta.xml.bind-api) @ xwiki-rendering-macro-comment ---
[2025-12-11 20:12:31] [build-stdout] [INFO] 
[2025-12-11 20:12:31] [build-stdout] [INFO] --- maven-enforcer-plugin:1.4.1:enforce (enforce-glasshfish-jaxb) @ xwiki-rendering-macro-comment ---
[2025-12-11 20:12:31] [build-stdout] [INFO] 
[2025-12-11 20:12:31] [build-stdout] [INFO] --- maven-enforcer-plugin:1.4.1:enforce (enforce-jaxrs1) @ xwiki-rendering-macro-comment ---
[2025-12-11 20:12:31] [build-stdout] [INFO] 
[2025-12-11 20:12:31] [build-stdout] [INFO] --- maven-enforcer-plugin:1.4.1:enforce (enforce-open-json) @ xwiki-rendering-macro-comment ---
[2025-12-11 20:12:31] [build-stdout] [INFO] 
[2025-12-11 20:12:31] [build-stdout] [INFO] --- maven-enforcer-plugin:1.4.1:enforce (enforce-glassfish-el) @ xwiki-rendering-macro-comment ---
[2025-12-11 20:12:31] [build-stdout] [INFO] 
[2025-12-11 20:12:31] [build-stdout] [INFO] --- maven-enforcer-plugin:1.4.1:enforce (enforce-commons-lang3) @ xwiki-rendering-macro-comment ---
[2025-12-11 20:12:31] [build-stdout] [INFO] 
[2025-12-11 20:12:31] [build-stdout] [INFO] --- maven-enforcer-plugin:1.4.1:enforce (enforce-commons-configuration2) @ xwiki-rendering-macro-comment ---
[2025-12-11 20:12:31] [build-stdout] [INFO] 
[2025-12-11 20:12:31] [build-stdout] [INFO] --- maven-enforcer-plugin:1.4.1:enforce (enforce-jakarta.activation-api) @ xwiki-rendering-macro-comment ---
[2025-12-11 20:12:31] [build-stdout] [INFO] 
[2025-12-11 20:12:31] [build-stdout] [INFO] --- maven-enforcer-plugin:1.4.1:enforce (enforce-jakarta.activation) @ xwiki-rendering-macro-comment ---
[2025-12-11 20:12:31] [build-stdout] [INFO] 
[2025-12-11 20:12:31] [build-stdout] [INFO] --- maven-enforcer-plugin:1.4.1:enforce (enforce-jakarta.mail-api) @ xwiki-rendering-macro-comment ---
[2025-12-11 20:12:31] [build-stdout] [INFO] 
[2025-12-11 20:12:31] [build-stdout] [INFO] --- maven-enforcer-plugin:1.4.1:enforce (enforce-jakarta.mail) @ xwiki-rendering-macro-comment ---
[2025-12-11 20:12:31] [build-stdout] [INFO] 
[2025-12-11 20:12:31] [build-stdout] [INFO] --- maven-enforcer-plugin:1.4.1:enforce (enforce-jakarta.annotation-api) @ xwiki-rendering-macro-comment ---
[2025-12-11 20:12:31] [build-stdout] [INFO] 
[2025-12-11 20:12:31] [build-stdout] [INFO] --- maven-enforcer-plugin:1.4.1:enforce (enforce-bouncycastle-ids) @ xwiki-rendering-macro-comment ---
[2025-12-11 20:12:31] [build-stdout] [INFO] 
[2025-12-11 20:12:31] [build-stdout] [INFO] --- maven-enforcer-plugin:1.4.1:enforce (enforce-velocity-engine-core) @ xwiki-rendering-macro-comment ---
[2025-12-11 20:12:31] [build-stdout] [INFO] 
[2025-12-11 20:12:31] [build-stdout] [INFO] --- maven-enforcer-plugin:1.4.1:enforce (enforce-asm) @ xwiki-rendering-macro-comment ---
[2025-12-11 20:12:31] [build-stdout] [INFO] 
[2025-12-11 20:12:31] [build-stdout] [INFO] --- maven-enforcer-plugin:1.4.1:enforce (enforce-cglib) @ xwiki-rendering-macro-comment ---
[2025-12-11 20:12:32] [build-stdout] [INFO] 
[2025-12-11 20:12:32] [build-stdout] [INFO] --- maven-enforcer-plugin:1.4.1:enforce (enforce-javase-dependencies) @ xwiki-rendering-macro-comment ---
[2025-12-11 20:12:32] [build-stdout] [INFO] 
[2025-12-11 20:12:32] [build-stdout] [INFO] --- maven-enforcer-plugin:1.4.1:enforce (enforce-jsr305) @ xwiki-rendering-macro-comment ---
[2025-12-11 20:12:32] [build-stdout] [INFO] 
[2025-12-11 20:12:32] [build-stdout] [INFO] --- maven-enforcer-plugin:1.4.1:enforce (enforce-jta) @ xwiki-rendering-macro-comment ---
[2025-12-11 20:12:32] [build-stdout] [INFO] 
[2025-12-11 20:12:32] [build-stdout] [INFO] --- maven-enforcer-plugin:1.4.1:enforce (enforce-jakarta.validation-api) @ xwiki-rendering-macro-comment ---
[2025-12-11 20:12:32] [build-stdout] [INFO] 
[2025-12-11 20:12:32] [build-stdout] [INFO] --- maven-enforcer-plugin:1.4.1:enforce (enforce-hibernate-validator) @ xwiki-rendering-macro-comment ---
[2025-12-11 20:12:32] [build-stdout] [INFO] 
[2025-12-11 20:12:32] [build-stdout] [INFO] --- maven-enforcer-plugin:1.4.1:enforce (enforce-upper-bounds) @ xwiki-rendering-macro-comment ---
[2025-12-11 20:12:32] [build-stdout] [INFO] 
[2025-12-11 20:12:32] [build-stdout] [INFO] --- maven-enforcer-plugin:1.4.1:enforce (enforce-no-legacy-dependencies) @ xwiki-rendering-macro-comment ---
[2025-12-11 20:12:32] [build-stdout] [INFO] 
[2025-12-11 20:12:32] [build-stdout] [INFO] --- maven-enforcer-plugin:1.4.1:enforce (enforce-valid-poms) @ xwiki-rendering-macro-comment ---
[2025-12-11 20:12:32] [build-stdout] [INFO] 
[2025-12-11 20:12:32] [build-stdout] [INFO] --- maven-enforcer-plugin:1.4.1:enforce (enforce-platform-isolation) @ xwiki-rendering-macro-comment ---
[2025-12-11 20:12:32] [build-stdout] [INFO] 
[2025-12-11 20:12:32] [build-stdout] [INFO] --- maven-enforcer-plugin:1.4.1:enforce (check-dependency-version) @ xwiki-rendering-macro-comment ---
[2025-12-11 20:12:32] [build-stdout] [INFO] 
[2025-12-11 20:12:32] [build-stdout] [INFO] --- maven-enforcer-plugin:1.4.1:enforce (enforce-banned-dependencies) @ xwiki-rendering-macro-comment ---
[2025-12-11 20:12:32] [build-stdout] [INFO] 
[2025-12-11 20:12:32] [build-stdout] [INFO] --- xwiki-commons-tool-remote-resource-plugin:14.6:process (xwiki-license-resources) @ xwiki-rendering-macro-comment ---
[2025-12-11 20:12:32] [build-stdout] [INFO] Preparing remote bundle org.xwiki.commons:xwiki-commons-tool-license-resources:14.6
[2025-12-11 20:12:32] [build-stdout] [INFO] Copying 2 resources from 1 bundle.
[2025-12-11 20:12:32] [build-stdout] [INFO] 
[2025-12-11 20:12:32] [build-stdout] [INFO] --- maven-resources-plugin:3.2.0:resources (default-resources) @ xwiki-rendering-macro-comment ---
[2025-12-11 20:12:32] [build-stdout] [INFO] Using 'UTF-8' encoding to copy filtered resources.
[2025-12-11 20:12:32] [build-stdout] [INFO] Using 'UTF-8' encoding to copy filtered properties files.
[2025-12-11 20:12:32] [build-stdout] [INFO] Copying 1 resource
[2025-12-11 20:12:32] [build-stdout] [INFO] Copying 2 resources
[2025-12-11 20:12:32] [build-stdout] [INFO] 
[2025-12-11 20:12:32] [build-stdout] [INFO] --- maven-compiler-plugin:3.10.1:compile (default-compile) @ xwiki-rendering-macro-comment ---
[2025-12-11 20:12:32] [build-stdout] [INFO] Loaded from the build cache, saving 63ms
[2025-12-11 20:12:32] [build-stdout] [INFO] 
[2025-12-11 20:12:32] [build-stdout] [INFO] --- maven-bundle-plugin:5.1.6:manifest (bundle-manifest) @ xwiki-rendering-macro-comment ---
[2025-12-11 20:12:32] [build-stdout] [INFO] No MANIFEST.MF file found, generating manifest.
[2025-12-11 20:12:32] [build-stdout] [INFO] Writing manifest: /data/iris_projects/xwiki__xwiki-rendering_CVE-2023-32070_14.6/xwiki-rendering-macros/xwiki-rendering-macro-comment/target/classes/META-INF/MANIFEST.MF
[2025-12-11 20:12:32] [build-stdout] [INFO] 
[2025-12-11 20:12:32] [build-stdout] [INFO] --- maven-resources-plugin:3.2.0:testResources (default-testResources) @ xwiki-rendering-macro-comment ---
[2025-12-11 20:12:32] [build-stdout] [INFO] Using 'UTF-8' encoding to copy filtered resources.
[2025-12-11 20:12:32] [build-stdout] [INFO] Using 'UTF-8' encoding to copy filtered properties files.
[2025-12-11 20:12:32] [build-stdout] [INFO] Copying 2 resources
[2025-12-11 20:12:32] [build-stdout] [INFO] Copying 2 resources
[2025-12-11 20:12:32] [build-stdout] [INFO] 
[2025-12-11 20:12:32] [build-stdout] [INFO] --- maven-compiler-plugin:3.10.1:testCompile (default-testCompile) @ xwiki-rendering-macro-comment ---
[2025-12-11 20:12:32] [build-stdout] [INFO] Loaded from the build cache, saving 108ms
[2025-12-11 20:12:32] [build-stdout] [INFO] 
[2025-12-11 20:12:32] [build-stdout] [INFO] --- maven-surefire-plugin:2.22.2:test (default-test) @ xwiki-rendering-macro-comment ---
[2025-12-11 20:12:32] [build-stdout] [INFO] Tests are skipped.
[2025-12-11 20:12:32] [build-stdout] [INFO] Skipped
[2025-12-11 20:12:32] [build-stdout] [INFO] 
[2025-12-11 20:12:32] [build-stdout] [INFO] --- maven-jar-plugin:3.2.2:jar (default-jar) @ xwiki-rendering-macro-comment ---
[2025-12-11 20:12:32] [build-stdout] [INFO] Building jar: /data/iris_projects/xwiki__xwiki-rendering_CVE-2023-32070_14.6/xwiki-rendering-macros/xwiki-rendering-macro-comment/target/xwiki-rendering-macro-comment-14.6.jar
[2025-12-11 20:12:32] [build-stdout] [INFO] 
[2025-12-11 20:12:32] [build-stdout] [INFO] ------------------------------------------------------------------------
[2025-12-11 20:12:32] [build-stdout] [INFO] Building XWiki Rendering - Macro - Content 14.6
[2025-12-11 20:12:32] [build-stdout] [INFO] ------------------------------------------------------------------------
[2025-12-11 20:12:32] [build-stdout] [INFO] 
[2025-12-11 20:12:32] [build-stdout] [INFO] --- maven-clean-plugin:3.2.0:clean (default-clean) @ xwiki-rendering-macro-content ---
[2025-12-11 20:12:32] [build-stdout] [INFO] Deleting /data/iris_projects/xwiki__xwiki-rendering_CVE-2023-32070_14.6/xwiki-rendering-macros/xwiki-rendering-macro-content/target
[2025-12-11 20:12:32] [build-stdout] [INFO] 
[2025-12-11 20:12:32] [build-stdout] [INFO] --- maven-enforcer-plugin:1.4.1:enforce (enforce-plugins) @ xwiki-rendering-macro-content ---
[2025-12-11 20:12:32] [build-stdout] [INFO] 
[2025-12-11 20:12:32] [build-stdout] [INFO] --- maven-enforcer-plugin:1.4.1:enforce (enforce-jcl-log4j-isolation) @ xwiki-rendering-macro-content ---
[2025-12-11 20:12:32] [build-stdout] [INFO] 
[2025-12-11 20:12:32] [build-stdout] [INFO] --- maven-enforcer-plugin:1.4.1:enforce (enforce-jakarta.xml.bind-api) @ xwiki-rendering-macro-content ---
[2025-12-11 20:12:32] [build-stdout] [INFO] 
[2025-12-11 20:12:32] [build-stdout] [INFO] --- maven-enforcer-plugin:1.4.1:enforce (enforce-glasshfish-jaxb) @ xwiki-rendering-macro-content ---
[2025-12-11 20:12:32] [build-stdout] [INFO] 
[2025-12-11 20:12:32] [build-stdout] [INFO] --- maven-enforcer-plugin:1.4.1:enforce (enforce-jaxrs1) @ xwiki-rendering-macro-content ---
[2025-12-11 20:12:32] [build-stdout] [INFO] 
[2025-12-11 20:12:32] [build-stdout] [INFO] --- maven-enforcer-plugin:1.4.1:enforce (enforce-open-json) @ xwiki-rendering-macro-content ---
[2025-12-11 20:12:32] [build-stdout] [INFO] 
[2025-12-11 20:12:32] [build-stdout] [INFO] --- maven-enforcer-plugin:1.4.1:enforce (enforce-glassfish-el) @ xwiki-rendering-macro-content ---
[2025-12-11 20:12:32] [build-stdout] [INFO] 
[2025-12-11 20:12:32] [build-stdout] [INFO] --- maven-enforcer-plugin:1.4.1:enforce (enforce-commons-lang3) @ xwiki-rendering-macro-content ---
[2025-12-11 20:12:32] [build-stdout] [INFO] 
[2025-12-11 20:12:32] [build-stdout] [INFO] --- maven-enforcer-plugin:1.4.1:enforce (enforce-commons-configuration2) @ xwiki-rendering-macro-content ---
[2025-12-11 20:12:32] [build-stdout] [INFO] 
[2025-12-11 20:12:32] [build-stdout] [INFO] --- maven-enforcer-plugin:1.4.1:enforce (enforce-jakarta.activation-api) @ xwiki-rendering-macro-content ---
[2025-12-11 20:12:32] [build-stdout] [INFO] 
[2025-12-11 20:12:32] [build-stdout] [INFO] --- maven-enforcer-plugin:1.4.1:enforce (enforce-jakarta.activation) @ xwiki-rendering-macro-content ---
[2025-12-11 20:12:32] [build-stdout] [INFO] 
[2025-12-11 20:12:32] [build-stdout] [INFO] --- maven-enforcer-plugin:1.4.1:enforce (enforce-jakarta.mail-api) @ xwiki-rendering-macro-content ---
[2025-12-11 20:12:32] [build-stdout] [INFO] 
[2025-12-11 20:12:32] [build-stdout] [INFO] --- maven-enforcer-plugin:1.4.1:enforce (enforce-jakarta.mail) @ xwiki-rendering-macro-content ---
[2025-12-11 20:12:32] [build-stdout] [INFO] 
[2025-12-11 20:12:32] [build-stdout] [INFO] --- maven-enforcer-plugin:1.4.1:enforce (enforce-jakarta.annotation-api) @ xwiki-rendering-macro-content ---
[2025-12-11 20:12:32] [build-stdout] [INFO] 
[2025-12-11 20:12:32] [build-stdout] [INFO] --- maven-enforcer-plugin:1.4.1:enforce (enforce-bouncycastle-ids) @ xwiki-rendering-macro-content ---
[2025-12-11 20:12:32] [build-stdout] [INFO] 
[2025-12-11 20:12:32] [build-stdout] [INFO] --- maven-enforcer-plugin:1.4.1:enforce (enforce-velocity-engine-core) @ xwiki-rendering-macro-content ---
[2025-12-11 20:12:32] [build-stdout] [INFO] 
[2025-12-11 20:12:32] [build-stdout] [INFO] --- maven-enforcer-plugin:1.4.1:enforce (enforce-asm) @ xwiki-rendering-macro-content ---
[2025-12-11 20:12:32] [build-stdout] [INFO] 
[2025-12-11 20:12:32] [build-stdout] [INFO] --- maven-enforcer-plugin:1.4.1:enforce (enforce-cglib) @ xwiki-rendering-macro-content ---
[2025-12-11 20:12:32] [build-stdout] [INFO] 
[2025-12-11 20:12:32] [build-stdout] [INFO] --- maven-enforcer-plugin:1.4.1:enforce (enforce-javase-dependencies) @ xwiki-rendering-macro-content ---
[2025-12-11 20:12:32] [build-stdout] [INFO] 
[2025-12-11 20:12:32] [build-stdout] [INFO] --- maven-enforcer-plugin:1.4.1:enforce (enforce-jsr305) @ xwiki-rendering-macro-content ---
[2025-12-11 20:12:32] [build-stdout] [INFO] 
[2025-12-11 20:12:32] [build-stdout] [INFO] --- maven-enforcer-plugin:1.4.1:enforce (enforce-jta) @ xwiki-rendering-macro-content ---
[2025-12-11 20:12:32] [build-stdout] [INFO] 
[2025-12-11 20:12:32] [build-stdout] [INFO] --- maven-enforcer-plugin:1.4.1:enforce (enforce-jakarta.validation-api) @ xwiki-rendering-macro-content ---
[2025-12-11 20:12:32] [build-stdout] [INFO] 
[2025-12-11 20:12:32] [build-stdout] [INFO] --- maven-enforcer-plugin:1.4.1:enforce (enforce-hibernate-validator) @ xwiki-rendering-macro-content ---
[2025-12-11 20:12:32] [build-stdout] [INFO] 
[2025-12-11 20:12:32] [build-stdout] [INFO] --- maven-enforcer-plugin:1.4.1:enforce (enforce-upper-bounds) @ xwiki-rendering-macro-content ---
[2025-12-11 20:12:32] [build-stdout] [INFO] 
[2025-12-11 20:12:32] [build-stdout] [INFO] --- maven-enforcer-plugin:1.4.1:enforce (enforce-no-legacy-dependencies) @ xwiki-rendering-macro-content ---
[2025-12-11 20:12:32] [build-stdout] [INFO] 
[2025-12-11 20:12:32] [build-stdout] [INFO] --- maven-enforcer-plugin:1.4.1:enforce (enforce-valid-poms) @ xwiki-rendering-macro-content ---
[2025-12-11 20:12:32] [build-stdout] [INFO] 
[2025-12-11 20:12:32] [build-stdout] [INFO] --- maven-enforcer-plugin:1.4.1:enforce (enforce-platform-isolation) @ xwiki-rendering-macro-content ---
[2025-12-11 20:12:32] [build-stdout] [INFO] 
[2025-12-11 20:12:32] [build-stdout] [INFO] --- maven-enforcer-plugin:1.4.1:enforce (check-dependency-version) @ xwiki-rendering-macro-content ---
[2025-12-11 20:12:32] [build-stdout] [INFO] 
[2025-12-11 20:12:32] [build-stdout] [INFO] --- maven-enforcer-plugin:1.4.1:enforce (enforce-banned-dependencies) @ xwiki-rendering-macro-content ---
[2025-12-11 20:12:32] [build-stdout] [INFO] 
[2025-12-11 20:12:32] [build-stdout] [INFO] --- xwiki-commons-tool-remote-resource-plugin:14.6:process (xwiki-license-resources) @ xwiki-rendering-macro-content ---
[2025-12-11 20:12:32] [build-stdout] [INFO] Preparing remote bundle org.xwiki.commons:xwiki-commons-tool-license-resources:14.6
[2025-12-11 20:12:32] [build-stdout] [INFO] Copying 2 resources from 1 bundle.
[2025-12-11 20:12:33] [build-stdout] [INFO] 
[2025-12-11 20:12:33] [build-stdout] [INFO] --- maven-resources-plugin:3.2.0:resources (default-resources) @ xwiki-rendering-macro-content ---
[2025-12-11 20:12:33] [build-stdout] [INFO] Using 'UTF-8' encoding to copy filtered resources.
[2025-12-11 20:12:33] [build-stdout] [INFO] Using 'UTF-8' encoding to copy filtered properties files.
[2025-12-11 20:12:33] [build-stdout] [INFO] Copying 12 resources
[2025-12-11 20:12:33] [build-stdout] [INFO] Copying 2 resources
[2025-12-11 20:12:33] [build-stdout] [INFO] 
[2025-12-11 20:12:33] [build-stdout] [INFO] --- maven-compiler-plugin:3.10.1:compile (default-compile) @ xwiki-rendering-macro-content ---
[2025-12-11 20:12:33] [build-stdout] [INFO] Loaded from the build cache, saving 85ms
[2025-12-11 20:12:33] [build-stdout] [INFO] 
[2025-12-11 20:12:33] [build-stdout] [INFO] --- maven-bundle-plugin:5.1.6:manifest (bundle-manifest) @ xwiki-rendering-macro-content ---
[2025-12-11 20:12:33] [build-stdout] [INFO] No MANIFEST.MF file found, generating manifest.
[2025-12-11 20:12:33] [build-stdout] [INFO] Writing manifest: /data/iris_projects/xwiki__xwiki-rendering_CVE-2023-32070_14.6/xwiki-rendering-macros/xwiki-rendering-macro-content/target/classes/META-INF/MANIFEST.MF
[2025-12-11 20:12:33] [build-stdout] [INFO] 
[2025-12-11 20:12:33] [build-stdout] [INFO] --- maven-resources-plugin:3.2.0:testResources (default-testResources) @ xwiki-rendering-macro-content ---
[2025-12-11 20:12:33] [build-stdout] [INFO] Using 'UTF-8' encoding to copy filtered resources.
[2025-12-11 20:12:33] [build-stdout] [INFO] Using 'UTF-8' encoding to copy filtered properties files.
[2025-12-11 20:12:33] [build-stdout] [INFO] Copying 3 resources
[2025-12-11 20:12:33] [build-stdout] [INFO] Copying 2 resources
[2025-12-11 20:12:33] [build-stdout] [INFO] 
[2025-12-11 20:12:33] [build-stdout] [INFO] --- maven-compiler-plugin:3.10.1:testCompile (default-testCompile) @ xwiki-rendering-macro-content ---
[2025-12-11 20:12:33] [build-stdout] [INFO] Loaded from the build cache, saving 106ms
[2025-12-11 20:12:33] [build-stdout] [INFO] 
[2025-12-11 20:12:33] [build-stdout] [INFO] --- maven-surefire-plugin:2.22.2:test (default-test) @ xwiki-rendering-macro-content ---
[2025-12-11 20:12:33] [build-stdout] [INFO] Tests are skipped.
[2025-12-11 20:12:33] [build-stdout] [INFO] Skipped
[2025-12-11 20:12:33] [build-stdout] [INFO] 
[2025-12-11 20:12:33] [build-stdout] [INFO] --- maven-jar-plugin:3.2.2:jar (default-jar) @ xwiki-rendering-macro-content ---
[2025-12-11 20:12:33] [build-stdout] [INFO] Building jar: /data/iris_projects/xwiki__xwiki-rendering_CVE-2023-32070_14.6/xwiki-rendering-macros/xwiki-rendering-macro-content/target/xwiki-rendering-macro-content-14.6.jar
[2025-12-11 20:12:33] [build-stdout] [INFO] 
[2025-12-11 20:12:33] [build-stdout] [INFO] ------------------------------------------------------------------------
[2025-12-11 20:12:33] [build-stdout] [INFO] Building XWiki Rendering - Macro - CTS Report 14.6
[2025-12-11 20:12:33] [build-stdout] [INFO] ------------------------------------------------------------------------
[2025-12-11 20:12:33] [build-stdout] [INFO] 
[2025-12-11 20:12:33] [build-stdout] [INFO] --- maven-clean-plugin:3.2.0:clean (default-clean) @ xwiki-rendering-macro-ctsreport ---
[2025-12-11 20:12:33] [build-stdout] [INFO] Deleting /data/iris_projects/xwiki__xwiki-rendering_CVE-2023-32070_14.6/xwiki-rendering-macros/xwiki-rendering-macro-ctsreport/target
[2025-12-11 20:12:33] [build-stdout] [INFO] 
[2025-12-11 20:12:33] [build-stdout] [INFO] --- maven-enforcer-plugin:1.4.1:enforce (enforce-plugins) @ xwiki-rendering-macro-ctsreport ---
[2025-12-11 20:12:33] [build-stdout] [INFO] 
[2025-12-11 20:12:33] [build-stdout] [INFO] --- maven-enforcer-plugin:1.4.1:enforce (enforce-jcl-log4j-isolation) @ xwiki-rendering-macro-ctsreport ---
[2025-12-11 20:12:33] [build-stdout] [INFO] 
[2025-12-11 20:12:33] [build-stdout] [INFO] --- maven-enforcer-plugin:1.4.1:enforce (enforce-jakarta.xml.bind-api) @ xwiki-rendering-macro-ctsreport ---
[2025-12-11 20:12:33] [build-stdout] [INFO] 
[2025-12-11 20:12:33] [build-stdout] [INFO] --- maven-enforcer-plugin:1.4.1:enforce (enforce-glasshfish-jaxb) @ xwiki-rendering-macro-ctsreport ---
[2025-12-11 20:12:33] [build-stdout] [INFO] 
[2025-12-11 20:12:33] [build-stdout] [INFO] --- maven-enforcer-plugin:1.4.1:enforce (enforce-jaxrs1) @ xwiki-rendering-macro-ctsreport ---
[2025-12-11 20:12:33] [build-stdout] [INFO] 
[2025-12-11 20:12:33] [build-stdout] [INFO] --- maven-enforcer-plugin:1.4.1:enforce (enforce-open-json) @ xwiki-rendering-macro-ctsreport ---
[2025-12-11 20:12:33] [build-stdout] [INFO] 
[2025-12-11 20:12:33] [build-stdout] [INFO] --- maven-enforcer-plugin:1.4.1:enforce (enforce-glassfish-el) @ xwiki-rendering-macro-ctsreport ---
[2025-12-11 20:12:33] [build-stdout] [INFO] 
[2025-12-11 20:12:33] [build-stdout] [INFO] --- maven-enforcer-plugin:1.4.1:enforce (enforce-commons-lang3) @ xwiki-rendering-macro-ctsreport ---
[2025-12-11 20:12:33] [build-stdout] [INFO] 
[2025-12-11 20:12:33] [build-stdout] [INFO] --- maven-enforcer-plugin:1.4.1:enforce (enforce-commons-configuration2) @ xwiki-rendering-macro-ctsreport ---
[2025-12-11 20:12:33] [build-stdout] [INFO] 
[2025-12-11 20:12:33] [build-stdout] [INFO] --- maven-enforcer-plugin:1.4.1:enforce (enforce-jakarta.activation-api) @ xwiki-rendering-macro-ctsreport ---
[2025-12-11 20:12:33] [build-stdout] [INFO] 
[2025-12-11 20:12:33] [build-stdout] [INFO] --- maven-enforcer-plugin:1.4.1:enforce (enforce-jakarta.activation) @ xwiki-rendering-macro-ctsreport ---
[2025-12-11 20:12:33] [build-stdout] [INFO] 
[2025-12-11 20:12:33] [build-stdout] [INFO] --- maven-enforcer-plugin:1.4.1:enforce (enforce-jakarta.mail-api) @ xwiki-rendering-macro-ctsreport ---
[2025-12-11 20:12:33] [build-stdout] [INFO] 
[2025-12-11 20:12:33] [build-stdout] [INFO] --- maven-enforcer-plugin:1.4.1:enforce (enforce-jakarta.mail) @ xwiki-rendering-macro-ctsreport ---
[2025-12-11 20:12:33] [build-stdout] [INFO] 
[2025-12-11 20:12:33] [build-stdout] [INFO] --- maven-enforcer-plugin:1.4.1:enforce (enforce-jakarta.annotation-api) @ xwiki-rendering-macro-ctsreport ---
[2025-12-11 20:12:33] [build-stdout] [INFO] 
[2025-12-11 20:12:33] [build-stdout] [INFO] --- maven-enforcer-plugin:1.4.1:enforce (enforce-bouncycastle-ids) @ xwiki-rendering-macro-ctsreport ---
[2025-12-11 20:12:33] [build-stdout] [INFO] 
[2025-12-11 20:12:33] [build-stdout] [INFO] --- maven-enforcer-plugin:1.4.1:enforce (enforce-velocity-engine-core) @ xwiki-rendering-macro-ctsreport ---
[2025-12-11 20:12:33] [build-stdout] [INFO] 
[2025-12-11 20:12:33] [build-stdout] [INFO] --- maven-enforcer-plugin:1.4.1:enforce (enforce-asm) @ xwiki-rendering-macro-ctsreport ---
[2025-12-11 20:12:33] [build-stdout] [INFO] 
[2025-12-11 20:12:33] [build-stdout] [INFO] --- maven-enforcer-plugin:1.4.1:enforce (enforce-cglib) @ xwiki-rendering-macro-ctsreport ---
[2025-12-11 20:12:33] [build-stdout] [INFO] 
[2025-12-11 20:12:33] [build-stdout] [INFO] --- maven-enforcer-plugin:1.4.1:enforce (enforce-javase-dependencies) @ xwiki-rendering-macro-ctsreport ---
[2025-12-11 20:12:33] [build-stdout] [INFO] 
[2025-12-11 20:12:33] [build-stdout] [INFO] --- maven-enforcer-plugin:1.4.1:enforce (enforce-jsr305) @ xwiki-rendering-macro-ctsreport ---
[2025-12-11 20:12:33] [build-stdout] [INFO] 
[2025-12-11 20:12:33] [build-stdout] [INFO] --- maven-enforcer-plugin:1.4.1:enforce (enforce-jta) @ xwiki-rendering-macro-ctsreport ---
[2025-12-11 20:12:33] [build-stdout] [INFO] 
[2025-12-11 20:12:33] [build-stdout] [INFO] --- maven-enforcer-plugin:1.4.1:enforce (enforce-jakarta.validation-api) @ xwiki-rendering-macro-ctsreport ---
[2025-12-11 20:12:33] [build-stdout] [INFO] 
[2025-12-11 20:12:33] [build-stdout] [INFO] --- maven-enforcer-plugin:1.4.1:enforce (enforce-hibernate-validator) @ xwiki-rendering-macro-ctsreport ---
[2025-12-11 20:12:33] [build-stdout] [INFO] 
[2025-12-11 20:12:33] [build-stdout] [INFO] --- maven-enforcer-plugin:1.4.1:enforce (enforce-upper-bounds) @ xwiki-rendering-macro-ctsreport ---
[2025-12-11 20:12:33] [build-stdout] [INFO] 
[2025-12-11 20:12:33] [build-stdout] [INFO] --- maven-enforcer-plugin:1.4.1:enforce (enforce-no-legacy-dependencies) @ xwiki-rendering-macro-ctsreport ---
[2025-12-11 20:12:33] [build-stdout] [INFO] 
[2025-12-11 20:12:33] [build-stdout] [INFO] --- maven-enforcer-plugin:1.4.1:enforce (enforce-valid-poms) @ xwiki-rendering-macro-ctsreport ---
[2025-12-11 20:12:33] [build-stdout] [INFO] 
[2025-12-11 20:12:33] [build-stdout] [INFO] --- maven-enforcer-plugin:1.4.1:enforce (enforce-platform-isolation) @ xwiki-rendering-macro-ctsreport ---
[2025-12-11 20:12:33] [build-stdout] [INFO] 
[2025-12-11 20:12:33] [build-stdout] [INFO] --- maven-enforcer-plugin:1.4.1:enforce (check-dependency-version) @ xwiki-rendering-macro-ctsreport ---
[2025-12-11 20:12:33] [build-stdout] [INFO] 
[2025-12-11 20:12:33] [build-stdout] [INFO] --- maven-enforcer-plugin:1.4.1:enforce (enforce-banned-dependencies) @ xwiki-rendering-macro-ctsreport ---
[2025-12-11 20:12:33] [build-stdout] [INFO] 
[2025-12-11 20:12:33] [build-stdout] [INFO] --- xwiki-commons-tool-remote-resource-plugin:14.6:process (xwiki-license-resources) @ xwiki-rendering-macro-ctsreport ---
[2025-12-11 20:12:33] [build-stdout] [INFO] Preparing remote bundle org.xwiki.commons:xwiki-commons-tool-license-resources:14.6
[2025-12-11 20:12:33] [build-stdout] [INFO] Copying 2 resources from 1 bundle.
[2025-12-11 20:12:34] [build-stdout] [INFO] 
[2025-12-11 20:12:34] [build-stdout] [INFO] --- maven-resources-plugin:3.2.0:resources (default-resources) @ xwiki-rendering-macro-ctsreport ---
[2025-12-11 20:12:34] [build-stdout] [INFO] Using 'UTF-8' encoding to copy filtered resources.
[2025-12-11 20:12:34] [build-stdout] [INFO] Using 'UTF-8' encoding to copy filtered properties files.
[2025-12-11 20:12:34] [build-stdout] [INFO] Copying 1 resource
[2025-12-11 20:12:34] [build-stdout] [INFO] Copying 2 resources
[2025-12-11 20:12:34] [build-stdout] [INFO] 
[2025-12-11 20:12:34] [build-stdout] [INFO] --- maven-compiler-plugin:3.10.1:compile (default-compile) @ xwiki-rendering-macro-ctsreport ---
[2025-12-11 20:12:34] [build-stdout] [INFO] Loaded from the build cache, saving 83ms
[2025-12-11 20:12:34] [build-stdout] [INFO] 
[2025-12-11 20:12:34] [build-stdout] [INFO] --- maven-bundle-plugin:5.1.6:manifest (bundle-manifest) @ xwiki-rendering-macro-ctsreport ---
[2025-12-11 20:12:34] [build-stdout] [INFO] No MANIFEST.MF file found, generating manifest.
[2025-12-11 20:12:34] [build-stdout] [INFO] Writing manifest: /data/iris_projects/xwiki__xwiki-rendering_CVE-2023-32070_14.6/xwiki-rendering-macros/xwiki-rendering-macro-ctsreport/target/classes/META-INF/MANIFEST.MF
[2025-12-11 20:12:34] [build-stdout] [INFO] 
[2025-12-11 20:12:34] [build-stdout] [INFO] --- maven-resources-plugin:3.2.0:testResources (default-testResources) @ xwiki-rendering-macro-ctsreport ---
[2025-12-11 20:12:34] [build-stdout] [INFO] Using 'UTF-8' encoding to copy filtered resources.
[2025-12-11 20:12:34] [build-stdout] [INFO] Using 'UTF-8' encoding to copy filtered properties files.
[2025-12-11 20:12:34] [build-stdout] [INFO] Copying 1 resource
[2025-12-11 20:12:34] [build-stdout] [INFO] Copying 2 resources
[2025-12-11 20:12:34] [build-stdout] [INFO] 
[2025-12-11 20:12:34] [build-stdout] [INFO] --- maven-compiler-plugin:3.10.1:testCompile (default-testCompile) @ xwiki-rendering-macro-ctsreport ---
[2025-12-11 20:12:34] [build-stdout] [INFO] Loaded from the build cache, saving 105ms
[2025-12-11 20:12:34] [build-stdout] [INFO] 
[2025-12-11 20:12:34] [build-stdout] [INFO] --- maven-surefire-plugin:2.22.2:test (default-test) @ xwiki-rendering-macro-ctsreport ---
[2025-12-11 20:12:34] [build-stdout] [INFO] Tests are skipped.
[2025-12-11 20:12:34] [build-stdout] [INFO] Skipped
[2025-12-11 20:12:34] [build-stdout] [INFO] 
[2025-12-11 20:12:34] [build-stdout] [INFO] --- maven-jar-plugin:3.2.2:jar (default-jar) @ xwiki-rendering-macro-ctsreport ---
[2025-12-11 20:12:34] [build-stdout] [INFO] Building jar: /data/iris_projects/xwiki__xwiki-rendering_CVE-2023-32070_14.6/xwiki-rendering-macros/xwiki-rendering-macro-ctsreport/target/xwiki-rendering-macro-ctsreport-14.6.jar
[2025-12-11 20:12:34] [build-stdout] [INFO] 
[2025-12-11 20:12:34] [build-stdout] [INFO] ------------------------------------------------------------------------
[2025-12-11 20:12:34] [build-stdout] [INFO] Building XWiki Rendering - Macro - Message 14.6
[2025-12-11 20:12:34] [build-stdout] [INFO] ------------------------------------------------------------------------
[2025-12-11 20:12:34] [build-stdout] [INFO] 
[2025-12-11 20:12:34] [build-stdout] [INFO] --- maven-clean-plugin:3.2.0:clean (default-clean) @ xwiki-rendering-macro-message ---
[2025-12-11 20:12:34] [build-stdout] [INFO] Deleting /data/iris_projects/xwiki__xwiki-rendering_CVE-2023-32070_14.6/xwiki-rendering-macros/xwiki-rendering-macro-message/target
[2025-12-11 20:12:34] [build-stdout] [INFO] 
[2025-12-11 20:12:34] [build-stdout] [INFO] --- maven-enforcer-plugin:1.4.1:enforce (enforce-plugins) @ xwiki-rendering-macro-message ---
[2025-12-11 20:12:34] [build-stdout] [INFO] 
[2025-12-11 20:12:34] [build-stdout] [INFO] --- maven-enforcer-plugin:1.4.1:enforce (enforce-jcl-log4j-isolation) @ xwiki-rendering-macro-message ---
[2025-12-11 20:12:34] [build-stdout] [INFO] 
[2025-12-11 20:12:34] [build-stdout] [INFO] --- maven-enforcer-plugin:1.4.1:enforce (enforce-jakarta.xml.bind-api) @ xwiki-rendering-macro-message ---
[2025-12-11 20:12:34] [build-stdout] [INFO] 
[2025-12-11 20:12:34] [build-stdout] [INFO] --- maven-enforcer-plugin:1.4.1:enforce (enforce-glasshfish-jaxb) @ xwiki-rendering-macro-message ---
[2025-12-11 20:12:34] [build-stdout] [INFO] 
[2025-12-11 20:12:34] [build-stdout] [INFO] --- maven-enforcer-plugin:1.4.1:enforce (enforce-jaxrs1) @ xwiki-rendering-macro-message ---
[2025-12-11 20:12:34] [build-stdout] [INFO] 
[2025-12-11 20:12:34] [build-stdout] [INFO] --- maven-enforcer-plugin:1.4.1:enforce (enforce-open-json) @ xwiki-rendering-macro-message ---
[2025-12-11 20:12:34] [build-stdout] [INFO] 
[2025-12-11 20:12:34] [build-stdout] [INFO] --- maven-enforcer-plugin:1.4.1:enforce (enforce-glassfish-el) @ xwiki-rendering-macro-message ---
[2025-12-11 20:12:34] [build-stdout] [INFO] 
[2025-12-11 20:12:34] [build-stdout] [INFO] --- maven-enforcer-plugin:1.4.1:enforce (enforce-commons-lang3) @ xwiki-rendering-macro-message ---
[2025-12-11 20:12:34] [build-stdout] [INFO] 
[2025-12-11 20:12:34] [build-stdout] [INFO] --- maven-enforcer-plugin:1.4.1:enforce (enforce-commons-configuration2) @ xwiki-rendering-macro-message ---
[2025-12-11 20:12:34] [build-stdout] [INFO] 
[2025-12-11 20:12:34] [build-stdout] [INFO] --- maven-enforcer-plugin:1.4.1:enforce (enforce-jakarta.activation-api) @ xwiki-rendering-macro-message ---
[2025-12-11 20:12:34] [build-stdout] [INFO] 
[2025-12-11 20:12:34] [build-stdout] [INFO] --- maven-enforcer-plugin:1.4.1:enforce (enforce-jakarta.activation) @ xwiki-rendering-macro-message ---
[2025-12-11 20:12:34] [build-stdout] [INFO] 
[2025-12-11 20:12:34] [build-stdout] [INFO] --- maven-enforcer-plugin:1.4.1:enforce (enforce-jakarta.mail-api) @ xwiki-rendering-macro-message ---
[2025-12-11 20:12:34] [build-stdout] [INFO] 
[2025-12-11 20:12:34] [build-stdout] [INFO] --- maven-enforcer-plugin:1.4.1:enforce (enforce-jakarta.mail) @ xwiki-rendering-macro-message ---
[2025-12-11 20:12:34] [build-stdout] [INFO] 
[2025-12-11 20:12:34] [build-stdout] [INFO] --- maven-enforcer-plugin:1.4.1:enforce (enforce-jakarta.annotation-api) @ xwiki-rendering-macro-message ---
[2025-12-11 20:12:34] [build-stdout] [INFO] 
[2025-12-11 20:12:34] [build-stdout] [INFO] --- maven-enforcer-plugin:1.4.1:enforce (enforce-bouncycastle-ids) @ xwiki-rendering-macro-message ---
[2025-12-11 20:12:34] [build-stdout] [INFO] 
[2025-12-11 20:12:34] [build-stdout] [INFO] --- maven-enforcer-plugin:1.4.1:enforce (enforce-velocity-engine-core) @ xwiki-rendering-macro-message ---
[2025-12-11 20:12:34] [build-stdout] [INFO] 
[2025-12-11 20:12:34] [build-stdout] [INFO] --- maven-enforcer-plugin:1.4.1:enforce (enforce-asm) @ xwiki-rendering-macro-message ---
[2025-12-11 20:12:34] [build-stdout] [INFO] 
[2025-12-11 20:12:34] [build-stdout] [INFO] --- maven-enforcer-plugin:1.4.1:enforce (enforce-cglib) @ xwiki-rendering-macro-message ---
[2025-12-11 20:12:34] [build-stdout] [INFO] 
[2025-12-11 20:12:34] [build-stdout] [INFO] --- maven-enforcer-plugin:1.4.1:enforce (enforce-javase-dependencies) @ xwiki-rendering-macro-message ---
[2025-12-11 20:12:34] [build-stdout] [INFO] 
[2025-12-11 20:12:34] [build-stdout] [INFO] --- maven-enforcer-plugin:1.4.1:enforce (enforce-jsr305) @ xwiki-rendering-macro-message ---
[2025-12-11 20:12:34] [build-stdout] [INFO] 
[2025-12-11 20:12:34] [build-stdout] [INFO] --- maven-enforcer-plugin:1.4.1:enforce (enforce-jta) @ xwiki-rendering-macro-message ---
[2025-12-11 20:12:34] [build-stdout] [INFO] 
[2025-12-11 20:12:34] [build-stdout] [INFO] --- maven-enforcer-plugin:1.4.1:enforce (enforce-jakarta.validation-api) @ xwiki-rendering-macro-message ---
[2025-12-11 20:12:34] [build-stdout] [INFO] 
[2025-12-11 20:12:34] [build-stdout] [INFO] --- maven-enforcer-plugin:1.4.1:enforce (enforce-hibernate-validator) @ xwiki-rendering-macro-message ---
[2025-12-11 20:12:34] [build-stdout] [INFO] 
[2025-12-11 20:12:34] [build-stdout] [INFO] --- maven-enforcer-plugin:1.4.1:enforce (enforce-upper-bounds) @ xwiki-rendering-macro-message ---
[2025-12-11 20:12:34] [build-stdout] [INFO] 
[2025-12-11 20:12:34] [build-stdout] [INFO] --- maven-enforcer-plugin:1.4.1:enforce (enforce-no-legacy-dependencies) @ xwiki-rendering-macro-message ---
[2025-12-11 20:12:34] [build-stdout] [INFO] 
[2025-12-11 20:12:34] [build-stdout] [INFO] --- maven-enforcer-plugin:1.4.1:enforce (enforce-valid-poms) @ xwiki-rendering-macro-message ---
[2025-12-11 20:12:34] [build-stdout] [INFO] 
[2025-12-11 20:12:34] [build-stdout] [INFO] --- maven-enforcer-plugin:1.4.1:enforce (enforce-platform-isolation) @ xwiki-rendering-macro-message ---
[2025-12-11 20:12:34] [build-stdout] [INFO] 
[2025-12-11 20:12:34] [build-stdout] [INFO] --- maven-enforcer-plugin:1.4.1:enforce (check-dependency-version) @ xwiki-rendering-macro-message ---
[2025-12-11 20:12:34] [build-stdout] [INFO] 
[2025-12-11 20:12:34] [build-stdout] [INFO] --- maven-enforcer-plugin:1.4.1:enforce (enforce-banned-dependencies) @ xwiki-rendering-macro-message ---
[2025-12-11 20:12:34] [build-stdout] [INFO] 
[2025-12-11 20:12:34] [build-stdout] [INFO] --- xwiki-commons-tool-remote-resource-plugin:14.6:process (xwiki-license-resources) @ xwiki-rendering-macro-message ---
[2025-12-11 20:12:34] [build-stdout] [INFO] Preparing remote bundle org.xwiki.commons:xwiki-commons-tool-license-resources:14.6
[2025-12-11 20:12:34] [build-stdout] [INFO] Copying 2 resources from 1 bundle.
[2025-12-11 20:12:34] [build-stdout] [INFO] 
[2025-12-11 20:12:34] [build-stdout] [INFO] --- maven-resources-plugin:3.2.0:resources (default-resources) @ xwiki-rendering-macro-message ---
[2025-12-11 20:12:34] [build-stdout] [INFO] Using 'UTF-8' encoding to copy filtered resources.
[2025-12-11 20:12:34] [build-stdout] [INFO] Using 'UTF-8' encoding to copy filtered properties files.
[2025-12-11 20:12:34] [build-stdout] [INFO] Copying 1 resource
[2025-12-11 20:12:34] [build-stdout] [INFO] Copying 2 resources
[2025-12-11 20:12:34] [build-stdout] [INFO] 
[2025-12-11 20:12:34] [build-stdout] [INFO] --- maven-compiler-plugin:3.10.1:compile (default-compile) @ xwiki-rendering-macro-message ---
[2025-12-11 20:12:34] [build-stdout] [INFO] Loaded from the build cache, saving 85ms
[2025-12-11 20:12:34] [build-stdout] [INFO] 
[2025-12-11 20:12:34] [build-stdout] [INFO] --- maven-bundle-plugin:5.1.6:manifest (bundle-manifest) @ xwiki-rendering-macro-message ---
[2025-12-11 20:12:34] [build-stdout] [INFO] No MANIFEST.MF file found, generating manifest.
[2025-12-11 20:12:34] [build-stdout] [INFO] Writing manifest: /data/iris_projects/xwiki__xwiki-rendering_CVE-2023-32070_14.6/xwiki-rendering-macros/xwiki-rendering-macro-message/target/classes/META-INF/MANIFEST.MF
[2025-12-11 20:12:34] [build-stdout] [INFO] 
[2025-12-11 20:12:34] [build-stdout] [INFO] --- maven-resources-plugin:3.2.0:testResources (default-testResources) @ xwiki-rendering-macro-message ---
[2025-12-11 20:12:35] [build-stdout] [INFO] Using 'UTF-8' encoding to copy filtered resources.
[2025-12-11 20:12:35] [build-stdout] [INFO] Using 'UTF-8' encoding to copy filtered properties files.
[2025-12-11 20:12:35] [build-stdout] [INFO] Copying 4 resources
[2025-12-11 20:12:35] [build-stdout] [INFO] Copying 2 resources
[2025-12-11 20:12:35] [build-stdout] [INFO] 
[2025-12-11 20:12:35] [build-stdout] [INFO] --- maven-compiler-plugin:3.10.1:testCompile (default-testCompile) @ xwiki-rendering-macro-message ---
[2025-12-11 20:12:35] [build-stdout] [INFO] Loaded from the build cache, saving 103ms
[2025-12-11 20:12:35] [build-stdout] [INFO] 
[2025-12-11 20:12:35] [build-stdout] [INFO] --- maven-surefire-plugin:2.22.2:test (default-test) @ xwiki-rendering-macro-message ---
[2025-12-11 20:12:35] [build-stdout] [INFO] Tests are skipped.
[2025-12-11 20:12:35] [build-stdout] [INFO] Skipped
[2025-12-11 20:12:35] [build-stdout] [INFO] 
[2025-12-11 20:12:35] [build-stdout] [INFO] --- maven-jar-plugin:3.2.2:jar (default-jar) @ xwiki-rendering-macro-message ---
[2025-12-11 20:12:35] [build-stdout] [INFO] Building jar: /data/iris_projects/xwiki__xwiki-rendering_CVE-2023-32070_14.6/xwiki-rendering-macros/xwiki-rendering-macro-message/target/xwiki-rendering-macro-message-14.6.jar
[2025-12-11 20:12:35] [build-stdout] [INFO] 
[2025-12-11 20:12:35] [build-stdout] [INFO] ------------------------------------------------------------------------
[2025-12-11 20:12:35] [build-stdout] [INFO] Building XWiki Rendering - Macro - Footnotes 14.6
[2025-12-11 20:12:35] [build-stdout] [INFO] ------------------------------------------------------------------------
[2025-12-11 20:12:35] [build-stdout] [INFO] 
[2025-12-11 20:12:35] [build-stdout] [INFO] --- maven-clean-plugin:3.2.0:clean (default-clean) @ xwiki-rendering-macro-footnotes ---
[2025-12-11 20:12:35] [build-stdout] [INFO] Deleting /data/iris_projects/xwiki__xwiki-rendering_CVE-2023-32070_14.6/xwiki-rendering-macros/xwiki-rendering-macro-footnotes/target
[2025-12-11 20:12:35] [build-stdout] [INFO] 
[2025-12-11 20:12:35] [build-stdout] [INFO] --- maven-enforcer-plugin:1.4.1:enforce (enforce-plugins) @ xwiki-rendering-macro-footnotes ---
[2025-12-11 20:12:35] [build-stdout] [INFO] 
[2025-12-11 20:12:35] [build-stdout] [INFO] --- maven-enforcer-plugin:1.4.1:enforce (enforce-jcl-log4j-isolation) @ xwiki-rendering-macro-footnotes ---
[2025-12-11 20:12:35] [build-stdout] [INFO] 
[2025-12-11 20:12:35] [build-stdout] [INFO] --- maven-enforcer-plugin:1.4.1:enforce (enforce-jakarta.xml.bind-api) @ xwiki-rendering-macro-footnotes ---
[2025-12-11 20:12:35] [build-stdout] [INFO] 
[2025-12-11 20:12:35] [build-stdout] [INFO] --- maven-enforcer-plugin:1.4.1:enforce (enforce-glasshfish-jaxb) @ xwiki-rendering-macro-footnotes ---
[2025-12-11 20:12:35] [build-stdout] [INFO] 
[2025-12-11 20:12:35] [build-stdout] [INFO] --- maven-enforcer-plugin:1.4.1:enforce (enforce-jaxrs1) @ xwiki-rendering-macro-footnotes ---
[2025-12-11 20:12:35] [build-stdout] [INFO] 
[2025-12-11 20:12:35] [build-stdout] [INFO] --- maven-enforcer-plugin:1.4.1:enforce (enforce-open-json) @ xwiki-rendering-macro-footnotes ---
[2025-12-11 20:12:35] [build-stdout] [INFO] 
[2025-12-11 20:12:35] [build-stdout] [INFO] --- maven-enforcer-plugin:1.4.1:enforce (enforce-glassfish-el) @ xwiki-rendering-macro-footnotes ---
[2025-12-11 20:12:35] [build-stdout] [INFO] 
[2025-12-11 20:12:35] [build-stdout] [INFO] --- maven-enforcer-plugin:1.4.1:enforce (enforce-commons-lang3) @ xwiki-rendering-macro-footnotes ---
[2025-12-11 20:12:35] [build-stdout] [INFO] 
[2025-12-11 20:12:35] [build-stdout] [INFO] --- maven-enforcer-plugin:1.4.1:enforce (enforce-commons-configuration2) @ xwiki-rendering-macro-footnotes ---
[2025-12-11 20:12:35] [build-stdout] [INFO] 
[2025-12-11 20:12:35] [build-stdout] [INFO] --- maven-enforcer-plugin:1.4.1:enforce (enforce-jakarta.activation-api) @ xwiki-rendering-macro-footnotes ---
[2025-12-11 20:12:35] [build-stdout] [INFO] 
[2025-12-11 20:12:35] [build-stdout] [INFO] --- maven-enforcer-plugin:1.4.1:enforce (enforce-jakarta.activation) @ xwiki-rendering-macro-footnotes ---
[2025-12-11 20:12:35] [build-stdout] [INFO] 
[2025-12-11 20:12:35] [build-stdout] [INFO] --- maven-enforcer-plugin:1.4.1:enforce (enforce-jakarta.mail-api) @ xwiki-rendering-macro-footnotes ---
[2025-12-11 20:12:35] [build-stdout] [INFO] 
[2025-12-11 20:12:35] [build-stdout] [INFO] --- maven-enforcer-plugin:1.4.1:enforce (enforce-jakarta.mail) @ xwiki-rendering-macro-footnotes ---
[2025-12-11 20:12:35] [build-stdout] [INFO] 
[2025-12-11 20:12:35] [build-stdout] [INFO] --- maven-enforcer-plugin:1.4.1:enforce (enforce-jakarta.annotation-api) @ xwiki-rendering-macro-footnotes ---
[2025-12-11 20:12:35] [build-stdout] [INFO] 
[2025-12-11 20:12:35] [build-stdout] [INFO] --- maven-enforcer-plugin:1.4.1:enforce (enforce-bouncycastle-ids) @ xwiki-rendering-macro-footnotes ---
[2025-12-11 20:12:35] [build-stdout] [INFO] 
[2025-12-11 20:12:35] [build-stdout] [INFO] --- maven-enforcer-plugin:1.4.1:enforce (enforce-velocity-engine-core) @ xwiki-rendering-macro-footnotes ---
[2025-12-11 20:12:35] [build-stdout] [INFO] 
[2025-12-11 20:12:35] [build-stdout] [INFO] --- maven-enforcer-plugin:1.4.1:enforce (enforce-asm) @ xwiki-rendering-macro-footnotes ---
[2025-12-11 20:12:35] [build-stdout] [INFO] 
[2025-12-11 20:12:35] [build-stdout] [INFO] --- maven-enforcer-plugin:1.4.1:enforce (enforce-cglib) @ xwiki-rendering-macro-footnotes ---
[2025-12-11 20:12:35] [build-stdout] [INFO] 
[2025-12-11 20:12:35] [build-stdout] [INFO] --- maven-enforcer-plugin:1.4.1:enforce (enforce-javase-dependencies) @ xwiki-rendering-macro-footnotes ---
[2025-12-11 20:12:35] [build-stdout] [INFO] 
[2025-12-11 20:12:35] [build-stdout] [INFO] --- maven-enforcer-plugin:1.4.1:enforce (enforce-jsr305) @ xwiki-rendering-macro-footnotes ---
[2025-12-11 20:12:35] [build-stdout] [INFO] 
[2025-12-11 20:12:35] [build-stdout] [INFO] --- maven-enforcer-plugin:1.4.1:enforce (enforce-jta) @ xwiki-rendering-macro-footnotes ---
[2025-12-11 20:12:35] [build-stdout] [INFO] 
[2025-12-11 20:12:35] [build-stdout] [INFO] --- maven-enforcer-plugin:1.4.1:enforce (enforce-jakarta.validation-api) @ xwiki-rendering-macro-footnotes ---
[2025-12-11 20:12:35] [build-stdout] [INFO] 
[2025-12-11 20:12:35] [build-stdout] [INFO] --- maven-enforcer-plugin:1.4.1:enforce (enforce-hibernate-validator) @ xwiki-rendering-macro-footnotes ---
[2025-12-11 20:12:35] [build-stdout] [INFO] 
[2025-12-11 20:12:35] [build-stdout] [INFO] --- maven-enforcer-plugin:1.4.1:enforce (enforce-upper-bounds) @ xwiki-rendering-macro-footnotes ---
[2025-12-11 20:12:35] [build-stdout] [INFO] 
[2025-12-11 20:12:35] [build-stdout] [INFO] --- maven-enforcer-plugin:1.4.1:enforce (enforce-no-legacy-dependencies) @ xwiki-rendering-macro-footnotes ---
[2025-12-11 20:12:35] [build-stdout] [INFO] 
[2025-12-11 20:12:35] [build-stdout] [INFO] --- maven-enforcer-plugin:1.4.1:enforce (enforce-valid-poms) @ xwiki-rendering-macro-footnotes ---
[2025-12-11 20:12:35] [build-stdout] [INFO] 
[2025-12-11 20:12:35] [build-stdout] [INFO] --- maven-enforcer-plugin:1.4.1:enforce (enforce-platform-isolation) @ xwiki-rendering-macro-footnotes ---
[2025-12-11 20:12:35] [build-stdout] [INFO] 
[2025-12-11 20:12:35] [build-stdout] [INFO] --- maven-enforcer-plugin:1.4.1:enforce (check-dependency-version) @ xwiki-rendering-macro-footnotes ---
[2025-12-11 20:12:35] [build-stdout] [INFO] 
[2025-12-11 20:12:35] [build-stdout] [INFO] --- maven-enforcer-plugin:1.4.1:enforce (enforce-banned-dependencies) @ xwiki-rendering-macro-footnotes ---
[2025-12-11 20:12:35] [build-stdout] [INFO] 
[2025-12-11 20:12:35] [build-stdout] [INFO] --- xwiki-commons-tool-remote-resource-plugin:14.6:process (xwiki-license-resources) @ xwiki-rendering-macro-footnotes ---
[2025-12-11 20:12:35] [build-stdout] [INFO] Preparing remote bundle org.xwiki.commons:xwiki-commons-tool-license-resources:14.6
[2025-12-11 20:12:35] [build-stdout] [INFO] Copying 2 resources from 1 bundle.
[2025-12-11 20:12:35] [build-stdout] [INFO] 
[2025-12-11 20:12:35] [build-stdout] [INFO] --- maven-resources-plugin:3.2.0:resources (default-resources) @ xwiki-rendering-macro-footnotes ---
[2025-12-11 20:12:35] [build-stdout] [INFO] Using 'UTF-8' encoding to copy filtered resources.
[2025-12-11 20:12:35] [build-stdout] [INFO] Using 'UTF-8' encoding to copy filtered properties files.
[2025-12-11 20:12:35] [build-stdout] [INFO] Copying 1 resource
[2025-12-11 20:12:35] [build-stdout] [INFO] Copying 2 resources
[2025-12-11 20:12:35] [build-stdout] [INFO] 
[2025-12-11 20:12:35] [build-stdout] [INFO] --- maven-compiler-plugin:3.10.1:compile (default-compile) @ xwiki-rendering-macro-footnotes ---
[2025-12-11 20:12:35] [build-stdout] [INFO] Loaded from the build cache, saving 80ms
[2025-12-11 20:12:35] [build-stdout] [INFO] 
[2025-12-11 20:12:35] [build-stdout] [INFO] --- maven-bundle-plugin:5.1.6:manifest (bundle-manifest) @ xwiki-rendering-macro-footnotes ---
[2025-12-11 20:12:35] [build-stdout] [INFO] No MANIFEST.MF file found, generating manifest.
[2025-12-11 20:12:35] [build-stdout] [INFO] Writing manifest: /data/iris_projects/xwiki__xwiki-rendering_CVE-2023-32070_14.6/xwiki-rendering-macros/xwiki-rendering-macro-footnotes/target/classes/META-INF/MANIFEST.MF
[2025-12-11 20:12:35] [build-stdout] [INFO] 
[2025-12-11 20:12:35] [build-stdout] [INFO] --- maven-resources-plugin:3.2.0:testResources (default-testResources) @ xwiki-rendering-macro-footnotes ---
[2025-12-11 20:12:35] [build-stdout] [INFO] Using 'UTF-8' encoding to copy filtered resources.
[2025-12-11 20:12:35] [build-stdout] [INFO] Using 'UTF-8' encoding to copy filtered properties files.
[2025-12-11 20:12:35] [build-stdout] [INFO] Copying 5 resources
[2025-12-11 20:12:35] [build-stdout] [INFO] Copying 2 resources
[2025-12-11 20:12:35] [build-stdout] [INFO] 
[2025-12-11 20:12:35] [build-stdout] [INFO] --- maven-compiler-plugin:3.10.1:testCompile (default-testCompile) @ xwiki-rendering-macro-footnotes ---
[2025-12-11 20:12:35] [build-stdout] [INFO] Loaded from the build cache, saving 97ms
[2025-12-11 20:12:35] [build-stdout] [INFO] 
[2025-12-11 20:12:35] [build-stdout] [INFO] --- maven-surefire-plugin:2.22.2:test (default-test) @ xwiki-rendering-macro-footnotes ---
[2025-12-11 20:12:35] [build-stdout] [INFO] Tests are skipped.
[2025-12-11 20:12:35] [build-stdout] [INFO] Skipped
[2025-12-11 20:12:35] [build-stdout] [INFO] 
[2025-12-11 20:12:35] [build-stdout] [INFO] --- maven-jar-plugin:3.2.2:jar (default-jar) @ xwiki-rendering-macro-footnotes ---
[2025-12-11 20:12:35] [build-stdout] [INFO] Building jar: /data/iris_projects/xwiki__xwiki-rendering_CVE-2023-32070_14.6/xwiki-rendering-macros/xwiki-rendering-macro-footnotes/target/xwiki-rendering-macro-footnotes-14.6.jar
[2025-12-11 20:12:35] [build-stdout] [INFO] 
[2025-12-11 20:12:35] [build-stdout] [INFO] ------------------------------------------------------------------------
[2025-12-11 20:12:35] [build-stdout] [INFO] Building XWiki Rendering - Macro - Toc 14.6
[2025-12-11 20:12:35] [build-stdout] [INFO] ------------------------------------------------------------------------
[2025-12-11 20:12:35] [build-stdout] [INFO] 
[2025-12-11 20:12:35] [build-stdout] [INFO] --- maven-clean-plugin:3.2.0:clean (default-clean) @ xwiki-rendering-macro-toc ---
[2025-12-11 20:12:35] [build-stdout] [INFO] Deleting /data/iris_projects/xwiki__xwiki-rendering_CVE-2023-32070_14.6/xwiki-rendering-macros/xwiki-rendering-macro-toc/target
[2025-12-11 20:12:35] [build-stdout] [INFO] 
[2025-12-11 20:12:35] [build-stdout] [INFO] --- maven-enforcer-plugin:1.4.1:enforce (enforce-plugins) @ xwiki-rendering-macro-toc ---
[2025-12-11 20:12:35] [build-stdout] [INFO] 
[2025-12-11 20:12:35] [build-stdout] [INFO] --- maven-enforcer-plugin:1.4.1:enforce (enforce-jcl-log4j-isolation) @ xwiki-rendering-macro-toc ---
[2025-12-11 20:12:35] [build-stdout] [INFO] 
[2025-12-11 20:12:35] [build-stdout] [INFO] --- maven-enforcer-plugin:1.4.1:enforce (enforce-jakarta.xml.bind-api) @ xwiki-rendering-macro-toc ---
[2025-12-11 20:12:35] [build-stdout] [INFO] 
[2025-12-11 20:12:35] [build-stdout] [INFO] --- maven-enforcer-plugin:1.4.1:enforce (enforce-glasshfish-jaxb) @ xwiki-rendering-macro-toc ---
[2025-12-11 20:12:35] [build-stdout] [INFO] 
[2025-12-11 20:12:35] [build-stdout] [INFO] --- maven-enforcer-plugin:1.4.1:enforce (enforce-jaxrs1) @ xwiki-rendering-macro-toc ---
[2025-12-11 20:12:35] [build-stdout] [INFO] 
[2025-12-11 20:12:35] [build-stdout] [INFO] --- maven-enforcer-plugin:1.4.1:enforce (enforce-open-json) @ xwiki-rendering-macro-toc ---
[2025-12-11 20:12:35] [build-stdout] [INFO] 
[2025-12-11 20:12:35] [build-stdout] [INFO] --- maven-enforcer-plugin:1.4.1:enforce (enforce-glassfish-el) @ xwiki-rendering-macro-toc ---
[2025-12-11 20:12:35] [build-stdout] [INFO] 
[2025-12-11 20:12:35] [build-stdout] [INFO] --- maven-enforcer-plugin:1.4.1:enforce (enforce-commons-lang3) @ xwiki-rendering-macro-toc ---
[2025-12-11 20:12:35] [build-stdout] [INFO] 
[2025-12-11 20:12:35] [build-stdout] [INFO] --- maven-enforcer-plugin:1.4.1:enforce (enforce-commons-configuration2) @ xwiki-rendering-macro-toc ---
[2025-12-11 20:12:35] [build-stdout] [INFO] 
[2025-12-11 20:12:35] [build-stdout] [INFO] --- maven-enforcer-plugin:1.4.1:enforce (enforce-jakarta.activation-api) @ xwiki-rendering-macro-toc ---
[2025-12-11 20:12:35] [build-stdout] [INFO] 
[2025-12-11 20:12:35] [build-stdout] [INFO] --- maven-enforcer-plugin:1.4.1:enforce (enforce-jakarta.activation) @ xwiki-rendering-macro-toc ---
[2025-12-11 20:12:35] [build-stdout] [INFO] 
[2025-12-11 20:12:35] [build-stdout] [INFO] --- maven-enforcer-plugin:1.4.1:enforce (enforce-jakarta.mail-api) @ xwiki-rendering-macro-toc ---
[2025-12-11 20:12:35] [build-stdout] [INFO] 
[2025-12-11 20:12:35] [build-stdout] [INFO] --- maven-enforcer-plugin:1.4.1:enforce (enforce-jakarta.mail) @ xwiki-rendering-macro-toc ---
[2025-12-11 20:12:35] [build-stdout] [INFO] 
[2025-12-11 20:12:35] [build-stdout] [INFO] --- maven-enforcer-plugin:1.4.1:enforce (enforce-jakarta.annotation-api) @ xwiki-rendering-macro-toc ---
[2025-12-11 20:12:35] [build-stdout] [INFO] 
[2025-12-11 20:12:35] [build-stdout] [INFO] --- maven-enforcer-plugin:1.4.1:enforce (enforce-bouncycastle-ids) @ xwiki-rendering-macro-toc ---
[2025-12-11 20:12:35] [build-stdout] [INFO] 
[2025-12-11 20:12:35] [build-stdout] [INFO] --- maven-enforcer-plugin:1.4.1:enforce (enforce-velocity-engine-core) @ xwiki-rendering-macro-toc ---
[2025-12-11 20:12:36] [build-stdout] [INFO] 
[2025-12-11 20:12:36] [build-stdout] [INFO] --- maven-enforcer-plugin:1.4.1:enforce (enforce-asm) @ xwiki-rendering-macro-toc ---
[2025-12-11 20:12:36] [build-stdout] [INFO] 
[2025-12-11 20:12:36] [build-stdout] [INFO] --- maven-enforcer-plugin:1.4.1:enforce (enforce-cglib) @ xwiki-rendering-macro-toc ---
[2025-12-11 20:12:36] [build-stdout] [INFO] 
[2025-12-11 20:12:36] [build-stdout] [INFO] --- maven-enforcer-plugin:1.4.1:enforce (enforce-javase-dependencies) @ xwiki-rendering-macro-toc ---
[2025-12-11 20:12:36] [build-stdout] [INFO] 
[2025-12-11 20:12:36] [build-stdout] [INFO] --- maven-enforcer-plugin:1.4.1:enforce (enforce-jsr305) @ xwiki-rendering-macro-toc ---
[2025-12-11 20:12:36] [build-stdout] [INFO] 
[2025-12-11 20:12:36] [build-stdout] [INFO] --- maven-enforcer-plugin:1.4.1:enforce (enforce-jta) @ xwiki-rendering-macro-toc ---
[2025-12-11 20:12:36] [build-stdout] [INFO] 
[2025-12-11 20:12:36] [build-stdout] [INFO] --- maven-enforcer-plugin:1.4.1:enforce (enforce-jakarta.validation-api) @ xwiki-rendering-macro-toc ---
[2025-12-11 20:12:36] [build-stdout] [INFO] 
[2025-12-11 20:12:36] [build-stdout] [INFO] --- maven-enforcer-plugin:1.4.1:enforce (enforce-hibernate-validator) @ xwiki-rendering-macro-toc ---
[2025-12-11 20:12:36] [build-stdout] [INFO] 
[2025-12-11 20:12:36] [build-stdout] [INFO] --- maven-enforcer-plugin:1.4.1:enforce (enforce-upper-bounds) @ xwiki-rendering-macro-toc ---
[2025-12-11 20:12:36] [build-stdout] [INFO] 
[2025-12-11 20:12:36] [build-stdout] [INFO] --- maven-enforcer-plugin:1.4.1:enforce (enforce-no-legacy-dependencies) @ xwiki-rendering-macro-toc ---
[2025-12-11 20:12:36] [build-stdout] [INFO] 
[2025-12-11 20:12:36] [build-stdout] [INFO] --- maven-enforcer-plugin:1.4.1:enforce (enforce-valid-poms) @ xwiki-rendering-macro-toc ---
[2025-12-11 20:12:36] [build-stdout] [INFO] 
[2025-12-11 20:12:36] [build-stdout] [INFO] --- maven-enforcer-plugin:1.4.1:enforce (enforce-platform-isolation) @ xwiki-rendering-macro-toc ---
[2025-12-11 20:12:36] [build-stdout] [INFO] 
[2025-12-11 20:12:36] [build-stdout] [INFO] --- maven-enforcer-plugin:1.4.1:enforce (check-dependency-version) @ xwiki-rendering-macro-toc ---
[2025-12-11 20:12:36] [build-stdout] [INFO] 
[2025-12-11 20:12:36] [build-stdout] [INFO] --- maven-enforcer-plugin:1.4.1:enforce (enforce-banned-dependencies) @ xwiki-rendering-macro-toc ---
[2025-12-11 20:12:36] [build-stdout] [INFO] 
[2025-12-11 20:12:36] [build-stdout] [INFO] --- xwiki-commons-tool-remote-resource-plugin:14.6:process (xwiki-license-resources) @ xwiki-rendering-macro-toc ---
[2025-12-11 20:12:36] [build-stdout] [INFO] Preparing remote bundle org.xwiki.commons:xwiki-commons-tool-license-resources:14.6
[2025-12-11 20:12:36] [build-stdout] [INFO] Copying 2 resources from 1 bundle.
[2025-12-11 20:12:36] [build-stdout] [INFO] 
[2025-12-11 20:12:36] [build-stdout] [INFO] --- maven-resources-plugin:3.2.0:resources (default-resources) @ xwiki-rendering-macro-toc ---
[2025-12-11 20:12:36] [build-stdout] [INFO] Using 'UTF-8' encoding to copy filtered resources.
[2025-12-11 20:12:36] [build-stdout] [INFO] Using 'UTF-8' encoding to copy filtered properties files.
[2025-12-11 20:12:36] [build-stdout] [INFO] Copying 1 resource
[2025-12-11 20:12:36] [build-stdout] [INFO] Copying 2 resources
[2025-12-11 20:12:36] [build-stdout] [INFO] 
[2025-12-11 20:12:36] [build-stdout] [INFO] --- maven-compiler-plugin:3.10.1:compile (default-compile) @ xwiki-rendering-macro-toc ---
[2025-12-11 20:12:36] [build-stdout] [INFO] Loaded from the build cache, saving 59ms
[2025-12-11 20:12:36] [build-stdout] [INFO] 
[2025-12-11 20:12:36] [build-stdout] [INFO] --- maven-bundle-plugin:5.1.6:manifest (bundle-manifest) @ xwiki-rendering-macro-toc ---
[2025-12-11 20:12:36] [build-stdout] [INFO] No MANIFEST.MF file found, generating manifest.
[2025-12-11 20:12:36] [build-stdout] [INFO] Writing manifest: /data/iris_projects/xwiki__xwiki-rendering_CVE-2023-32070_14.6/xwiki-rendering-macros/xwiki-rendering-macro-toc/target/classes/META-INF/MANIFEST.MF
[2025-12-11 20:12:36] [build-stdout] [INFO] 
[2025-12-11 20:12:36] [build-stdout] [INFO] --- maven-resources-plugin:3.2.0:testResources (default-testResources) @ xwiki-rendering-macro-toc ---
[2025-12-11 20:12:36] [build-stdout] [INFO] Using 'UTF-8' encoding to copy filtered resources.
[2025-12-11 20:12:36] [build-stdout] [INFO] Using 'UTF-8' encoding to copy filtered properties files.
[2025-12-11 20:12:36] [build-stdout] [INFO] Copying 14 resources
[2025-12-11 20:12:36] [build-stdout] [INFO] Copying 2 resources
[2025-12-11 20:12:36] [build-stdout] [INFO] 
[2025-12-11 20:12:36] [build-stdout] [INFO] --- maven-compiler-plugin:3.10.1:testCompile (default-testCompile) @ xwiki-rendering-macro-toc ---
[2025-12-11 20:12:36] [build-stdout] [INFO] Loaded from the build cache, saving 114ms
[2025-12-11 20:12:36] [build-stdout] [INFO] 
[2025-12-11 20:12:36] [build-stdout] [INFO] --- maven-surefire-plugin:2.22.2:test (default-test) @ xwiki-rendering-macro-toc ---
[2025-12-11 20:12:36] [build-stdout] [INFO] Tests are skipped.
[2025-12-11 20:12:36] [build-stdout] [INFO] Skipped
[2025-12-11 20:12:36] [build-stdout] [INFO] 
[2025-12-11 20:12:36] [build-stdout] [INFO] --- maven-jar-plugin:3.2.2:jar (default-jar) @ xwiki-rendering-macro-toc ---
[2025-12-11 20:12:36] [build-stdout] [INFO] Building jar: /data/iris_projects/xwiki__xwiki-rendering_CVE-2023-32070_14.6/xwiki-rendering-macros/xwiki-rendering-macro-toc/target/xwiki-rendering-macro-toc-14.6.jar
[2025-12-11 20:12:36] [build-stdout] [INFO] 
[2025-12-11 20:12:36] [build-stdout] [INFO] ------------------------------------------------------------------------
[2025-12-11 20:12:36] [build-stdout] [INFO] Building XWiki Rendering - Syntax - Annotated HTML5 14.6
[2025-12-11 20:12:36] [build-stdout] [INFO] ------------------------------------------------------------------------
[2025-12-11 20:12:36] [build-stdout] [INFO] 
[2025-12-11 20:12:36] [build-stdout] [INFO] --- maven-clean-plugin:3.2.0:clean (default-clean) @ xwiki-rendering-syntax-annotatedhtml5 ---
[2025-12-11 20:12:36] [build-stdout] [INFO] Deleting /data/iris_projects/xwiki__xwiki-rendering_CVE-2023-32070_14.6/xwiki-rendering-syntaxes/xwiki-rendering-syntax-annotatedhtml5/target
[2025-12-11 20:12:36] [build-stdout] [INFO] 
[2025-12-11 20:12:36] [build-stdout] [INFO] --- maven-enforcer-plugin:1.4.1:enforce (enforce-plugins) @ xwiki-rendering-syntax-annotatedhtml5 ---
[2025-12-11 20:12:36] [build-stdout] [INFO] 
[2025-12-11 20:12:36] [build-stdout] [INFO] --- maven-enforcer-plugin:1.4.1:enforce (enforce-jcl-log4j-isolation) @ xwiki-rendering-syntax-annotatedhtml5 ---
[2025-12-11 20:12:36] [build-stdout] [INFO] 
[2025-12-11 20:12:36] [build-stdout] [INFO] --- maven-enforcer-plugin:1.4.1:enforce (enforce-jakarta.xml.bind-api) @ xwiki-rendering-syntax-annotatedhtml5 ---
[2025-12-11 20:12:36] [build-stdout] [INFO] 
[2025-12-11 20:12:36] [build-stdout] [INFO] --- maven-enforcer-plugin:1.4.1:enforce (enforce-glasshfish-jaxb) @ xwiki-rendering-syntax-annotatedhtml5 ---
[2025-12-11 20:12:36] [build-stdout] [INFO] 
[2025-12-11 20:12:36] [build-stdout] [INFO] --- maven-enforcer-plugin:1.4.1:enforce (enforce-jaxrs1) @ xwiki-rendering-syntax-annotatedhtml5 ---
[2025-12-11 20:12:36] [build-stdout] [INFO] 
[2025-12-11 20:12:36] [build-stdout] [INFO] --- maven-enforcer-plugin:1.4.1:enforce (enforce-open-json) @ xwiki-rendering-syntax-annotatedhtml5 ---
[2025-12-11 20:12:36] [build-stdout] [INFO] 
[2025-12-11 20:12:36] [build-stdout] [INFO] --- maven-enforcer-plugin:1.4.1:enforce (enforce-glassfish-el) @ xwiki-rendering-syntax-annotatedhtml5 ---
[2025-12-11 20:12:36] [build-stdout] [INFO] 
[2025-12-11 20:12:36] [build-stdout] [INFO] --- maven-enforcer-plugin:1.4.1:enforce (enforce-commons-lang3) @ xwiki-rendering-syntax-annotatedhtml5 ---
[2025-12-11 20:12:36] [build-stdout] [INFO] 
[2025-12-11 20:12:36] [build-stdout] [INFO] --- maven-enforcer-plugin:1.4.1:enforce (enforce-commons-configuration2) @ xwiki-rendering-syntax-annotatedhtml5 ---
[2025-12-11 20:12:36] [build-stdout] [INFO] 
[2025-12-11 20:12:36] [build-stdout] [INFO] --- maven-enforcer-plugin:1.4.1:enforce (enforce-jakarta.activation-api) @ xwiki-rendering-syntax-annotatedhtml5 ---
[2025-12-11 20:12:36] [build-stdout] [INFO] 
[2025-12-11 20:12:36] [build-stdout] [INFO] --- maven-enforcer-plugin:1.4.1:enforce (enforce-jakarta.activation) @ xwiki-rendering-syntax-annotatedhtml5 ---
[2025-12-11 20:12:36] [build-stdout] [INFO] 
[2025-12-11 20:12:36] [build-stdout] [INFO] --- maven-enforcer-plugin:1.4.1:enforce (enforce-jakarta.mail-api) @ xwiki-rendering-syntax-annotatedhtml5 ---
[2025-12-11 20:12:36] [build-stdout] [INFO] 
[2025-12-11 20:12:36] [build-stdout] [INFO] --- maven-enforcer-plugin:1.4.1:enforce (enforce-jakarta.mail) @ xwiki-rendering-syntax-annotatedhtml5 ---
[2025-12-11 20:12:36] [build-stdout] [INFO] 
[2025-12-11 20:12:36] [build-stdout] [INFO] --- maven-enforcer-plugin:1.4.1:enforce (enforce-jakarta.annotation-api) @ xwiki-rendering-syntax-annotatedhtml5 ---
[2025-12-11 20:12:36] [build-stdout] [INFO] 
[2025-12-11 20:12:36] [build-stdout] [INFO] --- maven-enforcer-plugin:1.4.1:enforce (enforce-bouncycastle-ids) @ xwiki-rendering-syntax-annotatedhtml5 ---
[2025-12-11 20:12:36] [build-stdout] [INFO] 
[2025-12-11 20:12:36] [build-stdout] [INFO] --- maven-enforcer-plugin:1.4.1:enforce (enforce-velocity-engine-core) @ xwiki-rendering-syntax-annotatedhtml5 ---
[2025-12-11 20:12:36] [build-stdout] [INFO] 
[2025-12-11 20:12:36] [build-stdout] [INFO] --- maven-enforcer-plugin:1.4.1:enforce (enforce-asm) @ xwiki-rendering-syntax-annotatedhtml5 ---
[2025-12-11 20:12:36] [build-stdout] [INFO] 
[2025-12-11 20:12:36] [build-stdout] [INFO] --- maven-enforcer-plugin:1.4.1:enforce (enforce-cglib) @ xwiki-rendering-syntax-annotatedhtml5 ---
[2025-12-11 20:12:36] [build-stdout] [INFO] 
[2025-12-11 20:12:36] [build-stdout] [INFO] --- maven-enforcer-plugin:1.4.1:enforce (enforce-javase-dependencies) @ xwiki-rendering-syntax-annotatedhtml5 ---
[2025-12-11 20:12:36] [build-stdout] [INFO] 
[2025-12-11 20:12:36] [build-stdout] [INFO] --- maven-enforcer-plugin:1.4.1:enforce (enforce-jsr305) @ xwiki-rendering-syntax-annotatedhtml5 ---
[2025-12-11 20:12:36] [build-stdout] [INFO] 
[2025-12-11 20:12:36] [build-stdout] [INFO] --- maven-enforcer-plugin:1.4.1:enforce (enforce-jta) @ xwiki-rendering-syntax-annotatedhtml5 ---
[2025-12-11 20:12:36] [build-stdout] [INFO] 
[2025-12-11 20:12:36] [build-stdout] [INFO] --- maven-enforcer-plugin:1.4.1:enforce (enforce-jakarta.validation-api) @ xwiki-rendering-syntax-annotatedhtml5 ---
[2025-12-11 20:12:36] [build-stdout] [INFO] 
[2025-12-11 20:12:36] [build-stdout] [INFO] --- maven-enforcer-plugin:1.4.1:enforce (enforce-hibernate-validator) @ xwiki-rendering-syntax-annotatedhtml5 ---
[2025-12-11 20:12:36] [build-stdout] [INFO] 
[2025-12-11 20:12:36] [build-stdout] [INFO] --- maven-enforcer-plugin:1.4.1:enforce (enforce-upper-bounds) @ xwiki-rendering-syntax-annotatedhtml5 ---
[2025-12-11 20:12:36] [build-stdout] [INFO] 
[2025-12-11 20:12:36] [build-stdout] [INFO] --- maven-enforcer-plugin:1.4.1:enforce (enforce-no-legacy-dependencies) @ xwiki-rendering-syntax-annotatedhtml5 ---
[2025-12-11 20:12:36] [build-stdout] [INFO] 
[2025-12-11 20:12:36] [build-stdout] [INFO] --- maven-enforcer-plugin:1.4.1:enforce (enforce-valid-poms) @ xwiki-rendering-syntax-annotatedhtml5 ---
[2025-12-11 20:12:36] [build-stdout] [INFO] 
[2025-12-11 20:12:36] [build-stdout] [INFO] --- maven-enforcer-plugin:1.4.1:enforce (enforce-platform-isolation) @ xwiki-rendering-syntax-annotatedhtml5 ---
[2025-12-11 20:12:36] [build-stdout] [INFO] 
[2025-12-11 20:12:36] [build-stdout] [INFO] --- maven-enforcer-plugin:1.4.1:enforce (check-dependency-version) @ xwiki-rendering-syntax-annotatedhtml5 ---
[2025-12-11 20:12:36] [build-stdout] [INFO] 
[2025-12-11 20:12:36] [build-stdout] [INFO] --- xwiki-commons-tool-remote-resource-plugin:14.6:process (xwiki-license-resources) @ xwiki-rendering-syntax-annotatedhtml5 ---
[2025-12-11 20:12:36] [build-stdout] [INFO] Preparing remote bundle org.xwiki.commons:xwiki-commons-tool-license-resources:14.6
[2025-12-11 20:12:36] [build-stdout] [INFO] Copying 2 resources from 1 bundle.
[2025-12-11 20:12:37] [build-stdout] [INFO] 
[2025-12-11 20:12:37] [build-stdout] [INFO] --- maven-resources-plugin:3.2.0:resources (default-resources) @ xwiki-rendering-syntax-annotatedhtml5 ---
[2025-12-11 20:12:37] [build-stdout] [INFO] Using 'UTF-8' encoding to copy filtered resources.
[2025-12-11 20:12:37] [build-stdout] [INFO] Using 'UTF-8' encoding to copy filtered properties files.
[2025-12-11 20:12:37] [build-stdout] [INFO] Copying 1 resource
[2025-12-11 20:12:37] [build-stdout] [INFO] Copying 2 resources
[2025-12-11 20:12:37] [build-stdout] [INFO] 
[2025-12-11 20:12:37] [build-stdout] [INFO] --- maven-compiler-plugin:3.10.1:compile (default-compile) @ xwiki-rendering-syntax-annotatedhtml5 ---
[2025-12-11 20:12:37] [build-stdout] [INFO] Loaded from the build cache, saving 89ms
[2025-12-11 20:12:37] [build-stdout] [INFO] 
[2025-12-11 20:12:37] [build-stdout] [INFO] --- maven-bundle-plugin:5.1.6:manifest (bundle-manifest) @ xwiki-rendering-syntax-annotatedhtml5 ---
[2025-12-11 20:12:37] [build-stdout] [INFO] No MANIFEST.MF file found, generating manifest.
[2025-12-11 20:12:37] [build-stdout] [INFO] Writing manifest: /data/iris_projects/xwiki__xwiki-rendering_CVE-2023-32070_14.6/xwiki-rendering-syntaxes/xwiki-rendering-syntax-annotatedhtml5/target/classes/META-INF/MANIFEST.MF
[2025-12-11 20:12:37] [build-stdout] [INFO] 
[2025-12-11 20:12:37] [build-stdout] [INFO] --- maven-resources-plugin:3.2.0:testResources (default-testResources) @ xwiki-rendering-syntax-annotatedhtml5 ---
[2025-12-11 20:12:37] [build-stdout] [INFO] Using 'UTF-8' encoding to copy filtered resources.
[2025-12-11 20:12:37] [build-stdout] [INFO] Using 'UTF-8' encoding to copy filtered properties files.
[2025-12-11 20:12:37] [build-stdout] [INFO] Copying 15 resources
[2025-12-11 20:12:37] [build-stdout] [INFO] Copying 2 resources
[2025-12-11 20:12:37] [build-stdout] [INFO] 
[2025-12-11 20:12:37] [build-stdout] [INFO] --- maven-compiler-plugin:3.10.1:testCompile (default-testCompile) @ xwiki-rendering-syntax-annotatedhtml5 ---
[2025-12-11 20:12:37] [build-stdout] [INFO] Loaded from the build cache, saving 93ms
[2025-12-11 20:12:37] [build-stdout] [INFO] 
[2025-12-11 20:12:37] [build-stdout] [INFO] --- maven-surefire-plugin:2.22.2:test (default-test) @ xwiki-rendering-syntax-annotatedhtml5 ---
[2025-12-11 20:12:37] [build-stdout] [INFO] Tests are skipped.
[2025-12-11 20:12:37] [build-stdout] [INFO] Skipped
[2025-12-11 20:12:37] [build-stdout] [INFO] 
[2025-12-11 20:12:37] [build-stdout] [INFO] --- maven-jar-plugin:3.2.2:jar (default-jar) @ xwiki-rendering-syntax-annotatedhtml5 ---
[2025-12-11 20:12:37] [build-stdout] [INFO] Building jar: /data/iris_projects/xwiki__xwiki-rendering_CVE-2023-32070_14.6/xwiki-rendering-syntaxes/xwiki-rendering-syntax-annotatedhtml5/target/xwiki-rendering-syntax-annotatedhtml5-14.6.jar
[2025-12-11 20:12:37] [build-stdout] [INFO] 
[2025-12-11 20:12:37] [build-stdout] [INFO] ------------------------------------------------------------------------
[2025-12-11 20:12:37] [build-stdout] [INFO] Building XWiki Rendering - Macro - HTML 14.6
[2025-12-11 20:12:37] [build-stdout] [INFO] ------------------------------------------------------------------------
[2025-12-11 20:12:37] [build-stdout] [INFO] 
[2025-12-11 20:12:37] [build-stdout] [INFO] --- maven-clean-plugin:3.2.0:clean (default-clean) @ xwiki-rendering-macro-html ---
[2025-12-11 20:12:37] [build-stdout] [INFO] Deleting /data/iris_projects/xwiki__xwiki-rendering_CVE-2023-32070_14.6/xwiki-rendering-macros/xwiki-rendering-macro-html/target
[2025-12-11 20:12:37] [build-stdout] [INFO] 
[2025-12-11 20:12:37] [build-stdout] [INFO] --- maven-enforcer-plugin:1.4.1:enforce (enforce-plugins) @ xwiki-rendering-macro-html ---
[2025-12-11 20:12:37] [build-stdout] [INFO] 
[2025-12-11 20:12:37] [build-stdout] [INFO] --- maven-enforcer-plugin:1.4.1:enforce (enforce-jcl-log4j-isolation) @ xwiki-rendering-macro-html ---
[2025-12-11 20:12:37] [build-stdout] [INFO] 
[2025-12-11 20:12:37] [build-stdout] [INFO] --- maven-enforcer-plugin:1.4.1:enforce (enforce-jakarta.xml.bind-api) @ xwiki-rendering-macro-html ---
[2025-12-11 20:12:37] [build-stdout] [INFO] 
[2025-12-11 20:12:37] [build-stdout] [INFO] --- maven-enforcer-plugin:1.4.1:enforce (enforce-glasshfish-jaxb) @ xwiki-rendering-macro-html ---
[2025-12-11 20:12:37] [build-stdout] [INFO] 
[2025-12-11 20:12:37] [build-stdout] [INFO] --- maven-enforcer-plugin:1.4.1:enforce (enforce-jaxrs1) @ xwiki-rendering-macro-html ---
[2025-12-11 20:12:37] [build-stdout] [INFO] 
[2025-12-11 20:12:37] [build-stdout] [INFO] --- maven-enforcer-plugin:1.4.1:enforce (enforce-open-json) @ xwiki-rendering-macro-html ---
[2025-12-11 20:12:37] [build-stdout] [INFO] 
[2025-12-11 20:12:37] [build-stdout] [INFO] --- maven-enforcer-plugin:1.4.1:enforce (enforce-glassfish-el) @ xwiki-rendering-macro-html ---
[2025-12-11 20:12:37] [build-stdout] [INFO] 
[2025-12-11 20:12:37] [build-stdout] [INFO] --- maven-enforcer-plugin:1.4.1:enforce (enforce-commons-lang3) @ xwiki-rendering-macro-html ---
[2025-12-11 20:12:37] [build-stdout] [INFO] 
[2025-12-11 20:12:37] [build-stdout] [INFO] --- maven-enforcer-plugin:1.4.1:enforce (enforce-commons-configuration2) @ xwiki-rendering-macro-html ---
[2025-12-11 20:12:37] [build-stdout] [INFO] 
[2025-12-11 20:12:37] [build-stdout] [INFO] --- maven-enforcer-plugin:1.4.1:enforce (enforce-jakarta.activation-api) @ xwiki-rendering-macro-html ---
[2025-12-11 20:12:37] [build-stdout] [INFO] 
[2025-12-11 20:12:37] [build-stdout] [INFO] --- maven-enforcer-plugin:1.4.1:enforce (enforce-jakarta.activation) @ xwiki-rendering-macro-html ---
[2025-12-11 20:12:37] [build-stdout] [INFO] 
[2025-12-11 20:12:37] [build-stdout] [INFO] --- maven-enforcer-plugin:1.4.1:enforce (enforce-jakarta.mail-api) @ xwiki-rendering-macro-html ---
[2025-12-11 20:12:37] [build-stdout] [INFO] 
[2025-12-11 20:12:37] [build-stdout] [INFO] --- maven-enforcer-plugin:1.4.1:enforce (enforce-jakarta.mail) @ xwiki-rendering-macro-html ---
[2025-12-11 20:12:37] [build-stdout] [INFO] 
[2025-12-11 20:12:37] [build-stdout] [INFO] --- maven-enforcer-plugin:1.4.1:enforce (enforce-jakarta.annotation-api) @ xwiki-rendering-macro-html ---
[2025-12-11 20:12:37] [build-stdout] [INFO] 
[2025-12-11 20:12:37] [build-stdout] [INFO] --- maven-enforcer-plugin:1.4.1:enforce (enforce-bouncycastle-ids) @ xwiki-rendering-macro-html ---
[2025-12-11 20:12:37] [build-stdout] [INFO] 
[2025-12-11 20:12:37] [build-stdout] [INFO] --- maven-enforcer-plugin:1.4.1:enforce (enforce-velocity-engine-core) @ xwiki-rendering-macro-html ---
[2025-12-11 20:12:37] [build-stdout] [INFO] 
[2025-12-11 20:12:37] [build-stdout] [INFO] --- maven-enforcer-plugin:1.4.1:enforce (enforce-asm) @ xwiki-rendering-macro-html ---
[2025-12-11 20:12:37] [build-stdout] [INFO] 
[2025-12-11 20:12:37] [build-stdout] [INFO] --- maven-enforcer-plugin:1.4.1:enforce (enforce-cglib) @ xwiki-rendering-macro-html ---
[2025-12-11 20:12:37] [build-stdout] [INFO] 
[2025-12-11 20:12:37] [build-stdout] [INFO] --- maven-enforcer-plugin:1.4.1:enforce (enforce-javase-dependencies) @ xwiki-rendering-macro-html ---
[2025-12-11 20:12:37] [build-stdout] [INFO] 
[2025-12-11 20:12:37] [build-stdout] [INFO] --- maven-enforcer-plugin:1.4.1:enforce (enforce-jsr305) @ xwiki-rendering-macro-html ---
[2025-12-11 20:12:37] [build-stdout] [INFO] 
[2025-12-11 20:12:37] [build-stdout] [INFO] --- maven-enforcer-plugin:1.4.1:enforce (enforce-jta) @ xwiki-rendering-macro-html ---
[2025-12-11 20:12:37] [build-stdout] [INFO] 
[2025-12-11 20:12:37] [build-stdout] [INFO] --- maven-enforcer-plugin:1.4.1:enforce (enforce-jakarta.validation-api) @ xwiki-rendering-macro-html ---
[2025-12-11 20:12:37] [build-stdout] [INFO] 
[2025-12-11 20:12:37] [build-stdout] [INFO] --- maven-enforcer-plugin:1.4.1:enforce (enforce-hibernate-validator) @ xwiki-rendering-macro-html ---
[2025-12-11 20:12:37] [build-stdout] [INFO] 
[2025-12-11 20:12:37] [build-stdout] [INFO] --- maven-enforcer-plugin:1.4.1:enforce (enforce-upper-bounds) @ xwiki-rendering-macro-html ---
[2025-12-11 20:12:37] [build-stdout] [INFO] 
[2025-12-11 20:12:37] [build-stdout] [INFO] --- maven-enforcer-plugin:1.4.1:enforce (enforce-no-legacy-dependencies) @ xwiki-rendering-macro-html ---
[2025-12-11 20:12:38] [build-stdout] [INFO] 
[2025-12-11 20:12:38] [build-stdout] [INFO] --- maven-enforcer-plugin:1.4.1:enforce (enforce-valid-poms) @ xwiki-rendering-macro-html ---
[2025-12-11 20:12:38] [build-stdout] [INFO] 
[2025-12-11 20:12:38] [build-stdout] [INFO] --- maven-enforcer-plugin:1.4.1:enforce (enforce-platform-isolation) @ xwiki-rendering-macro-html ---
[2025-12-11 20:12:38] [build-stdout] [INFO] 
[2025-12-11 20:12:38] [build-stdout] [INFO] --- maven-enforcer-plugin:1.4.1:enforce (check-dependency-version) @ xwiki-rendering-macro-html ---
[2025-12-11 20:12:38] [build-stdout] [INFO] 
[2025-12-11 20:12:38] [build-stdout] [INFO] --- maven-enforcer-plugin:1.4.1:enforce (enforce-banned-dependencies) @ xwiki-rendering-macro-html ---
[2025-12-11 20:12:38] [build-stdout] [INFO] 
[2025-12-11 20:12:38] [build-stdout] [INFO] --- xwiki-commons-tool-remote-resource-plugin:14.6:process (xwiki-license-resources) @ xwiki-rendering-macro-html ---
[2025-12-11 20:12:38] [build-stdout] [INFO] Preparing remote bundle org.xwiki.commons:xwiki-commons-tool-license-resources:14.6
[2025-12-11 20:12:38] [build-stdout] [INFO] Copying 2 resources from 1 bundle.
[2025-12-11 20:12:38] [build-stdout] [INFO] 
[2025-12-11 20:12:38] [build-stdout] [INFO] --- maven-resources-plugin:3.2.0:resources (default-resources) @ xwiki-rendering-macro-html ---
[2025-12-11 20:12:38] [build-stdout] [INFO] Using 'UTF-8' encoding to copy filtered resources.
[2025-12-11 20:12:38] [build-stdout] [INFO] Using 'UTF-8' encoding to copy filtered properties files.
[2025-12-11 20:12:38] [build-stdout] [INFO] Copying 1 resource
[2025-12-11 20:12:38] [build-stdout] [INFO] Copying 2 resources
[2025-12-11 20:12:38] [build-stdout] [INFO] 
[2025-12-11 20:12:38] [build-stdout] [INFO] --- maven-compiler-plugin:3.10.1:compile (default-compile) @ xwiki-rendering-macro-html ---
[2025-12-11 20:12:38] [build-stdout] [INFO] Loaded from the build cache, saving 129ms
[2025-12-11 20:12:38] [build-stdout] [INFO] 
[2025-12-11 20:12:38] [build-stdout] [INFO] --- maven-bundle-plugin:5.1.6:manifest (bundle-manifest) @ xwiki-rendering-macro-html ---
[2025-12-11 20:12:38] [build-stdout] [INFO] No MANIFEST.MF file found, generating manifest.
[2025-12-11 20:12:38] [build-stdout] [INFO] Writing manifest: /data/iris_projects/xwiki__xwiki-rendering_CVE-2023-32070_14.6/xwiki-rendering-macros/xwiki-rendering-macro-html/target/classes/META-INF/MANIFEST.MF
[2025-12-11 20:12:38] [build-stdout] [INFO] 
[2025-12-11 20:12:38] [build-stdout] [INFO] --- maven-resources-plugin:3.2.0:testResources (default-testResources) @ xwiki-rendering-macro-html ---
[2025-12-11 20:12:38] [build-stdout] [INFO] Using 'UTF-8' encoding to copy filtered resources.
[2025-12-11 20:12:38] [build-stdout] [INFO] Using 'UTF-8' encoding to copy filtered properties files.
[2025-12-11 20:12:38] [build-stdout] [INFO] Copying 20 resources
[2025-12-11 20:12:38] [build-stdout] [INFO] Copying 2 resources
[2025-12-11 20:12:38] [build-stdout] [INFO] 
[2025-12-11 20:12:38] [build-stdout] [INFO] --- maven-compiler-plugin:3.10.1:testCompile (default-testCompile) @ xwiki-rendering-macro-html ---
[2025-12-11 20:12:38] [build-stdout] [INFO] Loaded from the build cache, saving 113ms
[2025-12-11 20:12:38] [build-stdout] [INFO] 
[2025-12-11 20:12:38] [build-stdout] [INFO] --- maven-surefire-plugin:2.22.2:test (default-test) @ xwiki-rendering-macro-html ---
[2025-12-11 20:12:38] [build-stdout] [INFO] Tests are skipped.
[2025-12-11 20:12:38] [build-stdout] [INFO] Skipped
[2025-12-11 20:12:38] [build-stdout] [INFO] 
[2025-12-11 20:12:38] [build-stdout] [INFO] --- maven-jar-plugin:3.2.2:jar (default-jar) @ xwiki-rendering-macro-html ---
[2025-12-11 20:12:38] [build-stdout] [INFO] Building jar: /data/iris_projects/xwiki__xwiki-rendering_CVE-2023-32070_14.6/xwiki-rendering-macros/xwiki-rendering-macro-html/target/xwiki-rendering-macro-html-14.6.jar
[2025-12-11 20:12:38] [build-stdout] [INFO] 
[2025-12-11 20:12:38] [build-stdout] [INFO] ------------------------------------------------------------------------
[2025-12-11 20:12:38] [build-stdout] [INFO] Building XWiki Rendering - Macro - Id 14.6
[2025-12-11 20:12:38] [build-stdout] [INFO] ------------------------------------------------------------------------
[2025-12-11 20:12:38] [build-stdout] [INFO] 
[2025-12-11 20:12:38] [build-stdout] [INFO] --- maven-clean-plugin:3.2.0:clean (default-clean) @ xwiki-rendering-macro-id ---
[2025-12-11 20:12:38] [build-stdout] [INFO] Deleting /data/iris_projects/xwiki__xwiki-rendering_CVE-2023-32070_14.6/xwiki-rendering-macros/xwiki-rendering-macro-id/target
[2025-12-11 20:12:38] [build-stdout] [INFO] 
[2025-12-11 20:12:38] [build-stdout] [INFO] --- maven-enforcer-plugin:1.4.1:enforce (enforce-plugins) @ xwiki-rendering-macro-id ---
[2025-12-11 20:12:38] [build-stdout] [INFO] 
[2025-12-11 20:12:38] [build-stdout] [INFO] --- maven-enforcer-plugin:1.4.1:enforce (enforce-jcl-log4j-isolation) @ xwiki-rendering-macro-id ---
[2025-12-11 20:12:38] [build-stdout] [INFO] 
[2025-12-11 20:12:38] [build-stdout] [INFO] --- maven-enforcer-plugin:1.4.1:enforce (enforce-jakarta.xml.bind-api) @ xwiki-rendering-macro-id ---
[2025-12-11 20:12:38] [build-stdout] [INFO] 
[2025-12-11 20:12:38] [build-stdout] [INFO] --- maven-enforcer-plugin:1.4.1:enforce (enforce-glasshfish-jaxb) @ xwiki-rendering-macro-id ---
[2025-12-11 20:12:38] [build-stdout] [INFO] 
[2025-12-11 20:12:38] [build-stdout] [INFO] --- maven-enforcer-plugin:1.4.1:enforce (enforce-jaxrs1) @ xwiki-rendering-macro-id ---
[2025-12-11 20:12:38] [build-stdout] [INFO] 
[2025-12-11 20:12:38] [build-stdout] [INFO] --- maven-enforcer-plugin:1.4.1:enforce (enforce-open-json) @ xwiki-rendering-macro-id ---
[2025-12-11 20:12:38] [build-stdout] [INFO] 
[2025-12-11 20:12:38] [build-stdout] [INFO] --- maven-enforcer-plugin:1.4.1:enforce (enforce-glassfish-el) @ xwiki-rendering-macro-id ---
[2025-12-11 20:12:38] [build-stdout] [INFO] 
[2025-12-11 20:12:38] [build-stdout] [INFO] --- maven-enforcer-plugin:1.4.1:enforce (enforce-commons-lang3) @ xwiki-rendering-macro-id ---
[2025-12-11 20:12:38] [build-stdout] [INFO] 
[2025-12-11 20:12:38] [build-stdout] [INFO] --- maven-enforcer-plugin:1.4.1:enforce (enforce-commons-configuration2) @ xwiki-rendering-macro-id ---
[2025-12-11 20:12:38] [build-stdout] [INFO] 
[2025-12-11 20:12:38] [build-stdout] [INFO] --- maven-enforcer-plugin:1.4.1:enforce (enforce-jakarta.activation-api) @ xwiki-rendering-macro-id ---
[2025-12-11 20:12:38] [build-stdout] [INFO] 
[2025-12-11 20:12:38] [build-stdout] [INFO] --- maven-enforcer-plugin:1.4.1:enforce (enforce-jakarta.activation) @ xwiki-rendering-macro-id ---
[2025-12-11 20:12:38] [build-stdout] [INFO] 
[2025-12-11 20:12:38] [build-stdout] [INFO] --- maven-enforcer-plugin:1.4.1:enforce (enforce-jakarta.mail-api) @ xwiki-rendering-macro-id ---
[2025-12-11 20:12:38] [build-stdout] [INFO] 
[2025-12-11 20:12:38] [build-stdout] [INFO] --- maven-enforcer-plugin:1.4.1:enforce (enforce-jakarta.mail) @ xwiki-rendering-macro-id ---
[2025-12-11 20:12:38] [build-stdout] [INFO] 
[2025-12-11 20:12:38] [build-stdout] [INFO] --- maven-enforcer-plugin:1.4.1:enforce (enforce-jakarta.annotation-api) @ xwiki-rendering-macro-id ---
[2025-12-11 20:12:38] [build-stdout] [INFO] 
[2025-12-11 20:12:38] [build-stdout] [INFO] --- maven-enforcer-plugin:1.4.1:enforce (enforce-bouncycastle-ids) @ xwiki-rendering-macro-id ---
[2025-12-11 20:12:38] [build-stdout] [INFO] 
[2025-12-11 20:12:38] [build-stdout] [INFO] --- maven-enforcer-plugin:1.4.1:enforce (enforce-velocity-engine-core) @ xwiki-rendering-macro-id ---
[2025-12-11 20:12:38] [build-stdout] [INFO] 
[2025-12-11 20:12:38] [build-stdout] [INFO] --- maven-enforcer-plugin:1.4.1:enforce (enforce-asm) @ xwiki-rendering-macro-id ---
[2025-12-11 20:12:38] [build-stdout] [INFO] 
[2025-12-11 20:12:38] [build-stdout] [INFO] --- maven-enforcer-plugin:1.4.1:enforce (enforce-cglib) @ xwiki-rendering-macro-id ---
[2025-12-11 20:12:38] [build-stdout] [INFO] 
[2025-12-11 20:12:38] [build-stdout] [INFO] --- maven-enforcer-plugin:1.4.1:enforce (enforce-javase-dependencies) @ xwiki-rendering-macro-id ---
[2025-12-11 20:12:38] [build-stdout] [INFO] 
[2025-12-11 20:12:38] [build-stdout] [INFO] --- maven-enforcer-plugin:1.4.1:enforce (enforce-jsr305) @ xwiki-rendering-macro-id ---
[2025-12-11 20:12:38] [build-stdout] [INFO] 
[2025-12-11 20:12:38] [build-stdout] [INFO] --- maven-enforcer-plugin:1.4.1:enforce (enforce-jta) @ xwiki-rendering-macro-id ---
[2025-12-11 20:12:39] [build-stdout] [INFO] 
[2025-12-11 20:12:39] [build-stdout] [INFO] --- maven-enforcer-plugin:1.4.1:enforce (enforce-jakarta.validation-api) @ xwiki-rendering-macro-id ---
[2025-12-11 20:12:39] [build-stdout] [INFO] 
[2025-12-11 20:12:39] [build-stdout] [INFO] --- maven-enforcer-plugin:1.4.1:enforce (enforce-hibernate-validator) @ xwiki-rendering-macro-id ---
[2025-12-11 20:12:39] [build-stdout] [INFO] 
[2025-12-11 20:12:39] [build-stdout] [INFO] --- maven-enforcer-plugin:1.4.1:enforce (enforce-upper-bounds) @ xwiki-rendering-macro-id ---
[2025-12-11 20:12:39] [build-stdout] [INFO] 
[2025-12-11 20:12:39] [build-stdout] [INFO] --- maven-enforcer-plugin:1.4.1:enforce (enforce-no-legacy-dependencies) @ xwiki-rendering-macro-id ---
[2025-12-11 20:12:39] [build-stdout] [INFO] 
[2025-12-11 20:12:39] [build-stdout] [INFO] --- maven-enforcer-plugin:1.4.1:enforce (enforce-valid-poms) @ xwiki-rendering-macro-id ---
[2025-12-11 20:12:39] [build-stdout] [INFO] 
[2025-12-11 20:12:39] [build-stdout] [INFO] --- maven-enforcer-plugin:1.4.1:enforce (enforce-platform-isolation) @ xwiki-rendering-macro-id ---
[2025-12-11 20:12:39] [build-stdout] [INFO] 
[2025-12-11 20:12:39] [build-stdout] [INFO] --- maven-enforcer-plugin:1.4.1:enforce (check-dependency-version) @ xwiki-rendering-macro-id ---
[2025-12-11 20:12:39] [build-stdout] [INFO] 
[2025-12-11 20:12:39] [build-stdout] [INFO] --- maven-enforcer-plugin:1.4.1:enforce (enforce-banned-dependencies) @ xwiki-rendering-macro-id ---
[2025-12-11 20:12:39] [build-stdout] [INFO] 
[2025-12-11 20:12:39] [build-stdout] [INFO] --- xwiki-commons-tool-remote-resource-plugin:14.6:process (xwiki-license-resources) @ xwiki-rendering-macro-id ---
[2025-12-11 20:12:39] [build-stdout] [INFO] Preparing remote bundle org.xwiki.commons:xwiki-commons-tool-license-resources:14.6
[2025-12-11 20:12:39] [build-stdout] [INFO] Copying 2 resources from 1 bundle.
[2025-12-11 20:12:39] [build-stdout] [INFO] 
[2025-12-11 20:12:39] [build-stdout] [INFO] --- maven-resources-plugin:3.2.0:resources (default-resources) @ xwiki-rendering-macro-id ---
[2025-12-11 20:12:39] [build-stdout] [INFO] Using 'UTF-8' encoding to copy filtered resources.
[2025-12-11 20:12:39] [build-stdout] [INFO] Using 'UTF-8' encoding to copy filtered properties files.
[2025-12-11 20:12:39] [build-stdout] [INFO] Copying 1 resource
[2025-12-11 20:12:39] [build-stdout] [INFO] Copying 2 resources
[2025-12-11 20:12:39] [build-stdout] [INFO] 
[2025-12-11 20:12:39] [build-stdout] [INFO] --- maven-compiler-plugin:3.10.1:compile (default-compile) @ xwiki-rendering-macro-id ---
[2025-12-11 20:12:39] [build-stdout] [INFO] Loaded from the build cache, saving 89ms
[2025-12-11 20:12:39] [build-stdout] [INFO] 
[2025-12-11 20:12:39] [build-stdout] [INFO] --- maven-bundle-plugin:5.1.6:manifest (bundle-manifest) @ xwiki-rendering-macro-id ---
[2025-12-11 20:12:39] [build-stdout] [INFO] No MANIFEST.MF file found, generating manifest.
[2025-12-11 20:12:39] [build-stdout] [INFO] Writing manifest: /data/iris_projects/xwiki__xwiki-rendering_CVE-2023-32070_14.6/xwiki-rendering-macros/xwiki-rendering-macro-id/target/classes/META-INF/MANIFEST.MF
[2025-12-11 20:12:39] [build-stdout] [INFO] 
[2025-12-11 20:12:39] [build-stdout] [INFO] --- maven-resources-plugin:3.2.0:testResources (default-testResources) @ xwiki-rendering-macro-id ---
[2025-12-11 20:12:39] [build-stdout] [INFO] Using 'UTF-8' encoding to copy filtered resources.
[2025-12-11 20:12:39] [build-stdout] [INFO] Using 'UTF-8' encoding to copy filtered properties files.
[2025-12-11 20:12:39] [build-stdout] [INFO] Copying 3 resources
[2025-12-11 20:12:39] [build-stdout] [INFO] Copying 2 resources
[2025-12-11 20:12:39] [build-stdout] [INFO] 
[2025-12-11 20:12:39] [build-stdout] [INFO] --- maven-compiler-plugin:3.10.1:testCompile (default-testCompile) @ xwiki-rendering-macro-id ---
[2025-12-11 20:12:39] [build-stdout] [INFO] Loaded from the build cache, saving 107ms
[2025-12-11 20:12:39] [build-stdout] [INFO] 
[2025-12-11 20:12:39] [build-stdout] [INFO] --- maven-surefire-plugin:2.22.2:test (default-test) @ xwiki-rendering-macro-id ---
[2025-12-11 20:12:39] [build-stdout] [INFO] Tests are skipped.
[2025-12-11 20:12:39] [build-stdout] [INFO] Skipped
[2025-12-11 20:12:39] [build-stdout] [INFO] 
[2025-12-11 20:12:39] [build-stdout] [INFO] --- maven-jar-plugin:3.2.2:jar (default-jar) @ xwiki-rendering-macro-id ---
[2025-12-11 20:12:39] [build-stdout] [INFO] Building jar: /data/iris_projects/xwiki__xwiki-rendering_CVE-2023-32070_14.6/xwiki-rendering-macros/xwiki-rendering-macro-id/target/xwiki-rendering-macro-id-14.6.jar
[2025-12-11 20:12:39] [build-stdout] [INFO] 
[2025-12-11 20:12:39] [build-stdout] [INFO] ------------------------------------------------------------------------
[2025-12-11 20:12:39] [build-stdout] [INFO] Building XWiki Rendering - Macro - Raw 14.6
[2025-12-11 20:12:39] [build-stdout] [INFO] ------------------------------------------------------------------------
[2025-12-11 20:12:39] [build-stdout] [INFO] 
[2025-12-11 20:12:39] [build-stdout] [INFO] --- maven-clean-plugin:3.2.0:clean (default-clean) @ xwiki-rendering-macro-raw ---
[2025-12-11 20:12:39] [build-stdout] [INFO] Deleting /data/iris_projects/xwiki__xwiki-rendering_CVE-2023-32070_14.6/xwiki-rendering-macros/xwiki-rendering-macro-raw/target
[2025-12-11 20:12:39] [build-stdout] [INFO] 
[2025-12-11 20:12:39] [build-stdout] [INFO] --- maven-enforcer-plugin:1.4.1:enforce (enforce-plugins) @ xwiki-rendering-macro-raw ---
[2025-12-11 20:12:39] [build-stdout] [INFO] 
[2025-12-11 20:12:39] [build-stdout] [INFO] --- maven-enforcer-plugin:1.4.1:enforce (enforce-jcl-log4j-isolation) @ xwiki-rendering-macro-raw ---
[2025-12-11 20:12:39] [build-stdout] [INFO] 
[2025-12-11 20:12:39] [build-stdout] [INFO] --- maven-enforcer-plugin:1.4.1:enforce (enforce-jakarta.xml.bind-api) @ xwiki-rendering-macro-raw ---
[2025-12-11 20:12:39] [build-stdout] [INFO] 
[2025-12-11 20:12:39] [build-stdout] [INFO] --- maven-enforcer-plugin:1.4.1:enforce (enforce-glasshfish-jaxb) @ xwiki-rendering-macro-raw ---
[2025-12-11 20:12:39] [build-stdout] [INFO] 
[2025-12-11 20:12:39] [build-stdout] [INFO] --- maven-enforcer-plugin:1.4.1:enforce (enforce-jaxrs1) @ xwiki-rendering-macro-raw ---
[2025-12-11 20:12:39] [build-stdout] [INFO] 
[2025-12-11 20:12:39] [build-stdout] [INFO] --- maven-enforcer-plugin:1.4.1:enforce (enforce-open-json) @ xwiki-rendering-macro-raw ---
[2025-12-11 20:12:39] [build-stdout] [INFO] 
[2025-12-11 20:12:39] [build-stdout] [INFO] --- maven-enforcer-plugin:1.4.1:enforce (enforce-glassfish-el) @ xwiki-rendering-macro-raw ---
[2025-12-11 20:12:39] [build-stdout] [INFO] 
[2025-12-11 20:12:39] [build-stdout] [INFO] --- maven-enforcer-plugin:1.4.1:enforce (enforce-commons-lang3) @ xwiki-rendering-macro-raw ---
[2025-12-11 20:12:39] [build-stdout] [INFO] 
[2025-12-11 20:12:39] [build-stdout] [INFO] --- maven-enforcer-plugin:1.4.1:enforce (enforce-commons-configuration2) @ xwiki-rendering-macro-raw ---
[2025-12-11 20:12:39] [build-stdout] [INFO] 
[2025-12-11 20:12:39] [build-stdout] [INFO] --- maven-enforcer-plugin:1.4.1:enforce (enforce-jakarta.activation-api) @ xwiki-rendering-macro-raw ---
[2025-12-11 20:12:39] [build-stdout] [INFO] 
[2025-12-11 20:12:39] [build-stdout] [INFO] --- maven-enforcer-plugin:1.4.1:enforce (enforce-jakarta.activation) @ xwiki-rendering-macro-raw ---
[2025-12-11 20:12:39] [build-stdout] [INFO] 
[2025-12-11 20:12:39] [build-stdout] [INFO] --- maven-enforcer-plugin:1.4.1:enforce (enforce-jakarta.mail-api) @ xwiki-rendering-macro-raw ---
[2025-12-11 20:12:39] [build-stdout] [INFO] 
[2025-12-11 20:12:39] [build-stdout] [INFO] --- maven-enforcer-plugin:1.4.1:enforce (enforce-jakarta.mail) @ xwiki-rendering-macro-raw ---
[2025-12-11 20:12:39] [build-stdout] [INFO] 
[2025-12-11 20:12:39] [build-stdout] [INFO] --- maven-enforcer-plugin:1.4.1:enforce (enforce-jakarta.annotation-api) @ xwiki-rendering-macro-raw ---
[2025-12-11 20:12:39] [build-stdout] [INFO] 
[2025-12-11 20:12:39] [build-stdout] [INFO] --- maven-enforcer-plugin:1.4.1:enforce (enforce-bouncycastle-ids) @ xwiki-rendering-macro-raw ---
[2025-12-11 20:12:39] [build-stdout] [INFO] 
[2025-12-11 20:12:39] [build-stdout] [INFO] --- maven-enforcer-plugin:1.4.1:enforce (enforce-velocity-engine-core) @ xwiki-rendering-macro-raw ---
[2025-12-11 20:12:39] [build-stdout] [INFO] 
[2025-12-11 20:12:39] [build-stdout] [INFO] --- maven-enforcer-plugin:1.4.1:enforce (enforce-asm) @ xwiki-rendering-macro-raw ---
[2025-12-11 20:12:39] [build-stdout] [INFO] 
[2025-12-11 20:12:39] [build-stdout] [INFO] --- maven-enforcer-plugin:1.4.1:enforce (enforce-cglib) @ xwiki-rendering-macro-raw ---
[2025-12-11 20:12:39] [build-stdout] [INFO] 
[2025-12-11 20:12:39] [build-stdout] [INFO] --- maven-enforcer-plugin:1.4.1:enforce (enforce-javase-dependencies) @ xwiki-rendering-macro-raw ---
[2025-12-11 20:12:39] [build-stdout] [INFO] 
[2025-12-11 20:12:39] [build-stdout] [INFO] --- maven-enforcer-plugin:1.4.1:enforce (enforce-jsr305) @ xwiki-rendering-macro-raw ---
[2025-12-11 20:12:39] [build-stdout] [INFO] 
[2025-12-11 20:12:39] [build-stdout] [INFO] --- maven-enforcer-plugin:1.4.1:enforce (enforce-jta) @ xwiki-rendering-macro-raw ---
[2025-12-11 20:12:39] [build-stdout] [INFO] 
[2025-12-11 20:12:39] [build-stdout] [INFO] --- maven-enforcer-plugin:1.4.1:enforce (enforce-jakarta.validation-api) @ xwiki-rendering-macro-raw ---
[2025-12-11 20:12:39] [build-stdout] [INFO] 
[2025-12-11 20:12:39] [build-stdout] [INFO] --- maven-enforcer-plugin:1.4.1:enforce (enforce-hibernate-validator) @ xwiki-rendering-macro-raw ---
[2025-12-11 20:12:39] [build-stdout] [INFO] 
[2025-12-11 20:12:39] [build-stdout] [INFO] --- maven-enforcer-plugin:1.4.1:enforce (enforce-upper-bounds) @ xwiki-rendering-macro-raw ---
[2025-12-11 20:12:39] [build-stdout] [INFO] 
[2025-12-11 20:12:39] [build-stdout] [INFO] --- maven-enforcer-plugin:1.4.1:enforce (enforce-no-legacy-dependencies) @ xwiki-rendering-macro-raw ---
[2025-12-11 20:12:39] [build-stdout] [INFO] 
[2025-12-11 20:12:39] [build-stdout] [INFO] --- maven-enforcer-plugin:1.4.1:enforce (enforce-valid-poms) @ xwiki-rendering-macro-raw ---
[2025-12-11 20:12:39] [build-stdout] [INFO] 
[2025-12-11 20:12:39] [build-stdout] [INFO] --- maven-enforcer-plugin:1.4.1:enforce (enforce-platform-isolation) @ xwiki-rendering-macro-raw ---
[2025-12-11 20:12:39] [build-stdout] [INFO] 
[2025-12-11 20:12:39] [build-stdout] [INFO] --- maven-enforcer-plugin:1.4.1:enforce (check-dependency-version) @ xwiki-rendering-macro-raw ---
[2025-12-11 20:12:39] [build-stdout] [INFO] 
[2025-12-11 20:12:39] [build-stdout] [INFO] --- maven-enforcer-plugin:1.4.1:enforce (enforce-banned-dependencies) @ xwiki-rendering-macro-raw ---
[2025-12-11 20:12:39] [build-stdout] [INFO] 
[2025-12-11 20:12:39] [build-stdout] [INFO] --- xwiki-commons-tool-remote-resource-plugin:14.6:process (xwiki-license-resources) @ xwiki-rendering-macro-raw ---
[2025-12-11 20:12:39] [build-stdout] [INFO] Preparing remote bundle org.xwiki.commons:xwiki-commons-tool-license-resources:14.6
[2025-12-11 20:12:39] [build-stdout] [INFO] Copying 2 resources from 1 bundle.
[2025-12-11 20:12:40] [build-stdout] [INFO] 
[2025-12-11 20:12:40] [build-stdout] [INFO] --- maven-resources-plugin:3.2.0:resources (default-resources) @ xwiki-rendering-macro-raw ---
[2025-12-11 20:12:40] [build-stdout] [INFO] Using 'UTF-8' encoding to copy filtered resources.
[2025-12-11 20:12:40] [build-stdout] [INFO] Using 'UTF-8' encoding to copy filtered properties files.
[2025-12-11 20:12:40] [build-stdout] [INFO] Copying 2 resources
[2025-12-11 20:12:40] [build-stdout] [INFO] Copying 2 resources
[2025-12-11 20:12:40] [build-stdout] [INFO] 
[2025-12-11 20:12:40] [build-stdout] [INFO] --- maven-compiler-plugin:3.10.1:compile (default-compile) @ xwiki-rendering-macro-raw ---
[2025-12-11 20:12:40] [build-stdout] [INFO] Loaded from the build cache, saving 70ms
[2025-12-11 20:12:40] [build-stdout] [INFO] 
[2025-12-11 20:12:40] [build-stdout] [INFO] --- maven-bundle-plugin:5.1.6:manifest (bundle-manifest) @ xwiki-rendering-macro-raw ---
[2025-12-11 20:12:40] [build-stdout] [INFO] No MANIFEST.MF file found, generating manifest.
[2025-12-11 20:12:40] [build-stdout] [INFO] Writing manifest: /data/iris_projects/xwiki__xwiki-rendering_CVE-2023-32070_14.6/xwiki-rendering-macros/xwiki-rendering-macro-raw/target/classes/META-INF/MANIFEST.MF
[2025-12-11 20:12:40] [build-stdout] [INFO] 
[2025-12-11 20:12:40] [build-stdout] [INFO] --- maven-resources-plugin:3.2.0:testResources (default-testResources) @ xwiki-rendering-macro-raw ---
[2025-12-11 20:12:40] [build-stdout] [INFO] Using 'UTF-8' encoding to copy filtered resources.
[2025-12-11 20:12:40] [build-stdout] [INFO] Using 'UTF-8' encoding to copy filtered properties files.
[2025-12-11 20:12:40] [build-stdout] [INFO] Copying 2 resources
[2025-12-11 20:12:40] [build-stdout] [INFO] Copying 2 resources
[2025-12-11 20:12:40] [build-stdout] [INFO] 
[2025-12-11 20:12:40] [build-stdout] [INFO] --- maven-compiler-plugin:3.10.1:testCompile (default-testCompile) @ xwiki-rendering-macro-raw ---
[2025-12-11 20:12:40] [build-stdout] [INFO] Loaded from the build cache, saving 106ms
[2025-12-11 20:12:40] [build-stdout] [INFO] 
[2025-12-11 20:12:40] [build-stdout] [INFO] --- maven-surefire-plugin:2.22.2:test (default-test) @ xwiki-rendering-macro-raw ---
[2025-12-11 20:12:40] [build-stdout] [INFO] Tests are skipped.
[2025-12-11 20:12:40] [build-stdout] [INFO] Skipped
[2025-12-11 20:12:40] [build-stdout] [INFO] 
[2025-12-11 20:12:40] [build-stdout] [INFO] --- maven-jar-plugin:3.2.2:jar (default-jar) @ xwiki-rendering-macro-raw ---
[2025-12-11 20:12:40] [build-stdout] [INFO] Building jar: /data/iris_projects/xwiki__xwiki-rendering_CVE-2023-32070_14.6/xwiki-rendering-macros/xwiki-rendering-macro-raw/target/xwiki-rendering-macro-raw-14.6.jar
[2025-12-11 20:12:40] [build-stdout] [INFO] 
[2025-12-11 20:12:40] [build-stdout] [INFO] ------------------------------------------------------------------------
[2025-12-11 20:12:40] [build-stdout] [INFO] Building XWiki Rendering - Syntax - APT 14.6
[2025-12-11 20:12:40] [build-stdout] [INFO] ------------------------------------------------------------------------
[2025-12-11 20:12:40] [build-stdout] [INFO] 
[2025-12-11 20:12:40] [build-stdout] [INFO] --- maven-clean-plugin:3.2.0:clean (default-clean) @ xwiki-rendering-syntax-apt ---
[2025-12-11 20:12:40] [build-stdout] [INFO] Deleting /data/iris_projects/xwiki__xwiki-rendering_CVE-2023-32070_14.6/xwiki-rendering-syntaxes/xwiki-rendering-syntax-apt/target
[2025-12-11 20:12:40] [build-stdout] [INFO] 
[2025-12-11 20:12:40] [build-stdout] [INFO] --- maven-enforcer-plugin:1.4.1:enforce (enforce-plugins) @ xwiki-rendering-syntax-apt ---
[2025-12-11 20:12:40] [build-stdout] [INFO] 
[2025-12-11 20:12:40] [build-stdout] [INFO] --- maven-enforcer-plugin:1.4.1:enforce (enforce-jcl-log4j-isolation) @ xwiki-rendering-syntax-apt ---
[2025-12-11 20:12:40] [build-stdout] [INFO] 
[2025-12-11 20:12:40] [build-stdout] [INFO] --- maven-enforcer-plugin:1.4.1:enforce (enforce-jakarta.xml.bind-api) @ xwiki-rendering-syntax-apt ---
[2025-12-11 20:12:40] [build-stdout] [INFO] 
[2025-12-11 20:12:40] [build-stdout] [INFO] --- maven-enforcer-plugin:1.4.1:enforce (enforce-glasshfish-jaxb) @ xwiki-rendering-syntax-apt ---
[2025-12-11 20:12:40] [build-stdout] [INFO] 
[2025-12-11 20:12:40] [build-stdout] [INFO] --- maven-enforcer-plugin:1.4.1:enforce (enforce-jaxrs1) @ xwiki-rendering-syntax-apt ---
[2025-12-11 20:12:40] [build-stdout] [INFO] 
[2025-12-11 20:12:40] [build-stdout] [INFO] --- maven-enforcer-plugin:1.4.1:enforce (enforce-open-json) @ xwiki-rendering-syntax-apt ---
[2025-12-11 20:12:40] [build-stdout] [INFO] 
[2025-12-11 20:12:40] [build-stdout] [INFO] --- maven-enforcer-plugin:1.4.1:enforce (enforce-glassfish-el) @ xwiki-rendering-syntax-apt ---
[2025-12-11 20:12:40] [build-stdout] [INFO] 
[2025-12-11 20:12:40] [build-stdout] [INFO] --- maven-enforcer-plugin:1.4.1:enforce (enforce-commons-lang3) @ xwiki-rendering-syntax-apt ---
[2025-12-11 20:12:40] [build-stdout] [INFO] 
[2025-12-11 20:12:40] [build-stdout] [INFO] --- maven-enforcer-plugin:1.4.1:enforce (enforce-commons-configuration2) @ xwiki-rendering-syntax-apt ---
[2025-12-11 20:12:40] [build-stdout] [INFO] 
[2025-12-11 20:12:40] [build-stdout] [INFO] --- maven-enforcer-plugin:1.4.1:enforce (enforce-jakarta.activation-api) @ xwiki-rendering-syntax-apt ---
[2025-12-11 20:12:40] [build-stdout] [INFO] 
[2025-12-11 20:12:40] [build-stdout] [INFO] --- maven-enforcer-plugin:1.4.1:enforce (enforce-jakarta.activation) @ xwiki-rendering-syntax-apt ---
[2025-12-11 20:12:40] [build-stdout] [INFO] 
[2025-12-11 20:12:40] [build-stdout] [INFO] --- maven-enforcer-plugin:1.4.1:enforce (enforce-jakarta.mail-api) @ xwiki-rendering-syntax-apt ---
[2025-12-11 20:12:40] [build-stdout] [INFO] 
[2025-12-11 20:12:40] [build-stdout] [INFO] --- maven-enforcer-plugin:1.4.1:enforce (enforce-jakarta.mail) @ xwiki-rendering-syntax-apt ---
[2025-12-11 20:12:40] [build-stdout] [INFO] 
[2025-12-11 20:12:40] [build-stdout] [INFO] --- maven-enforcer-plugin:1.4.1:enforce (enforce-jakarta.annotation-api) @ xwiki-rendering-syntax-apt ---
[2025-12-11 20:12:40] [build-stdout] [INFO] 
[2025-12-11 20:12:40] [build-stdout] [INFO] --- maven-enforcer-plugin:1.4.1:enforce (enforce-bouncycastle-ids) @ xwiki-rendering-syntax-apt ---
[2025-12-11 20:12:40] [build-stdout] [INFO] 
[2025-12-11 20:12:40] [build-stdout] [INFO] --- maven-enforcer-plugin:1.4.1:enforce (enforce-velocity-engine-core) @ xwiki-rendering-syntax-apt ---
[2025-12-11 20:12:40] [build-stdout] [INFO] 
[2025-12-11 20:12:40] [build-stdout] [INFO] --- maven-enforcer-plugin:1.4.1:enforce (enforce-asm) @ xwiki-rendering-syntax-apt ---
[2025-12-11 20:12:40] [build-stdout] [INFO] 
[2025-12-11 20:12:40] [build-stdout] [INFO] --- maven-enforcer-plugin:1.4.1:enforce (enforce-cglib) @ xwiki-rendering-syntax-apt ---
[2025-12-11 20:12:40] [build-stdout] [INFO] 
[2025-12-11 20:12:40] [build-stdout] [INFO] --- maven-enforcer-plugin:1.4.1:enforce (enforce-javase-dependencies) @ xwiki-rendering-syntax-apt ---
[2025-12-11 20:12:40] [build-stdout] [INFO] 
[2025-12-11 20:12:40] [build-stdout] [INFO] --- maven-enforcer-plugin:1.4.1:enforce (enforce-jsr305) @ xwiki-rendering-syntax-apt ---
[2025-12-11 20:12:40] [build-stdout] [INFO] 
[2025-12-11 20:12:40] [build-stdout] [INFO] --- maven-enforcer-plugin:1.4.1:enforce (enforce-jta) @ xwiki-rendering-syntax-apt ---
[2025-12-11 20:12:40] [build-stdout] [INFO] 
[2025-12-11 20:12:40] [build-stdout] [INFO] --- maven-enforcer-plugin:1.4.1:enforce (enforce-jakarta.validation-api) @ xwiki-rendering-syntax-apt ---
[2025-12-11 20:12:40] [build-stdout] [INFO] 
[2025-12-11 20:12:40] [build-stdout] [INFO] --- maven-enforcer-plugin:1.4.1:enforce (enforce-hibernate-validator) @ xwiki-rendering-syntax-apt ---
[2025-12-11 20:12:40] [build-stdout] [INFO] 
[2025-12-11 20:12:40] [build-stdout] [INFO] --- maven-enforcer-plugin:1.4.1:enforce (enforce-upper-bounds) @ xwiki-rendering-syntax-apt ---
[2025-12-11 20:12:40] [build-stdout] [INFO] 
[2025-12-11 20:12:40] [build-stdout] [INFO] --- maven-enforcer-plugin:1.4.1:enforce (enforce-no-legacy-dependencies) @ xwiki-rendering-syntax-apt ---
[2025-12-11 20:12:40] [build-stdout] [INFO] 
[2025-12-11 20:12:40] [build-stdout] [INFO] --- maven-enforcer-plugin:1.4.1:enforce (enforce-valid-poms) @ xwiki-rendering-syntax-apt ---
[2025-12-11 20:12:40] [build-stdout] [INFO] 
[2025-12-11 20:12:40] [build-stdout] [INFO] --- maven-enforcer-plugin:1.4.1:enforce (enforce-platform-isolation) @ xwiki-rendering-syntax-apt ---
[2025-12-11 20:12:40] [build-stdout] [INFO] 
[2025-12-11 20:12:40] [build-stdout] [INFO] --- maven-enforcer-plugin:1.4.1:enforce (check-dependency-version) @ xwiki-rendering-syntax-apt ---
[2025-12-11 20:12:40] [build-stdout] [INFO] 
[2025-12-11 20:12:40] [build-stdout] [INFO] --- xwiki-commons-tool-remote-resource-plugin:14.6:process (xwiki-license-resources) @ xwiki-rendering-syntax-apt ---
[2025-12-11 20:12:40] [build-stdout] [INFO] Preparing remote bundle org.xwiki.commons:xwiki-commons-tool-license-resources:14.6
[2025-12-11 20:12:40] [build-stdout] [INFO] Copying 2 resources from 1 bundle.
[2025-12-11 20:12:41] [build-stdout] [INFO] 
[2025-12-11 20:12:41] [build-stdout] [INFO] --- maven-resources-plugin:3.2.0:resources (default-resources) @ xwiki-rendering-syntax-apt ---
[2025-12-11 20:12:41] [build-stdout] [INFO] Using 'UTF-8' encoding to copy filtered resources.
[2025-12-11 20:12:41] [build-stdout] [INFO] Using 'UTF-8' encoding to copy filtered properties files.
[2025-12-11 20:12:41] [build-stdout] [INFO] Copying 1 resource
[2025-12-11 20:12:41] [build-stdout] [INFO] Copying 2 resources
[2025-12-11 20:12:41] [build-stdout] [INFO] 
[2025-12-11 20:12:41] [build-stdout] [INFO] --- maven-compiler-plugin:3.10.1:compile (default-compile) @ xwiki-rendering-syntax-apt ---
[2025-12-11 20:12:41] [build-stdout] [INFO] Loaded from the build cache, saving 99ms
[2025-12-11 20:12:41] [build-stdout] [INFO] 
[2025-12-11 20:12:41] [build-stdout] [INFO] --- maven-bundle-plugin:5.1.6:manifest (bundle-manifest) @ xwiki-rendering-syntax-apt ---
[2025-12-11 20:12:41] [build-stdout] [INFO] No MANIFEST.MF file found, generating manifest.
[2025-12-11 20:12:41] [build-stdout] [INFO] Writing manifest: /data/iris_projects/xwiki__xwiki-rendering_CVE-2023-32070_14.6/xwiki-rendering-syntaxes/xwiki-rendering-syntax-apt/target/classes/META-INF/MANIFEST.MF
[2025-12-11 20:12:41] [build-stdout] [INFO] 
[2025-12-11 20:12:41] [build-stdout] [INFO] --- maven-resources-plugin:3.2.0:testResources (default-testResources) @ xwiki-rendering-syntax-apt ---
[2025-12-11 20:12:41] [build-stdout] [INFO] Using 'UTF-8' encoding to copy filtered resources.
[2025-12-11 20:12:41] [build-stdout] [INFO] Using 'UTF-8' encoding to copy filtered properties files.
[2025-12-11 20:12:41] [build-stdout] [INFO] Copying 18 resources
[2025-12-11 20:12:41] [build-stdout] [INFO] Copying 2 resources
[2025-12-11 20:12:41] [build-stdout] [INFO] 
[2025-12-11 20:12:41] [build-stdout] [INFO] --- maven-compiler-plugin:3.10.1:testCompile (default-testCompile) @ xwiki-rendering-syntax-apt ---
[2025-12-11 20:12:41] [build-stdout] [INFO] Loaded from the build cache, saving 114ms
[2025-12-11 20:12:41] [build-stdout] [INFO] 
[2025-12-11 20:12:41] [build-stdout] [INFO] --- maven-surefire-plugin:2.22.2:test (default-test) @ xwiki-rendering-syntax-apt ---
[2025-12-11 20:12:41] [build-stdout] [INFO] Tests are skipped.
[2025-12-11 20:12:41] [build-stdout] [INFO] Skipped
[2025-12-11 20:12:41] [build-stdout] [INFO] 
[2025-12-11 20:12:41] [build-stdout] [INFO] --- maven-jar-plugin:3.2.2:jar (default-jar) @ xwiki-rendering-syntax-apt ---
[2025-12-11 20:12:41] [build-stdout] [INFO] Building jar: /data/iris_projects/xwiki__xwiki-rendering_CVE-2023-32070_14.6/xwiki-rendering-syntaxes/xwiki-rendering-syntax-apt/target/xwiki-rendering-syntax-apt-14.6.jar
[2025-12-11 20:12:41] [build-stdout] [INFO] 
[2025-12-11 20:12:41] [build-stdout] [INFO] ------------------------------------------------------------------------
[2025-12-11 20:12:41] [build-stdout] [INFO] Building XWiki Rendering - Transformation - Icon 14.6
[2025-12-11 20:12:41] [build-stdout] [INFO] ------------------------------------------------------------------------
[2025-12-11 20:12:41] [build-stdout] [INFO] 
[2025-12-11 20:12:41] [build-stdout] [INFO] --- maven-clean-plugin:3.2.0:clean (default-clean) @ xwiki-rendering-transformation-icon ---
[2025-12-11 20:12:41] [build-stdout] [INFO] Deleting /data/iris_projects/xwiki__xwiki-rendering_CVE-2023-32070_14.6/xwiki-rendering-transformations/xwiki-rendering-transformation-icon/target
[2025-12-11 20:12:41] [build-stdout] [INFO] 
[2025-12-11 20:12:41] [build-stdout] [INFO] --- maven-enforcer-plugin:1.4.1:enforce (enforce-plugins) @ xwiki-rendering-transformation-icon ---
[2025-12-11 20:12:41] [build-stdout] [INFO] 
[2025-12-11 20:12:41] [build-stdout] [INFO] --- maven-enforcer-plugin:1.4.1:enforce (enforce-jcl-log4j-isolation) @ xwiki-rendering-transformation-icon ---
[2025-12-11 20:12:41] [build-stdout] [INFO] 
[2025-12-11 20:12:41] [build-stdout] [INFO] --- maven-enforcer-plugin:1.4.1:enforce (enforce-jakarta.xml.bind-api) @ xwiki-rendering-transformation-icon ---
[2025-12-11 20:12:41] [build-stdout] [INFO] 
[2025-12-11 20:12:41] [build-stdout] [INFO] --- maven-enforcer-plugin:1.4.1:enforce (enforce-glasshfish-jaxb) @ xwiki-rendering-transformation-icon ---
[2025-12-11 20:12:41] [build-stdout] [INFO] 
[2025-12-11 20:12:41] [build-stdout] [INFO] --- maven-enforcer-plugin:1.4.1:enforce (enforce-jaxrs1) @ xwiki-rendering-transformation-icon ---
[2025-12-11 20:12:41] [build-stdout] [INFO] 
[2025-12-11 20:12:41] [build-stdout] [INFO] --- maven-enforcer-plugin:1.4.1:enforce (enforce-open-json) @ xwiki-rendering-transformation-icon ---
[2025-12-11 20:12:41] [build-stdout] [INFO] 
[2025-12-11 20:12:41] [build-stdout] [INFO] --- maven-enforcer-plugin:1.4.1:enforce (enforce-glassfish-el) @ xwiki-rendering-transformation-icon ---
[2025-12-11 20:12:41] [build-stdout] [INFO] 
[2025-12-11 20:12:41] [build-stdout] [INFO] --- maven-enforcer-plugin:1.4.1:enforce (enforce-commons-lang3) @ xwiki-rendering-transformation-icon ---
[2025-12-11 20:12:41] [build-stdout] [INFO] 
[2025-12-11 20:12:41] [build-stdout] [INFO] --- maven-enforcer-plugin:1.4.1:enforce (enforce-commons-configuration2) @ xwiki-rendering-transformation-icon ---
[2025-12-11 20:12:41] [build-stdout] [INFO] 
[2025-12-11 20:12:41] [build-stdout] [INFO] --- maven-enforcer-plugin:1.4.1:enforce (enforce-jakarta.activation-api) @ xwiki-rendering-transformation-icon ---
[2025-12-11 20:12:41] [build-stdout] [INFO] 
[2025-12-11 20:12:41] [build-stdout] [INFO] --- maven-enforcer-plugin:1.4.1:enforce (enforce-jakarta.activation) @ xwiki-rendering-transformation-icon ---
[2025-12-11 20:12:41] [build-stdout] [INFO] 
[2025-12-11 20:12:41] [build-stdout] [INFO] --- maven-enforcer-plugin:1.4.1:enforce (enforce-jakarta.mail-api) @ xwiki-rendering-transformation-icon ---
[2025-12-11 20:12:41] [build-stdout] [INFO] 
[2025-12-11 20:12:41] [build-stdout] [INFO] --- maven-enforcer-plugin:1.4.1:enforce (enforce-jakarta.mail) @ xwiki-rendering-transformation-icon ---
[2025-12-11 20:12:41] [build-stdout] [INFO] 
[2025-12-11 20:12:41] [build-stdout] [INFO] --- maven-enforcer-plugin:1.4.1:enforce (enforce-jakarta.annotation-api) @ xwiki-rendering-transformation-icon ---
[2025-12-11 20:12:41] [build-stdout] [INFO] 
[2025-12-11 20:12:41] [build-stdout] [INFO] --- maven-enforcer-plugin:1.4.1:enforce (enforce-bouncycastle-ids) @ xwiki-rendering-transformation-icon ---
[2025-12-11 20:12:41] [build-stdout] [INFO] 
[2025-12-11 20:12:41] [build-stdout] [INFO] --- maven-enforcer-plugin:1.4.1:enforce (enforce-velocity-engine-core) @ xwiki-rendering-transformation-icon ---
[2025-12-11 20:12:41] [build-stdout] [INFO] 
[2025-12-11 20:12:41] [build-stdout] [INFO] --- maven-enforcer-plugin:1.4.1:enforce (enforce-asm) @ xwiki-rendering-transformation-icon ---
[2025-12-11 20:12:41] [build-stdout] [INFO] 
[2025-12-11 20:12:41] [build-stdout] [INFO] --- maven-enforcer-plugin:1.4.1:enforce (enforce-cglib) @ xwiki-rendering-transformation-icon ---
[2025-12-11 20:12:41] [build-stdout] [INFO] 
[2025-12-11 20:12:41] [build-stdout] [INFO] --- maven-enforcer-plugin:1.4.1:enforce (enforce-javase-dependencies) @ xwiki-rendering-transformation-icon ---
[2025-12-11 20:12:41] [build-stdout] [INFO] 
[2025-12-11 20:12:41] [build-stdout] [INFO] --- maven-enforcer-plugin:1.4.1:enforce (enforce-jsr305) @ xwiki-rendering-transformation-icon ---
[2025-12-11 20:12:41] [build-stdout] [INFO] 
[2025-12-11 20:12:41] [build-stdout] [INFO] --- maven-enforcer-plugin:1.4.1:enforce (enforce-jta) @ xwiki-rendering-transformation-icon ---
[2025-12-11 20:12:41] [build-stdout] [INFO] 
[2025-12-11 20:12:41] [build-stdout] [INFO] --- maven-enforcer-plugin:1.4.1:enforce (enforce-jakarta.validation-api) @ xwiki-rendering-transformation-icon ---
[2025-12-11 20:12:41] [build-stdout] [INFO] 
[2025-12-11 20:12:41] [build-stdout] [INFO] --- maven-enforcer-plugin:1.4.1:enforce (enforce-hibernate-validator) @ xwiki-rendering-transformation-icon ---
[2025-12-11 20:12:41] [build-stdout] [INFO] 
[2025-12-11 20:12:41] [build-stdout] [INFO] --- maven-enforcer-plugin:1.4.1:enforce (enforce-upper-bounds) @ xwiki-rendering-transformation-icon ---
[2025-12-11 20:12:41] [build-stdout] [INFO] 
[2025-12-11 20:12:41] [build-stdout] [INFO] --- maven-enforcer-plugin:1.4.1:enforce (enforce-no-legacy-dependencies) @ xwiki-rendering-transformation-icon ---
[2025-12-11 20:12:41] [build-stdout] [INFO] 
[2025-12-11 20:12:41] [build-stdout] [INFO] --- maven-enforcer-plugin:1.4.1:enforce (enforce-valid-poms) @ xwiki-rendering-transformation-icon ---
[2025-12-11 20:12:41] [build-stdout] [INFO] 
[2025-12-11 20:12:41] [build-stdout] [INFO] --- maven-enforcer-plugin:1.4.1:enforce (enforce-platform-isolation) @ xwiki-rendering-transformation-icon ---
[2025-12-11 20:12:41] [build-stdout] [INFO] 
[2025-12-11 20:12:41] [build-stdout] [INFO] --- maven-enforcer-plugin:1.4.1:enforce (check-dependency-version) @ xwiki-rendering-transformation-icon ---
[2025-12-11 20:12:41] [build-stdout] [INFO] 
[2025-12-11 20:12:41] [build-stdout] [INFO] --- xwiki-commons-tool-remote-resource-plugin:14.6:process (xwiki-license-resources) @ xwiki-rendering-transformation-icon ---
[2025-12-11 20:12:41] [build-stdout] [INFO] Preparing remote bundle org.xwiki.commons:xwiki-commons-tool-license-resources:14.6
[2025-12-11 20:12:41] [build-stdout] [INFO] Copying 2 resources from 1 bundle.
[2025-12-11 20:12:42] [build-stdout] [INFO] 
[2025-12-11 20:12:42] [build-stdout] [INFO] --- maven-resources-plugin:3.2.0:resources (default-resources) @ xwiki-rendering-transformation-icon ---
[2025-12-11 20:12:42] [build-stdout] [INFO] Using 'UTF-8' encoding to copy filtered resources.
[2025-12-11 20:12:42] [build-stdout] [INFO] Using 'UTF-8' encoding to copy filtered properties files.
[2025-12-11 20:12:42] [build-stdout] [INFO] Copying 1 resource
[2025-12-11 20:12:42] [build-stdout] [INFO] Copying 2 resources
[2025-12-11 20:12:42] [build-stdout] [INFO] 
[2025-12-11 20:12:42] [build-stdout] [INFO] --- maven-compiler-plugin:3.10.1:compile (default-compile) @ xwiki-rendering-transformation-icon ---
[2025-12-11 20:12:42] [build-stdout] [INFO] Loaded from the build cache, saving 81ms
[2025-12-11 20:12:42] [build-stdout] [INFO] 
[2025-12-11 20:12:42] [build-stdout] [INFO] --- maven-bundle-plugin:5.1.6:manifest (bundle-manifest) @ xwiki-rendering-transformation-icon ---
[2025-12-11 20:12:42] [build-stdout] [INFO] No MANIFEST.MF file found, generating manifest.
[2025-12-11 20:12:42] [build-stdout] [INFO] Writing manifest: /data/iris_projects/xwiki__xwiki-rendering_CVE-2023-32070_14.6/xwiki-rendering-transformations/xwiki-rendering-transformation-icon/target/classes/META-INF/MANIFEST.MF
[2025-12-11 20:12:42] [build-stdout] [INFO] 
[2025-12-11 20:12:42] [build-stdout] [INFO] --- maven-resources-plugin:3.2.0:testResources (default-testResources) @ xwiki-rendering-transformation-icon ---
[2025-12-11 20:12:42] [build-stdout] [INFO] Using 'UTF-8' encoding to copy filtered resources.
[2025-12-11 20:12:42] [build-stdout] [INFO] Using 'UTF-8' encoding to copy filtered properties files.
[2025-12-11 20:12:42] [build-stdout] [INFO] skip non existing resourceDirectory /data/iris_projects/xwiki__xwiki-rendering_CVE-2023-32070_14.6/xwiki-rendering-transformations/xwiki-rendering-transformation-icon/src/test/resources
[2025-12-11 20:12:42] [build-stdout] [INFO] Copying 2 resources
[2025-12-11 20:12:42] [build-stdout] [INFO] 
[2025-12-11 20:12:42] [build-stdout] [INFO] --- maven-compiler-plugin:3.10.1:testCompile (default-testCompile) @ xwiki-rendering-transformation-icon ---
[2025-12-11 20:12:42] [build-stdout] [INFO] Loaded from the build cache, saving 114ms
[2025-12-11 20:12:42] [build-stdout] [INFO] 
[2025-12-11 20:12:42] [build-stdout] [INFO] --- maven-surefire-plugin:2.22.2:test (default-test) @ xwiki-rendering-transformation-icon ---
[2025-12-11 20:12:42] [build-stdout] [INFO] Tests are skipped.
[2025-12-11 20:12:42] [build-stdout] [INFO] Skipped
[2025-12-11 20:12:42] [build-stdout] [INFO] 
[2025-12-11 20:12:42] [build-stdout] [INFO] --- maven-jar-plugin:3.2.2:jar (default-jar) @ xwiki-rendering-transformation-icon ---
[2025-12-11 20:12:42] [build-stdout] [INFO] Building jar: /data/iris_projects/xwiki__xwiki-rendering_CVE-2023-32070_14.6/xwiki-rendering-transformations/xwiki-rendering-transformation-icon/target/xwiki-rendering-transformation-icon-14.6.jar
[2025-12-11 20:12:42] [build-stdout] [INFO] 
[2025-12-11 20:12:42] [build-stdout] [INFO] ------------------------------------------------------------------------
[2025-12-11 20:12:42] [build-stdout] [INFO] Building XWiki Rendering - Transformation - WikiWord 14.6
[2025-12-11 20:12:42] [build-stdout] [INFO] ------------------------------------------------------------------------
[2025-12-11 20:12:42] [build-stdout] [INFO] 
[2025-12-11 20:12:42] [build-stdout] [INFO] --- maven-clean-plugin:3.2.0:clean (default-clean) @ xwiki-rendering-transformation-wikiword ---
[2025-12-11 20:12:42] [build-stdout] [INFO] Deleting /data/iris_projects/xwiki__xwiki-rendering_CVE-2023-32070_14.6/xwiki-rendering-transformations/xwiki-rendering-transformation-wikiword/target
[2025-12-11 20:12:42] [build-stdout] [INFO] 
[2025-12-11 20:12:42] [build-stdout] [INFO] --- maven-enforcer-plugin:1.4.1:enforce (enforce-plugins) @ xwiki-rendering-transformation-wikiword ---
[2025-12-11 20:12:42] [build-stdout] [INFO] 
[2025-12-11 20:12:42] [build-stdout] [INFO] --- maven-enforcer-plugin:1.4.1:enforce (enforce-jcl-log4j-isolation) @ xwiki-rendering-transformation-wikiword ---
[2025-12-11 20:12:42] [build-stdout] [INFO] 
[2025-12-11 20:12:42] [build-stdout] [INFO] --- maven-enforcer-plugin:1.4.1:enforce (enforce-jakarta.xml.bind-api) @ xwiki-rendering-transformation-wikiword ---
[2025-12-11 20:12:42] [build-stdout] [INFO] 
[2025-12-11 20:12:42] [build-stdout] [INFO] --- maven-enforcer-plugin:1.4.1:enforce (enforce-glasshfish-jaxb) @ xwiki-rendering-transformation-wikiword ---
[2025-12-11 20:12:42] [build-stdout] [INFO] 
[2025-12-11 20:12:42] [build-stdout] [INFO] --- maven-enforcer-plugin:1.4.1:enforce (enforce-jaxrs1) @ xwiki-rendering-transformation-wikiword ---
[2025-12-11 20:12:42] [build-stdout] [INFO] 
[2025-12-11 20:12:42] [build-stdout] [INFO] --- maven-enforcer-plugin:1.4.1:enforce (enforce-open-json) @ xwiki-rendering-transformation-wikiword ---
[2025-12-11 20:12:42] [build-stdout] [INFO] 
[2025-12-11 20:12:42] [build-stdout] [INFO] --- maven-enforcer-plugin:1.4.1:enforce (enforce-glassfish-el) @ xwiki-rendering-transformation-wikiword ---
[2025-12-11 20:12:42] [build-stdout] [INFO] 
[2025-12-11 20:12:42] [build-stdout] [INFO] --- maven-enforcer-plugin:1.4.1:enforce (enforce-commons-lang3) @ xwiki-rendering-transformation-wikiword ---
[2025-12-11 20:12:42] [build-stdout] [INFO] 
[2025-12-11 20:12:42] [build-stdout] [INFO] --- maven-enforcer-plugin:1.4.1:enforce (enforce-commons-configuration2) @ xwiki-rendering-transformation-wikiword ---
[2025-12-11 20:12:42] [build-stdout] [INFO] 
[2025-12-11 20:12:42] [build-stdout] [INFO] --- maven-enforcer-plugin:1.4.1:enforce (enforce-jakarta.activation-api) @ xwiki-rendering-transformation-wikiword ---
[2025-12-11 20:12:42] [build-stdout] [INFO] 
[2025-12-11 20:12:42] [build-stdout] [INFO] --- maven-enforcer-plugin:1.4.1:enforce (enforce-jakarta.activation) @ xwiki-rendering-transformation-wikiword ---
[2025-12-11 20:12:42] [build-stdout] [INFO] 
[2025-12-11 20:12:42] [build-stdout] [INFO] --- maven-enforcer-plugin:1.4.1:enforce (enforce-jakarta.mail-api) @ xwiki-rendering-transformation-wikiword ---
[2025-12-11 20:12:42] [build-stdout] [INFO] 
[2025-12-11 20:12:42] [build-stdout] [INFO] --- maven-enforcer-plugin:1.4.1:enforce (enforce-jakarta.mail) @ xwiki-rendering-transformation-wikiword ---
[2025-12-11 20:12:42] [build-stdout] [INFO] 
[2025-12-11 20:12:42] [build-stdout] [INFO] --- maven-enforcer-plugin:1.4.1:enforce (enforce-jakarta.annotation-api) @ xwiki-rendering-transformation-wikiword ---
[2025-12-11 20:12:42] [build-stdout] [INFO] 
[2025-12-11 20:12:42] [build-stdout] [INFO] --- maven-enforcer-plugin:1.4.1:enforce (enforce-bouncycastle-ids) @ xwiki-rendering-transformation-wikiword ---
[2025-12-11 20:12:42] [build-stdout] [INFO] 
[2025-12-11 20:12:42] [build-stdout] [INFO] --- maven-enforcer-plugin:1.4.1:enforce (enforce-velocity-engine-core) @ xwiki-rendering-transformation-wikiword ---
[2025-12-11 20:12:42] [build-stdout] [INFO] 
[2025-12-11 20:12:42] [build-stdout] [INFO] --- maven-enforcer-plugin:1.4.1:enforce (enforce-asm) @ xwiki-rendering-transformation-wikiword ---
[2025-12-11 20:12:42] [build-stdout] [INFO] 
[2025-12-11 20:12:42] [build-stdout] [INFO] --- maven-enforcer-plugin:1.4.1:enforce (enforce-cglib) @ xwiki-rendering-transformation-wikiword ---
[2025-12-11 20:12:42] [build-stdout] [INFO] 
[2025-12-11 20:12:42] [build-stdout] [INFO] --- maven-enforcer-plugin:1.4.1:enforce (enforce-javase-dependencies) @ xwiki-rendering-transformation-wikiword ---
[2025-12-11 20:12:42] [build-stdout] [INFO] 
[2025-12-11 20:12:42] [build-stdout] [INFO] --- maven-enforcer-plugin:1.4.1:enforce (enforce-jsr305) @ xwiki-rendering-transformation-wikiword ---
[2025-12-11 20:12:42] [build-stdout] [INFO] 
[2025-12-11 20:12:42] [build-stdout] [INFO] --- maven-enforcer-plugin:1.4.1:enforce (enforce-jta) @ xwiki-rendering-transformation-wikiword ---
[2025-12-11 20:12:42] [build-stdout] [INFO] 
[2025-12-11 20:12:42] [build-stdout] [INFO] --- maven-enforcer-plugin:1.4.1:enforce (enforce-jakarta.validation-api) @ xwiki-rendering-transformation-wikiword ---
[2025-12-11 20:12:42] [build-stdout] [INFO] 
[2025-12-11 20:12:42] [build-stdout] [INFO] --- maven-enforcer-plugin:1.4.1:enforce (enforce-hibernate-validator) @ xwiki-rendering-transformation-wikiword ---
[2025-12-11 20:12:42] [build-stdout] [INFO] 
[2025-12-11 20:12:42] [build-stdout] [INFO] --- maven-enforcer-plugin:1.4.1:enforce (enforce-upper-bounds) @ xwiki-rendering-transformation-wikiword ---
[2025-12-11 20:12:42] [build-stdout] [INFO] 
[2025-12-11 20:12:42] [build-stdout] [INFO] --- maven-enforcer-plugin:1.4.1:enforce (enforce-no-legacy-dependencies) @ xwiki-rendering-transformation-wikiword ---
[2025-12-11 20:12:42] [build-stdout] [INFO] 
[2025-12-11 20:12:42] [build-stdout] [INFO] --- maven-enforcer-plugin:1.4.1:enforce (enforce-valid-poms) @ xwiki-rendering-transformation-wikiword ---
[2025-12-11 20:12:42] [build-stdout] [INFO] 
[2025-12-11 20:12:42] [build-stdout] [INFO] --- maven-enforcer-plugin:1.4.1:enforce (enforce-platform-isolation) @ xwiki-rendering-transformation-wikiword ---
[2025-12-11 20:12:42] [build-stdout] [INFO] 
[2025-12-11 20:12:42] [build-stdout] [INFO] --- maven-enforcer-plugin:1.4.1:enforce (check-dependency-version) @ xwiki-rendering-transformation-wikiword ---
[2025-12-11 20:12:42] [build-stdout] [INFO] 
[2025-12-11 20:12:42] [build-stdout] [INFO] --- xwiki-commons-tool-remote-resource-plugin:14.6:process (xwiki-license-resources) @ xwiki-rendering-transformation-wikiword ---
[2025-12-11 20:12:42] [build-stdout] [INFO] Preparing remote bundle org.xwiki.commons:xwiki-commons-tool-license-resources:14.6
[2025-12-11 20:12:42] [build-stdout] [INFO] Copying 2 resources from 1 bundle.
[2025-12-11 20:12:42] [build-stdout] [INFO] 
[2025-12-11 20:12:42] [build-stdout] [INFO] --- maven-resources-plugin:3.2.0:resources (default-resources) @ xwiki-rendering-transformation-wikiword ---
[2025-12-11 20:12:42] [build-stdout] [INFO] Using 'UTF-8' encoding to copy filtered resources.
[2025-12-11 20:12:42] [build-stdout] [INFO] Using 'UTF-8' encoding to copy filtered properties files.
[2025-12-11 20:12:42] [build-stdout] [INFO] Copying 1 resource
[2025-12-11 20:12:42] [build-stdout] [INFO] Copying 2 resources
[2025-12-11 20:12:42] [build-stdout] [INFO] 
[2025-12-11 20:12:42] [build-stdout] [INFO] --- maven-compiler-plugin:3.10.1:compile (default-compile) @ xwiki-rendering-transformation-wikiword ---
[2025-12-11 20:12:42] [build-stdout] [INFO] Loaded from the build cache, saving 68ms
[2025-12-11 20:12:42] [build-stdout] [INFO] 
[2025-12-11 20:12:42] [build-stdout] [INFO] --- maven-bundle-plugin:5.1.6:manifest (bundle-manifest) @ xwiki-rendering-transformation-wikiword ---
[2025-12-11 20:12:42] [build-stdout] [INFO] No MANIFEST.MF file found, generating manifest.
[2025-12-11 20:12:42] [build-stdout] [INFO] Writing manifest: /data/iris_projects/xwiki__xwiki-rendering_CVE-2023-32070_14.6/xwiki-rendering-transformations/xwiki-rendering-transformation-wikiword/target/classes/META-INF/MANIFEST.MF
[2025-12-11 20:12:42] [build-stdout] [INFO] 
[2025-12-11 20:12:42] [build-stdout] [INFO] --- maven-resources-plugin:3.2.0:testResources (default-testResources) @ xwiki-rendering-transformation-wikiword ---
[2025-12-11 20:12:42] [build-stdout] [INFO] Using 'UTF-8' encoding to copy filtered resources.
[2025-12-11 20:12:42] [build-stdout] [INFO] Using 'UTF-8' encoding to copy filtered properties files.
[2025-12-11 20:12:42] [build-stdout] [INFO] skip non existing resourceDirectory /data/iris_projects/xwiki__xwiki-rendering_CVE-2023-32070_14.6/xwiki-rendering-transformations/xwiki-rendering-transformation-wikiword/src/test/resources
[2025-12-11 20:12:42] [build-stdout] [INFO] Copying 2 resources
[2025-12-11 20:12:42] [build-stdout] [INFO] 
[2025-12-11 20:12:42] [build-stdout] [INFO] --- maven-compiler-plugin:3.10.1:testCompile (default-testCompile) @ xwiki-rendering-transformation-wikiword ---
[2025-12-11 20:12:42] [build-stdout] [INFO] Loaded from the build cache, saving 114ms
[2025-12-11 20:12:42] [build-stdout] [INFO] 
[2025-12-11 20:12:42] [build-stdout] [INFO] --- maven-surefire-plugin:2.22.2:test (default-test) @ xwiki-rendering-transformation-wikiword ---
[2025-12-11 20:12:42] [build-stdout] [INFO] Tests are skipped.
[2025-12-11 20:12:42] [build-stdout] [INFO] Skipped
[2025-12-11 20:12:42] [build-stdout] [INFO] 
[2025-12-11 20:12:42] [build-stdout] [INFO] --- maven-jar-plugin:3.2.2:jar (default-jar) @ xwiki-rendering-transformation-wikiword ---
[2025-12-11 20:12:42] [build-stdout] [INFO] Building jar: /data/iris_projects/xwiki__xwiki-rendering_CVE-2023-32070_14.6/xwiki-rendering-transformations/xwiki-rendering-transformation-wikiword/target/xwiki-rendering-transformation-wikiword-14.6.jar
[2025-12-11 20:12:42] [build-stdout] [INFO] 
[2025-12-11 20:12:42] [build-stdout] [INFO] ------------------------------------------------------------------------
[2025-12-11 20:12:42] [build-stdout] [INFO] Building XWiki Rendering - Transformation - Link Checker 14.6
[2025-12-11 20:12:42] [build-stdout] [INFO] ------------------------------------------------------------------------
[2025-12-11 20:12:42] [build-stdout] [INFO] 
[2025-12-11 20:12:42] [build-stdout] [INFO] --- maven-clean-plugin:3.2.0:clean (default-clean) @ xwiki-rendering-transformation-linkchecker ---
[2025-12-11 20:12:42] [build-stdout] [INFO] Deleting /data/iris_projects/xwiki__xwiki-rendering_CVE-2023-32070_14.6/xwiki-rendering-transformations/xwiki-rendering-transformation-linkchecker/target
[2025-12-11 20:12:42] [build-stdout] [INFO] 
[2025-12-11 20:12:42] [build-stdout] [INFO] --- maven-enforcer-plugin:1.4.1:enforce (enforce-plugins) @ xwiki-rendering-transformation-linkchecker ---
[2025-12-11 20:12:42] [build-stdout] [INFO] 
[2025-12-11 20:12:42] [build-stdout] [INFO] --- maven-enforcer-plugin:1.4.1:enforce (enforce-jcl-log4j-isolation) @ xwiki-rendering-transformation-linkchecker ---
[2025-12-11 20:12:42] [build-stdout] [INFO] 
[2025-12-11 20:12:42] [build-stdout] [INFO] --- maven-enforcer-plugin:1.4.1:enforce (enforce-jakarta.xml.bind-api) @ xwiki-rendering-transformation-linkchecker ---
[2025-12-11 20:12:42] [build-stdout] [INFO] 
[2025-12-11 20:12:42] [build-stdout] [INFO] --- maven-enforcer-plugin:1.4.1:enforce (enforce-glasshfish-jaxb) @ xwiki-rendering-transformation-linkchecker ---
[2025-12-11 20:12:42] [build-stdout] [INFO] 
[2025-12-11 20:12:42] [build-stdout] [INFO] --- maven-enforcer-plugin:1.4.1:enforce (enforce-jaxrs1) @ xwiki-rendering-transformation-linkchecker ---
[2025-12-11 20:12:42] [build-stdout] [INFO] 
[2025-12-11 20:12:42] [build-stdout] [INFO] --- maven-enforcer-plugin:1.4.1:enforce (enforce-open-json) @ xwiki-rendering-transformation-linkchecker ---
[2025-12-11 20:12:42] [build-stdout] [INFO] 
[2025-12-11 20:12:42] [build-stdout] [INFO] --- maven-enforcer-plugin:1.4.1:enforce (enforce-glassfish-el) @ xwiki-rendering-transformation-linkchecker ---
[2025-12-11 20:12:42] [build-stdout] [INFO] 
[2025-12-11 20:12:42] [build-stdout] [INFO] --- maven-enforcer-plugin:1.4.1:enforce (enforce-commons-lang3) @ xwiki-rendering-transformation-linkchecker ---
[2025-12-11 20:12:42] [build-stdout] [INFO] 
[2025-12-11 20:12:42] [build-stdout] [INFO] --- maven-enforcer-plugin:1.4.1:enforce (enforce-commons-configuration2) @ xwiki-rendering-transformation-linkchecker ---
[2025-12-11 20:12:42] [build-stdout] [INFO] 
[2025-12-11 20:12:42] [build-stdout] [INFO] --- maven-enforcer-plugin:1.4.1:enforce (enforce-jakarta.activation-api) @ xwiki-rendering-transformation-linkchecker ---
[2025-12-11 20:12:42] [build-stdout] [INFO] 
[2025-12-11 20:12:42] [build-stdout] [INFO] --- maven-enforcer-plugin:1.4.1:enforce (enforce-jakarta.activation) @ xwiki-rendering-transformation-linkchecker ---
[2025-12-11 20:12:42] [build-stdout] [INFO] 
[2025-12-11 20:12:42] [build-stdout] [INFO] --- maven-enforcer-plugin:1.4.1:enforce (enforce-jakarta.mail-api) @ xwiki-rendering-transformation-linkchecker ---
[2025-12-11 20:12:42] [build-stdout] [INFO] 
[2025-12-11 20:12:42] [build-stdout] [INFO] --- maven-enforcer-plugin:1.4.1:enforce (enforce-jakarta.mail) @ xwiki-rendering-transformation-linkchecker ---
[2025-12-11 20:12:42] [build-stdout] [INFO] 
[2025-12-11 20:12:42] [build-stdout] [INFO] --- maven-enforcer-plugin:1.4.1:enforce (enforce-jakarta.annotation-api) @ xwiki-rendering-transformation-linkchecker ---
[2025-12-11 20:12:42] [build-stdout] [INFO] 
[2025-12-11 20:12:42] [build-stdout] [INFO] --- maven-enforcer-plugin:1.4.1:enforce (enforce-bouncycastle-ids) @ xwiki-rendering-transformation-linkchecker ---
[2025-12-11 20:12:42] [build-stdout] [INFO] 
[2025-12-11 20:12:42] [build-stdout] [INFO] --- maven-enforcer-plugin:1.4.1:enforce (enforce-velocity-engine-core) @ xwiki-rendering-transformation-linkchecker ---
[2025-12-11 20:12:42] [build-stdout] [INFO] 
[2025-12-11 20:12:42] [build-stdout] [INFO] --- maven-enforcer-plugin:1.4.1:enforce (enforce-asm) @ xwiki-rendering-transformation-linkchecker ---
[2025-12-11 20:12:43] [build-stdout] [INFO] 
[2025-12-11 20:12:43] [build-stdout] [INFO] --- maven-enforcer-plugin:1.4.1:enforce (enforce-cglib) @ xwiki-rendering-transformation-linkchecker ---
[2025-12-11 20:12:43] [build-stdout] [INFO] 
[2025-12-11 20:12:43] [build-stdout] [INFO] --- maven-enforcer-plugin:1.4.1:enforce (enforce-javase-dependencies) @ xwiki-rendering-transformation-linkchecker ---
[2025-12-11 20:12:43] [build-stdout] [INFO] 
[2025-12-11 20:12:43] [build-stdout] [INFO] --- maven-enforcer-plugin:1.4.1:enforce (enforce-jsr305) @ xwiki-rendering-transformation-linkchecker ---
[2025-12-11 20:12:43] [build-stdout] [INFO] 
[2025-12-11 20:12:43] [build-stdout] [INFO] --- maven-enforcer-plugin:1.4.1:enforce (enforce-jta) @ xwiki-rendering-transformation-linkchecker ---
[2025-12-11 20:12:43] [build-stdout] [INFO] 
[2025-12-11 20:12:43] [build-stdout] [INFO] --- maven-enforcer-plugin:1.4.1:enforce (enforce-jakarta.validation-api) @ xwiki-rendering-transformation-linkchecker ---
[2025-12-11 20:12:43] [build-stdout] [INFO] 
[2025-12-11 20:12:43] [build-stdout] [INFO] --- maven-enforcer-plugin:1.4.1:enforce (enforce-hibernate-validator) @ xwiki-rendering-transformation-linkchecker ---
[2025-12-11 20:12:43] [build-stdout] [INFO] 
[2025-12-11 20:12:43] [build-stdout] [INFO] --- maven-enforcer-plugin:1.4.1:enforce (enforce-upper-bounds) @ xwiki-rendering-transformation-linkchecker ---
[2025-12-11 20:12:43] [build-stdout] [INFO] 
[2025-12-11 20:12:43] [build-stdout] [INFO] --- maven-enforcer-plugin:1.4.1:enforce (enforce-no-legacy-dependencies) @ xwiki-rendering-transformation-linkchecker ---
[2025-12-11 20:12:43] [build-stdout] [INFO] 
[2025-12-11 20:12:43] [build-stdout] [INFO] --- maven-enforcer-plugin:1.4.1:enforce (enforce-valid-poms) @ xwiki-rendering-transformation-linkchecker ---
[2025-12-11 20:12:43] [build-stdout] [INFO] 
[2025-12-11 20:12:43] [build-stdout] [INFO] --- maven-enforcer-plugin:1.4.1:enforce (enforce-platform-isolation) @ xwiki-rendering-transformation-linkchecker ---
[2025-12-11 20:12:43] [build-stdout] [INFO] 
[2025-12-11 20:12:43] [build-stdout] [INFO] --- maven-enforcer-plugin:1.4.1:enforce (check-dependency-version) @ xwiki-rendering-transformation-linkchecker ---
[2025-12-11 20:12:43] [build-stdout] [INFO] 
[2025-12-11 20:12:43] [build-stdout] [INFO] --- xwiki-commons-tool-remote-resource-plugin:14.6:process (xwiki-license-resources) @ xwiki-rendering-transformation-linkchecker ---
[2025-12-11 20:12:43] [build-stdout] [INFO] Preparing remote bundle org.xwiki.commons:xwiki-commons-tool-license-resources:14.6
[2025-12-11 20:12:43] [build-stdout] [INFO] Copying 2 resources from 1 bundle.
[2025-12-11 20:12:43] [build-stdout] [INFO] 
[2025-12-11 20:12:43] [build-stdout] [INFO] --- maven-resources-plugin:3.2.0:resources (default-resources) @ xwiki-rendering-transformation-linkchecker ---
[2025-12-11 20:12:43] [build-stdout] [INFO] Using 'UTF-8' encoding to copy filtered resources.
[2025-12-11 20:12:43] [build-stdout] [INFO] Using 'UTF-8' encoding to copy filtered properties files.
[2025-12-11 20:12:43] [build-stdout] [INFO] Copying 1 resource
[2025-12-11 20:12:43] [build-stdout] [INFO] Copying 2 resources
[2025-12-11 20:12:43] [build-stdout] [INFO] 
[2025-12-11 20:12:43] [build-stdout] [INFO] --- maven-compiler-plugin:3.10.1:compile (default-compile) @ xwiki-rendering-transformation-linkchecker ---
[2025-12-11 20:12:43] [build-stdout] [INFO] Loaded from the build cache, saving 154ms
[2025-12-11 20:12:43] [build-stdout] [INFO] 
[2025-12-11 20:12:43] [build-stdout] [INFO] --- maven-bundle-plugin:5.1.6:manifest (bundle-manifest) @ xwiki-rendering-transformation-linkchecker ---
[2025-12-11 20:12:43] [build-stdout] [INFO] No MANIFEST.MF file found, generating manifest.
[2025-12-11 20:12:43] [build-stdout] [INFO] Writing manifest: /data/iris_projects/xwiki__xwiki-rendering_CVE-2023-32070_14.6/xwiki-rendering-transformations/xwiki-rendering-transformation-linkchecker/target/classes/META-INF/MANIFEST.MF
[2025-12-11 20:12:43] [build-stdout] [INFO] 
[2025-12-11 20:12:43] [build-stdout] [INFO] --- maven-resources-plugin:3.2.0:testResources (default-testResources) @ xwiki-rendering-transformation-linkchecker ---
[2025-12-11 20:12:43] [build-stdout] [INFO] Using 'UTF-8' encoding to copy filtered resources.
[2025-12-11 20:12:43] [build-stdout] [INFO] Using 'UTF-8' encoding to copy filtered properties files.
[2025-12-11 20:12:43] [build-stdout] [INFO] skip non existing resourceDirectory /data/iris_projects/xwiki__xwiki-rendering_CVE-2023-32070_14.6/xwiki-rendering-transformations/xwiki-rendering-transformation-linkchecker/src/test/resources
[2025-12-11 20:12:43] [build-stdout] [INFO] Copying 2 resources
[2025-12-11 20:12:43] [build-stdout] [INFO] 
[2025-12-11 20:12:43] [build-stdout] [INFO] --- maven-compiler-plugin:3.10.1:testCompile (default-testCompile) @ xwiki-rendering-transformation-linkchecker ---
[2025-12-11 20:12:43] [build-stdout] [INFO] Loaded from the build cache, saving 177ms
[2025-12-11 20:12:43] [build-stdout] [INFO] 
[2025-12-11 20:12:43] [build-stdout] [INFO] --- maven-surefire-plugin:2.22.2:test (default-test) @ xwiki-rendering-transformation-linkchecker ---
[2025-12-11 20:12:43] [build-stdout] [INFO] Tests are skipped.
[2025-12-11 20:12:43] [build-stdout] [INFO] Skipped
[2025-12-11 20:12:43] [build-stdout] [INFO] 
[2025-12-11 20:12:43] [build-stdout] [INFO] --- maven-jar-plugin:3.2.2:jar (default-jar) @ xwiki-rendering-transformation-linkchecker ---
[2025-12-11 20:12:43] [build-stdout] [INFO] Building jar: /data/iris_projects/xwiki__xwiki-rendering_CVE-2023-32070_14.6/xwiki-rendering-transformations/xwiki-rendering-transformation-linkchecker/target/xwiki-rendering-transformation-linkchecker-14.6.jar
[2025-12-11 20:12:43] [build-stdout] [INFO] ------------------------------------------------------------------------
[2025-12-11 20:12:43] [build-stdout] [INFO] Reactor Summary:
[2025-12-11 20:12:43] [build-stdout] [INFO] 
[2025-12-11 20:12:43] [build-stdout] [INFO] XWiki Rendering - Parent POM ....................... SUCCESS [  1.601 s]
[2025-12-11 20:12:43] [build-stdout] [INFO] XWiki Rendering - Api .............................. SUCCESS [  3.484 s]
[2025-12-11 20:12:43] [build-stdout] [INFO] XWiki Rendering - XML .............................. SUCCESS [  1.096 s]
[2025-12-11 20:12:43] [build-stdout] [INFO] XWiki Rendering - WikiModel ........................ SUCCESS [  2.638 s]
[2025-12-11 20:12:43] [build-stdout] [INFO] XWiki Rendering - Syntaxes - Parent POM ............ SUCCESS [  0.639 s]
[2025-12-11 20:12:43] [build-stdout] [INFO] XWiki Rendering - Syntax - XDOM+XML Current ........ SUCCESS [  0.795 s]
[2025-12-11 20:12:43] [build-stdout] [INFO] XWiki Rendering - Test Framework ................... SUCCESS [  1.691 s]
[2025-12-11 20:12:43] [build-stdout] [INFO] XWiki Rendering - Syntax - Event ................... SUCCESS [  1.375 s]
[2025-12-11 20:12:43] [build-stdout] [INFO] XWiki Rendering - Syntax - Plain ................... SUCCESS [  0.964 s]
[2025-12-11 20:12:43] [build-stdout] [INFO] XWiki Rendering - Syntax - WikiModel Bridge ........ SUCCESS [  1.027 s]
[2025-12-11 20:12:43] [build-stdout] [INFO] XWiki Rendering - Syntax - XWiki 2.0 ............... SUCCESS [  1.011 s]
[2025-12-11 20:12:43] [build-stdout] [INFO] XWiki Rendering - Syntax - XWiki 2.1 ............... SUCCESS [  1.022 s]
[2025-12-11 20:12:43] [build-stdout] [INFO] XWiki Rendering - Syntax - XHTML ................... SUCCESS [  1.046 s]
[2025-12-11 20:12:43] [build-stdout] [INFO] XWiki Rendering - Transformations - Parent POM ..... SUCCESS [  0.711 s]
[2025-12-11 20:12:43] [build-stdout] [INFO] XWiki Rendering - Transformation - Macro ........... SUCCESS [  0.849 s]
[2025-12-11 20:12:43] [build-stdout] [INFO] XWiki Rendering - Macro Archetype .................. SUCCESS [  1.437 s]
[2025-12-11 20:12:43] [build-stdout] [INFO] XWiki Rendering - Syntax - Annotated XHTML ......... SUCCESS [  1.122 s]
[2025-12-11 20:12:43] [build-stdout] [INFO] XWiki Rendering - Syntax - Doxia Bridge ............ SUCCESS [  1.417 s]
[2025-12-11 20:12:43] [build-stdout] [INFO] XWiki Rendering - Syntax - DocBook ................. SUCCESS [  1.184 s]
[2025-12-11 20:12:43] [build-stdout] [INFO] XWiki Rendering - Syntax - JSPWiki ................. SUCCESS [  0.866 s]
[2025-12-11 20:12:43] [build-stdout] [INFO] XWiki Rendering - Syntax - Creole .................. SUCCESS [  0.854 s]
[2025-12-11 20:12:43] [build-stdout] [INFO] XWiki Rendering - Syntax - TWiki ................... SUCCESS [  0.930 s]
[2025-12-11 20:12:43] [build-stdout] [INFO] XWiki Rendering - Syntax - HTML .................... SUCCESS [  0.905 s]
[2025-12-11 20:12:43] [build-stdout] [INFO] XWiki Rendering - Syntax - XHTML5 .................. SUCCESS [  0.909 s]
[2025-12-11 20:12:43] [build-stdout] [INFO] XWiki Rendering - Macros - Parent POM .............. SUCCESS [  0.728 s]
[2025-12-11 20:12:43] [build-stdout] [INFO] XWiki Rendering - Macro - Figure ................... SUCCESS [  0.802 s]
[2025-12-11 20:12:43] [build-stdout] [INFO] XWiki Rendering - Syntax - HTML5 ................... SUCCESS [  1.037 s]
[2025-12-11 20:12:43] [build-stdout] [INFO] XWiki Rendering - Syntax - XDOM+XML 1.0 ............ SUCCESS [  0.656 s]
[2025-12-11 20:12:43] [build-stdout] [INFO] XWiki Rendering - Macro - Box ...................... SUCCESS [  0.789 s]
[2025-12-11 20:12:43] [build-stdout] [INFO] XWiki Rendering - Integration Tests ................ SUCCESS [  0.877 s]
[2025-12-11 20:12:43] [build-stdout] [INFO] XWiki Rendering - Macro - Comment .................. SUCCESS [  0.755 s]
[2025-12-11 20:12:43] [build-stdout] [INFO] XWiki Rendering - Macro - Content .................. SUCCESS [  0.778 s]
[2025-12-11 20:12:43] [build-stdout] [INFO] XWiki Rendering - Macro - CTS Report ............... SUCCESS [  0.797 s]
[2025-12-11 20:12:43] [build-stdout] [INFO] XWiki Rendering - Macro - Message .................. SUCCESS [  0.874 s]
[2025-12-11 20:12:43] [build-stdout] [INFO] XWiki Rendering - Macro - Footnotes ................ SUCCESS [  0.786 s]
[2025-12-11 20:12:43] [build-stdout] [INFO] XWiki Rendering - Macro - Toc ...................... SUCCESS [  0.878 s]
[2025-12-11 20:12:43] [build-stdout] [INFO] XWiki Rendering - Syntax - Annotated HTML5 ......... SUCCESS [  1.011 s]
[2025-12-11 20:12:43] [build-stdout] [INFO] XWiki Rendering - Macro - HTML ..................... SUCCESS [  1.078 s]
[2025-12-11 20:12:43] [build-stdout] [INFO] XWiki Rendering - Macro - Id ....................... SUCCESS [  0.868 s]
[2025-12-11 20:12:43] [build-stdout] [INFO] XWiki Rendering - Macro - Raw ...................... SUCCESS [  0.839 s]
[2025-12-11 20:12:43] [build-stdout] [INFO] XWiki Rendering - Syntax - APT ..................... SUCCESS [  0.933 s]
[2025-12-11 20:12:43] [build-stdout] [INFO] XWiki Rendering - Transformation - Icon ............ SUCCESS [  0.699 s]
[2025-12-11 20:12:43] [build-stdout] [INFO] XWiki Rendering - Transformation - WikiWord ........ SUCCESS [  0.693 s]
[2025-12-11 20:12:43] [build-stdout] [INFO] XWiki Rendering - Transformation - Link Checker .... SUCCESS [  0.852 s]
[2025-12-11 20:12:43] [build-stdout] [INFO] ------------------------------------------------------------------------
[2025-12-11 20:12:43] [build-stdout] [INFO] BUILD SUCCESS
[2025-12-11 20:12:43] [build-stdout] [INFO] ------------------------------------------------------------------------
[2025-12-11 20:12:43] [build-stdout] [INFO] Total time: 48.147 s
[2025-12-11 20:12:43] [build-stdout] [INFO] Finished at: 2025-12-11T20:12:43Z
[2025-12-11 20:12:43] [build-stdout] [INFO] Final Memory: 107M/480M
[2025-12-11 20:12:43] [build-stdout] [INFO] ------------------------------------------------------------------------
[2025-12-11 20:12:43] [build-stdout] [INFO] 1622 goals, 1543 executed, 79 from cache, saving at least 12s
Finalizing database at /data/codeql_db/xwiki__xwiki-rendering_CVE-2023-32070_14.6.
CodeQL detected code written in Java/Kotlin but could not process any of it. This can occur if the specified build commands failed to compile or process any code.
 - Confirm that there is some source code for the specified language in the project.
 - For codebases written in Go, JavaScript, TypeScript, and Python, do not specify 
   an explicit --command.
 - For other languages, the --command must specify a "clean" build which compiles 
   all the source code files without reusing existing build artefacts.
Maven path set to: /home/agent/iris/data/cwe-bench-java/java-env/apache-maven-3.5.0/bin
JAVA_HOME set to: /home/agent/iris/data/cwe-bench-java/java-env/jdk-17.0.12

Environment variables for CodeQL database creation:
PATH: /home/agent/iris/data/cwe-bench-java/java-env/jdk-17.0.12/bin:/home/agent/iris/data/cwe-bench-java/java-env/apache-maven-3.5.0/bin:/home/agent/iris/codeql:/home/agent/tools/apache-maven-3.9.6/bin:/home/agent/tools/apache-maven-3.9.9/bin:/home/agent/.local/bin:/usr/local/cuda-13.0/bin:/usr/local/miniconda3/bin:/usr/local/miniconda3/condabin:/home/agent/.vscode-server/cli/servers/Stable-7d842fb85a0275a4a8e4d7e040d2625abbf7f084/server/bin/remote-cli:/home/agent/.local/bin:/usr/local/cuda-12.8/bin:/usr/local/miniconda3/bin:/usr/local/sbin:/usr/local/bin:/usr/sbin:/usr/bin:/sbin:/bin:/usr/games:/usr/local/games:/snap/bin:/home/agent/.vscode-server/extensions/ms-python.debugpy-2025.16.0-linux-x64/bundled/scripts/noConfigScripts:/home/agent/.vscode-server/data/User/globalStorage/github.copilot-chat/debugCommand:/home/agent/opt/clashctl/bin
JAVA_HOME: /home/agent/iris/data/cwe-bench-java/java-env/jdk-17.0.12

Java version check:
java version "17.0.12" 2024-07-16 LTS
Java(TM) SE Runtime Environment (build 17.0.12+8-LTS-286)
Java HotSpot(TM) 64-Bit Server VM (build 17.0.12+8-LTS-286, mixed mode, sharing)

Creating database at: /data/codeql_db/xwiki__xwiki-rendering_CVE-2023-32070_14.6
Using source path: /data/iris_projects/xwiki__xwiki-rendering_CVE-2023-32070_14.6
Using JAVA_HOME: /home/agent/iris/data/cwe-bench-java/java-env/jdk-17.0.12
Running command: codeql database create /data/codeql_db/xwiki__xwiki-rendering_CVE-2023-32070_14.6 --source-root /data/iris_projects/xwiki__xwiki-rendering_CVE-2023-32070_14.6 --language java --overwrite --command mvn -Denforcer.skip -Dmaven.compiler.fork=true clean package -DskipTests
Error creating CodeQL database for xwiki__xwiki-rendering_CVE-2023-32070_14.6: Command '['codeql', 'database', 'create', '/data/codeql_db/xwiki__xwiki-rendering_CVE-2023-32070_14.6', '--source-root', '/data/iris_projects/xwiki__xwiki-rendering_CVE-2023-32070_14.6', '--language', 'java', '--overwrite', '--command', 'mvn -Denforcer.skip -Dmaven.compiler.fork=true clean package -DskipTests']' returned non-zero exit status 32.
Retrying with fallback Maven flags to disable build cache and force javac fork:
Running command: codeql database create /data/codeql_db/xwiki__xwiki-rendering_CVE-2023-32070_14.6 --source-root /data/iris_projects/xwiki__xwiki-rendering_CVE-2023-32070_14.6 --language java --overwrite --command mvn -Denforcer.skip -Dmaven.compiler.fork=true -DbuildCache.skip=true -Dmaven.build.cache.skip=true clean package -DskipTests
Fallback attempt also failed: Command '['codeql', 'database', 'create', '/data/codeql_db/xwiki__xwiki-rendering_CVE-2023-32070_14.6', '--source-root', '/data/iris_projects/xwiki__xwiki-rendering_CVE-2023-32070_14.6', '--language', 'java', '--overwrite', '--command', 'mvn -Denforcer.skip -Dmaven.compiler.fork=true -DbuildCache.skip=true -Dmaven.build.cache.skip=true clean package -DskipTests']' returned non-zero exit status 32.
Traceback (most recent call last):
  File "/home/agent/iris/scripts/build_codeql_dbs.py", line 241, in <module>
    main()
    ~~~~^^
  File "/home/agent/iris/scripts/build_codeql_dbs.py", line 223, in main
    create_codeql_database(project['project_slug'], env, args.db_path, args.sources_path, project)
    ~~~~~~~~~~~~~~~~~~~~~~^^^^^^^^^^^^^^^^^^^^^^^^^^^^^^^^^^^^^^^^^^^^^^^^^^^^^^^^^^^^^^^^^^^^^^^^
  File "/home/agent/iris/scripts/build_codeql_dbs.py", line 158, in create_codeql_database
    subprocess.run(command, env=env, check=True)
    ~~~~~~~~~~~~~~^^^^^^^^^^^^^^^^^^^^^^^^^^^^^^
  File "/usr/local/miniconda3/lib/python3.13/subprocess.py", line 577, in run
    raise CalledProcessError(retcode, process.args,
                             output=stdout, stderr=stderr)
subprocess.CalledProcessError: Command '['codeql', 'database', 'create', '/data/codeql_db/xwiki__xwiki-rendering_CVE-2023-32070_14.6', '--source-root', '/data/iris_projects/xwiki__xwiki-rendering_CVE-2023-32070_14.6', '--language', 'java', '--overwrite', '--command', 'mvn -Denforcer.skip -Dmaven.compiler.fork=true clean package -DskipTests']' returned non-zero exit status 32.
